# rec 0 class 0 nop 10 nob 25 draws 407 float 210
0 0 1 -1 2.3736477827122884 30.852999839782715 -0.024 0.0045999999999999999 0.99950000000000006 0.0060119999999999991 33.344744725227351 0
0 1 1 -1 2.2514747350726849 53.255999679565427 0.040000000000000001 -0.0482 0.98650000000000004 0.0078479999999999991 63.97450135782718 0
0 2 3 -1 2.5830872929516078 104.84499919891357 0.114 -0.091399999999999995 0.97299999999999998 0.024683999999999998 146.97757050955713 0
0 3 3 -1 0.99483767363676789 207.29999839782715 -0.63 -0.34739999999999999 0.92449999999999999 0.026531999999999997 274.76490361130374 0
0 4 8 -1 3.5430183815484888 331.02099727630616 -3.3999999999999999 -0.19980000000000001 0.99399999999999999 0.032975999999999998 516.17284986092591 0
0 5 6 -1 3.9269908169872414 507.85799583435056 0 -0.1348 0.999 0.13670399999999999 1103.9393151709382 0.30758399999999997
0 6 3 -1 3.4906585039886591 720.8209940719604 -5.7220000000000004 0.38940000000000002 0.67700000000000005 0.028643999999999996 2056.4852040654068 0
0 7 2 -1 3.6128315516282621 984.66999198913572 5.5839999999999996 0.81659999999999999 0.52349999999999997 0.022679999999999999 4617.0459852252998 0
0 8 1 -1 6.1086523819801535 1282.5049895858765 16.274000000000001 0.049399999999999999 0.51649999999999996 0.0066600000000000001 8730.1236432940841 0
0 9 1 -1 3.8571776469074681 1597.2059868621827 25.622 -1.6077999999999999 0.317 0.0084599999999999988 12391.363604427563 0
0 10 1 2 1.064650843716541 0.10400000000000001 0 0 1 0.0048060000000000004 0.26255877119999999 0
0 11 1 2 0.82030474843733492 0.28500000000000003 -0.02 0 1 0.0046440000000000006 0.73297720151040002 0
0 12 1 2 2.8972465583105871 0.25800000000000001 0 0 1 0.0058590000000000005 1.27870389339264 0
0 13 1 3 3.6477381366681487 1.032 -0.12 0 1 0.0037530000000000003 0.24282086399999997 0
0 14 1 3 0.75049157835756175 1.2950000000000002 0.02 0.002 1 0.0055080000000000007 0.52826443084800001 0
0 15 5 3 5.4105206811824216 1.7340000000000002 -0.059999999999999998 -0.012 1 0.016992 1.2350927230709761 0
0 16 1 4 2.0943951023931953 0.57399999999999995 -0.040000000000000001 0.0040000000000000001 1 0.004725 0.470633472 0
0 17 1 4 2.0769418098732522 0.82999999999999996 0.02 -0.0040000000000000001 1 0.0044550000000000006 1.077520610304 0
0 18 1 4 1.1519173063162575 1.218 0.080000000000000002 -0.002 1 0.0031320000000000002 1.700323059428352 0
0 19 2 5 0.54105206811824214 0.91200000000000003 -0.02 0.014 1 0.018810000000000004 2.0192821248000001 0
0 20 1 5 4.6949356878647466 1.2949999999999999 -0.10000000000000001 0 1 0.0057780000000000001 3.4637967654912001 0
0 21 1 6 5.1312680008633285 1.504 -0.080000000000000002 -0.002 1 0.0044550000000000006 0.41027374079999995 0
0 22 5 7 5.3756140961425354 1.6679999999999999 0.080000000000000002 -0.0060000000000000001 1 0.012312 0.29727129600000002 0
0 23 0 8 2.0071286397934789 3.8000000000000003 0.26000000000000001 -0.029999999999999999 0.99950000000000006 0.0078750000000000018 0.090959616000000007 0
0 24 1 9 5.8468529941810043 4.1240000000000006 -0.059999999999999998 0.028000000000000001 1 0.0041850000000000004 0.10558079999999999 0
# rec 1 class 0 nop 3 nob 3 draws 59 float 27
1 0 5 -1 5.9515727493006638 21.862000389099123 -0.040000000000000001 0 0.99750000000000005 0.020063999999999999 36.233280715942378 0
1 1 5 -1 5.98647933434055 55.864000778198239 -0.23200000000000001 0.050200000000000002 0.97299999999999998 0.021887999999999998 66.014936984405523 0
1 2 3 -1 2.3212879051524582 110.6500019454956 -0.85599999999999998 0.071999999999999995 0.95550000000000002 0.029567999999999997 147.0892897818938 0
# rec 2 class 0 nop 8 nob 25 draws 392 float 208
2 0 6 -1 4.3982297150257104 19.789999542236327 0.104 0.024199999999999999 0.99850000000000005 0.16742399999999999 31.063199081420898 0.25113599999999997
2 1 2 -1 0.19198621771937624 43.199999084472658 0.23000000000000001 0.050599999999999999 0.97950000000000004 0.02196 51.518057676544188 0
2 2 6 -1 5.2185344634630457 89.519997711181645 0.434 0.105 0.99450000000000005 0.131328 106.43039338711517 0.29548799999999997
2 3 9 -1 4.1713369122664474 163.46999542236327 -2.992 -0.23960000000000001 0.96550000000000002 0.40049999999999997 227.91515999445139 0
2 4 8 -1 4.6949356878647466 276.35999221801757 3.1880000000000002 -0.26640000000000003 0.87649999999999995 0.033264000000000002 494.08311926427689 0
2 5 1 -1 5.2883476335428181 407.30998809814452 6.8140000000000001 0.37359999999999999 0.79849999999999999 0.008208 913.38968042484737 0
2 6 6 -1 1.1868238913561442 582.87998306274415 -2.8420000000000001 0.54900000000000004 0.98250000000000004 0.142848 1750.2888301761677 0
2 7 5 -1 4.6425758103049164 785.64997711181638 4.9100000000000001 0.2676 0.76100000000000001 0.017951999999999999 3694.1011386621735 0
2 8 3 2 4.8171087355043491 0.35400000000000004 0 0 1 0.021681000000000002 1.3767376895999999 0
2 9 0 2 0.73303828583761843 0.32000000000000001 0 0 1 0.011592000000000002 3.1280640196607998 0
2 10 2 2 5.2534410485029319 0.50800000000000001 0 0.0040000000000000001 1 0.017100000000000001 6.8662381212794878 0
2 11 8 2 3.961897402027128 0.82800000000000007 0.12 0.0080000000000000002 1 0.025272000000000003 8.1593474679598916 0
2 12 2 2 2.1293016874330819 1.3100000000000001 -0.10000000000000001 0.016 1 0.01593 9.2191564184848325 0
2 13 2 2 1.0471975511965976 1.8940000000000001 0.059999999999999998 0.025999999999999999 0.99950000000000006 0.02223 8.8586947522828261 0
2 14 1 2 4.8694686130641793 2.6100000000000003 -0.10000000000000001 -0.029999999999999999 1 0.0044010000000000004 9.2541316061405592 0
2 15 3 3 1.8849555921538759 0.39400000000000002 0 0.0040000000000000001 1 0.019205999999999997 5.2032959999999999 0
2 16 1 3 3.3335788713091694 0.53000000000000003 0.040000000000000001 -0.0040000000000000001 1 0.0048600000000000006 9.5756281919999999 0
2 17 2 3 3.839724354387525 0.85799999999999998 0.02 -0.0060000000000000001 1 0.01917 17.317632047040004 0
2 18 1 4 2.3561944901923448 0.36199999999999999 0.040000000000000001 0 1 0.0052110000000000004 0.42875965440000002 0
2 19 5 6 3.9793506945470716 0.876 0 0.002 1 0.012959999999999999 1.8065129472000001 0
2 20 5 6 3.961897402027128 0.95000000000000007 0 -0.0060000000000000001 1 0.010224 4.1293229064192003 0
2 21 4 6 3.6826447217080354 1.252 0.040000000000000001 0.0060000000000000001 1 0.019799999999999998 8.3388477323870216 0
2 22 1 6 5.3058009260627621 2.3919999999999999 0.080000000000000002 0 0.99950000000000006 0.0034290000000000002 8.5458281819680018 0
2 23 1 7 3.001966313430247 0.77400000000000002 0.02 0.0040000000000000001 1 0.0046710000000000007 0.24885780480000003 0
2 24 1 7 1.4137166941154069 0.76500000000000012 -0.02 0.002 1 0.0068580000000000004 0.57197886873600001 0
# rec 3 class 0 nop 9 nob 15 draws 260 float 129
3 0 2 -1 2.1293016874330819 28.403999633789063 0.184 -0.030200000000000001 0.99399999999999999 0.029160000000000002 34.567799377441403 0
3 1 2 -1 1.8325957145940461 60.467999267578122 0.059999999999999998 -0.0014 0.98099999999999998 0.021840000000000002 67.362473986816397 0
3 2 1 -1 0.3490658503988659 116.06999816894532 0.71199999999999997 0.12759999999999999 0.96899999999999997 0.0066600000000000001 144.10530939189451 0
3 3 1 -1 4.0142572795869578 214.87999633789062 -2.7200000000000002 0.1108 0.90949999999999998 0.008208 253.89250300624124 0
3 4 3 -1 1.2740903539558606 355.10799377441407 0.29399999999999998 0.28599999999999998 0.82650000000000001 0.027983999999999995 557.83989898388381 0
3 5 2 -1 4.2935099599060509 530.31399047851562 2.9940000000000002 0.37459999999999999 0.85050000000000003 0.027719999999999998 971.57560588097397 0
3 6 3 -1 2.2165681500327987 767.20798645019534 4.2839999999999998 0.0055999999999999999 0.90349999999999997 0.026135999999999996 2003.3998159064095 0
3 7 1 -1 3.4033920413889427 1027.5899816894532 -1.518 -0.72760000000000002 0.93799999999999994 0.0089639999999999997 4493.6299135452564 0
3 8 2 -1 0.59341194567807209 1335.779976196289 -12.654 0.40260000000000001 0.59150000000000003 0.025679999999999998 7430.3085612987152 0.038519999999999999
3 9 1 5 4.5204027626653138 0.75600000000000012 0.02 -0.002 1 0.0055620000000000001 0.35588044800000002 0
3 10 1 6 0.12217304763960307 0.128 0 0 1 0.0054269999999999995 0.38773278719999998 0
3 11 1 6 0.57595865315812877 0.19 0 0 1 0.0038610000000000003 0.87178421975039988 0
3 12 5 6 1.0297442586766545 0.26600000000000001 0 0.002 1 0.014112 2.0148890679853051 0
3 13 5 7 6.003932626860494 0.72999999999999998 0 0 1 0.015624000000000001 0.1207056384 0
3 14 7 8 3.8746309394274117 2.202 -0.080000000000000002 0.0080000000000000002 0.99950000000000006 0.017333999999999999 0.32771788800000001 0
# rec 4 class 0 nop 8 nob 26 draws 409 float 216
4 0 4 -1 6.0911990894602104 29.823999862670899 0.152 -0.032000000000000001 0.997 0.026879999999999998 34.770779743194581 0
4 1 6 -1 4.5378560551852569 52.567999725341799 0.11600000000000001 0.0089999999999999993 0.99850000000000005 0.094463999999999992 58.921658444824217 0
4 2 4 -1 5.7072266540214578 105.4499993133545 -0.95599999999999996 0.055 0.97499999999999998 0.015960000000000002 110.9673697836319 0
4 3 3 -1 5.3930673886624785 193.65999862670898 -0.64400000000000002 -0.1234 0.91700000000000004 0.026927999999999997 261.80693640221619 0.060587999999999996
4 4 5 -1 5.742133239061344 326.99799766540525 -0.84399999999999997 -0.26000000000000001 0.97899999999999998 0.026112 465.61951251970601 0
4 5 9 -1 4.782202150464463 484.47399642944333 6.9859999999999998 -0.81059999999999999 0.97850000000000004 0.28499999999999998 1102.7223138810714 0
4 6 8 -1 5.98647933434055 695.61799491882323 -4.8280000000000003 -1.0074000000000001 0.90900000000000003 0.035423999999999997 2243.4572476126982 0
4 7 1 -1 5.0614548307835561 946.44999313354492 10.226000000000001 -0.12620000000000001 0.70199999999999996 0.0045719999999999997 4184.2873994318661 0.013715999999999999
4 8 5 4 2.7227136331111539 1.726 -0.17999999999999999 -0.01 1 0.014616000000000001 0.28343009279999998 0
4 9 8 5 5.2185344634630457 0.16200000000000001 0 0 1 0.019547999999999999 3.8522879999999993 0
4 10 2 5 1.4660765716752369 0.185 0 0 1 0.016830000000000001 5.2051998719999997 0
4 11 4 5 1.5707963267948966 0.54400000000000004 -0.059999999999999998 0.002 1 0.01485 14.408023246847998 0
4 12 1 5 0.55850536063818546 0.63900000000000001 0.040000000000000001 0 1 0.0060210000000000003 15.517034461243391 0
4 13 2 5 4.8345620280242931 1.0900000000000001 -0.040000000000000001 -0.0040000000000000001 1 0.018630000000000001 16.394273765752789 0
4 14 6 5 2.1642082724729685 1.577 0 0.012 1 0.15321600000000002 22.866287176374346 0
4 15 1 5 6.0562925044203233 2.1400000000000001 -0.02 -0.02 1 0.0044550000000000006 24.179934188640182 0
4 16 2 5 5.6723200689815707 2.859 0.16 0.024 0.99950000000000006 0.018270000000000002 17.932015659497285 0
4 17 2 5 5.5152404363020811 3.5139999999999998 -0.38 0.02 1 0.018810000000000004 31.012823349245235 0
4 18 5 5 2.5481807079117211 4.4749999999999996 -0.35999999999999999 -0.028000000000000001 1 0.01332 29.198130142980826 0
4 19 2 5 1.9896753472735358 5.5620000000000003 0 -0.02 1 0.02052 23.321233560025682 0
4 20 1 5 1.6406094968746698 6.6849999999999996 -1.0600000000000001 0.002 0.99950000000000006 0.0035910000000000004 26.544979224326795 0
4 21 5 5 6.1784655520599268 7.9239999999999995 0.23999999999999999 -0.028000000000000001 0.99850000000000005 0.015047999999999999 23.857267705937826 0
4 22 2 5 4.9392817831439526 9.2889999999999997 0.26000000000000001 -0.085999999999999993 0.999 0.016560000000000002 34.879734532459629 0
4 23 2 5 3.4557519189487724 10.65 -0.28000000000000003 -0.059999999999999998 0.99850000000000005 0.014220000000000002 32.037880222348385 0
4 24 5 5 4.5727626402251431 12.057 0.20000000000000001 -0.016 0.99950000000000006 0.019728000000000002 27.352597633007523 0
4 25 5 7 1.2915436464758039 1.6500000000000001 -0.17999999999999999 -0.016 1 0.011592000000000002 0.040028774400000001 0
# rec 5 class 0 nop 6 nob 17 draws 271 float 142
5 0 8 -1 5.6199601914217414 26.574000205993652 -0.20999999999999999 0.0166 0.99850000000000005 0.023903999999999998 24.831420335769653 0.071711999999999998
5 1 1 -1 6.0911990894602104 42.968000411987305 0.34999999999999998 -0.0077999999999999996 0.98650000000000004 0.007415999999999999 52.481384609651556 0
5 2 5 -1 0.15707963267948966 77.930001029968267 -0.41999999999999998 -0.0035999999999999999 0.97899999999999998 0.024672000000000003 108.45416238491362 0
5 3 8 -1 2.7401669256310974 152.37000205993652 1.9239999999999999 -0.18279999999999999 0.97199999999999998 0.026495999999999999 223.40407179872969 0
5 4 3 -1 4.2411500823462207 264.48800350189208 -2.1440000000000001 -0.2452 0.99750000000000005 0.031812 454.11628624864466 0
5 5 6 -1 2.4609142453120048 406.34400535583495 -3.2360000000000002 -0.1474 0.81100000000000005 0.16358399999999998 1018.4242152763026 0
5 6 5 2 1.9547687622336491 0.45400000000000001 -0.02 0 1 0.016487999999999999 0.26401013760000003 0
5 7 1 2 0.38397243543875248 0.32500000000000001 0.02 0 1 0.0062910000000000006 0.47022731919360006 0
5 8 1 4 0.87266462599716477 1.0640000000000001 0.040000000000000001 0.002 1 0.0067229999999999998 0.40190008320000004 0
5 9 5 4 3.3161255787892263 1.165 0 0.0080000000000000002 1 0.015624000000000001 0.873821177856 0
5 10 1 5 3.1939525311496229 0.89999999999999991 0.02 0.0040000000000000001 1 0.0044010000000000004 1.9577733119999998 0
5 11 2 5 2.6179938779914944 1.0699999999999998 -0.080000000000000002 -0.0060000000000000001 1 0.01404 4.140784779264 0
5 12 2 5 5.026548245743669 2.1799999999999997 -0.040000000000000001 0.017999999999999999 0.99950000000000006 0.019980000000000001 10.46992974623539 0
5 13 5 5 1.7627825445142729 4.29 -0.22 0.012 0.99950000000000006 0.013248000000000001 11.262999234088198 0
5 14 3 5 2.9670597283903604 5.6699999999999999 0.12 -0.024 1 0.016829999999999998 12.301638251780323 0
5 15 0 5 6.1086523819801535 9.0199999999999996 0.29999999999999999 -0.058000000000000003 0.99850000000000005 0.010773 11.282178269028035 0
5 16 3 5 4.0142572795869578 11.809999999999999 0.95999999999999996 -0.058000000000000003 0.997 0.020393999999999999 13.780377621665231 0
# rec 6 class 2 nop 1 nob 1 draws 19 float 9
6 0 6 -1 1.3439035240356338 16.790000021457672 -0.0080000000000000002 -0.0011999999999999999 1 0.16127999999999998 46.144800066947937 0.24191999999999997
# rec 7 class 0 nop 2 nob 2 draws 41 float 18
7 0 6 -1 5.0789081233034992 33.410000572204588 0.002 -0.0097999999999999997 0.98399999999999999 0.118272 27.724000911712647 0
7 1 5 -1 5.1661745859032155 37.460001144409176 -0.17999999999999999 -0.0022000000000000001 0.98450000000000004 0.021408 50.030569645271306 0
# rec 8 class 9 nop 16 nob 80 draws 1261 float 656
8 0 9 -1 0.73303828583761843 26.049000492095946 0.025999999999999999 -0.016799999999999999 0.99850000000000005 0.36899999999999999 27.346655924320221 0.83024999999999993
8 1 9 -1 5.2883476335428181 37.088000984191893 -0.34000000000000002 0.030200000000000001 0.98550000000000004 0.29249999999999998 58.476007091495987 0.65812499999999996
8 2 0 -1 3.595378259108319 76.015002460479735 -0.96199999999999997 0.0091999999999999998 0.97099999999999997 0.020916000000000001 107.99599822309257 0.062747999999999998
8 3 6 -1 0.17453292519943295 151.24000492095948 1.444 0.0562 0.98150000000000004 0.201984 208.05181360435151 0.30297600000000002
8 4 9 -1 1.3962634015954636 253.1030083656311 -1.8979999999999999 0.063 0.99750000000000005 0.38700000000000001 433.37977874969829 0
8 5 9 -1 5.5850536063818543 387.41401279449462 4.4199999999999999 0.57240000000000002 0.87350000000000005 0.27750000000000002 1089.0058273414211 0.62437500000000001
8 6 6 -1 0.017453292519943295 545.78301820755007 2.9700000000000002 0.22220000000000001 0.73099999999999998 0.152832 1987.4915033896302 0.22924800000000001
8 7 1 -1 3.5604716740684323 733.2900246047974 -0.81599999999999995 -0.40699999999999997 0.8155 0.0083160000000000005 3656.5556915989337 0
8 8 6 -1 1.5882496193148399 948.44503198623659 -2.7040000000000002 0.098799999999999999 0.89649999999999996 0.15667200000000001 7683.679096064021 0
8 9 1 -1 0.97738438111682457 1206.8080403518677 -5.9000000000000004 1.6981999999999999 0.54500000000000004 0.0094320000000000011 10164.860557275522 0
8 10 9 -1 1.3089969389957472 1474.1790497016907 -6.9020000000000001 2.0672000000000001 0.78749999999999998 0.26250000000000001 13350.807273553773 0.39375000000000004
8 11 6 -1 3.1764992386296798 1789.8580600357056 -11.606 -0.83120000000000005 0.96750000000000003 0.13747200000000001 14832.291640276784 0
8 12 6 -1 0.76794487087750496 2111.1950713539122 -23.152000000000001 -0.76819999999999999 0.074499999999999997 0.16127999999999998 17117.06478362883 0
8 13 1 -1 4.0142572795869578 2480.1500836563109 -6.1680000000000001 -1.841 0.086999999999999994 0.0078119999999999995 21120.033202682247 0
8 14 9 -1 6.213372137099813 2868.3230969429014 9.9440000000000008 3.2454000000000001 0.14999999999999999 0.41100000000000003 33317.905156098932 0
8 15 1 -1 5.0789081233034992 3301.2841112136839 -33.173999999999999 -1.5524 0.23849999999999999 0.0071279999999999998 29881.235101395701 0
8 16 5 3 3.351032163829113 0.20000000000000001 0 0 1 0.015191999999999999 2.7301773312000002 0
8 17 5 3 4.8869219055841224 0.26000000000000001 0.02 0 1 0.015336000000000001 5.2092610805760007 0
8 18 1 3 0.12217304763960307 0.48000000000000004 0.02 0.0040000000000000001 1 0.003375 10.935302122635266 0
8 19 1 3 0.52359877559829882 0.58000000000000007 0 -0.0040000000000000001 1 0.0048060000000000004 14.003253652060312 0
8 20 4 3 3.839724354387525 1.0700000000000001 0.080000000000000002 0 1 0.01737 13.652634907786865 0
8 21 5 3 2.4434609527920612 1.55 0.040000000000000001 -0.01 1 0.016344000000000001 15.943876871344935 0
8 22 8 3 4.2062434973063345 2.02 -0.059999999999999998 0.021999999999999999 1 0.025704000000000001 18.024908054456464 0
8 23 4 3 3.473205211468716 2.5500000000000003 0.20000000000000001 -0.034000000000000002 0.99950000000000006 0.013590000000000001 17.424219800401676 0
8 24 8 3 6.1086523819801535 3.4200000000000004 0.14000000000000001 0.040000000000000001 0.999 0.016200000000000003 23.284647270413544 0
8 25 8 3 0.4537856055185257 4.3300000000000001 0.32000000000000001 -0.053999999999999999 0.999 0.022032000000000003 24.971760696539608 0
8 26 2 3 4.066617157146788 5.2200000000000006 -0.73999999999999999 0.025999999999999999 0.999 0.013860000000000001 19.330179949073216 0
8 27 5 3 0.66322511575784526 6.1600000000000001 0.16 -0.084000000000000005 0.99750000000000005 0.01008 20.803391989881906 0
8 28 5 3 1.064650843716541 7.3600000000000003 -0.29999999999999999 0.024 0.99950000000000006 0.016632000000000001 22.779640588595058 0
8 29 5 3 2.5481807079117211 8.6799999999999997 -1.2 -0.012 0.99850000000000005 0.01512 25.741125648157141 0
8 30 1 3 6.2657320146596431 10.050000000000001 0.41999999999999998 0.021999999999999999 0.999 0.0051570000000000001 22.741303551519611 0
8 31 8 4 4.2062434973063345 0.39400000000000002 0.02 0 1 0.012096000000000001 6.6378240000000002 0
8 32 2 4 1.6929693744344996 0.38500000000000006 0.02 0 1 0.026100000000000002 11.197315584 0
8 33 4 4 0.95993108859688125 0.48800000000000004 0 0.002 1 0.01602 17.729639396351999 0
8 34 0 4 6.1959188445798699 0.85300000000000009 0.040000000000000001 0.0040000000000000001 1 0.012663000000000001 21.602428902124458 0
8 35 2 4 1.9373154697137058 1.2800000000000002 -0.040000000000000001 -0.002 1 0.02043 26.573295795303391 0
8 36 4 4 1.2566370614359172 2.0290000000000004 0.059999999999999998 0.002 0.99950000000000006 0.021239999999999998 31.741094306612201 0
8 37 4 4 1.6755160819145565 2.9600000000000004 0.40000000000000002 -0.0060000000000000001 1 0.023040000000000001 31.12469576202643 0
8 38 0 4 1.7627825445142729 3.9130000000000003 0.69999999999999996 0.059999999999999998 1 0.013608 32.390362536716211 0
8 39 2 5 2.8448866807507573 0.99399999999999999 0.02 0.002 1 0.017010000000000001 3.3601920000000005 0
8 40 1 5 0.73303828583761843 0.995 -0.059999999999999998 0.014 1 0.0050490000000000005 6.767035968000001 0
8 41 1 5 3.8920842319473548 1.1679999999999999 -0.080000000000000002 0 1 0.0071550000000000008 12.954228885696002 0
8 42 5 5 5.0789081233034992 1.8030000000000002 0 -0.002 1 0.014112 14.807190842123584 0
8 43 1 5 1.2042771838760873 3.0300000000000002 0.059999999999999998 -0.002 0.999 0.0051840000000000002 17.197714917027071 0
8 44 5 5 2.0943951023931953 4.7389999999999999 0.12 0.021999999999999999 0.99850000000000005 0.015191999999999999 20.523972758910599 0
8 45 0 5 1.5358897417550099 6.2700000000000005 -0.95999999999999996 0.029999999999999999 0.99750000000000005 0.0086940000000000003 25.220062202903971 0
8 46 3 5 0.82030474843733492 8.2530000000000001 1.46 0.024 0.99950000000000006 0.018414 26.99540554455848 0
8 47 2 5 6.0388392119003802 10.778 0.83999999999999997 0 1 0.024840000000000001 26.190479680949874 0
8 48 1 5 3.2288591161895095 13.595000000000001 -1.8999999999999999 0.091999999999999998 0.99450000000000005 0.0049950000000000003 28.770854986929979 0
8 49 5 5 6.1086523819801535 16.884 -0.14000000000000001 -0.10000000000000001 0.99450000000000005 0.013032 31.161132496836704 0
8 50 2 6 5.3407075111026483 0.28800000000000003 0 -0.002 1 0.013950000000000001 2.0071120896000001 0
8 51 1 6 5.2185344634630457 0.36500000000000005 0 0.002 1 0.0046979999999999999 4.1496396890112006 0
8 52 7 6 3.1066860685499065 0.51600000000000001 0.040000000000000001 0.002 1 0.019520999999999997 7.6992383083020304 0
8 53 7 6 3.6826447217080354 1.0010000000000001 0.080000000000000002 -0.0040000000000000001 1 0.0094769999999999993 7.8530747688028697 0
8 54 5 6 1.7104226669544429 1.3100000000000001 -0.059999999999999998 0.002 1 0.018720000000000001 10.89737261106726 0
8 55 5 6 6.213372137099813 2.0830000000000002 0 0.017999999999999999 1 0.011448 10.158267295072674 0
8 56 1 6 0.52359877559829882 2.8000000000000003 0.34000000000000002 0.025999999999999999 1 0.0058859999999999997 15.845045918272938 0
8 57 2 6 3.3335788713091694 3.5010000000000003 0.040000000000000001 -0.017999999999999999 0.99950000000000006 0.012060000000000001 12.707292619671721 0
8 58 5 6 1.3439035240356338 4.4060000000000006 -0.78000000000000003 -0.075999999999999998 0.998 0.013104000000000001 19.309870469718575 0
8 59 0 6 5.8468529941810043 5.665 -0.62 -0.048000000000000001 1 0.012663000000000001 16.726867802231951 0
8 60 0 6 5.1661745859032155 6.9780000000000006 0.54000000000000004 0.012 0.99750000000000005 0.012852000000000001 13.921019034446887 0
8 61 8 6 1.4660765716752369 8.2850000000000001 -0.62 0.087999999999999995 0.999 0.026136 15.875410591484023 0
8 62 5 6 2.0245819323134224 9.8360000000000003 0.12 0.034000000000000002 0.99750000000000005 0.013392000000000001 17.859314607538597 0
8 63 8 8 4.5902159327450871 0.16400000000000001 0 0 1 0.022572000000000002 2.3022010368000001 0
8 64 5 8 5.7944931166211742 0.27500000000000002 0.02 -0.002 1 0.014472 4.7728237215744 0
8 65 7 8 2.5656340004316642 0.308 -0.02 -0.0040000000000000001 1 0.017415 8.1451424434618378 0
8 66 5 8 0.33161255787892263 0.49300000000000005 0.040000000000000001 0.002 1 0.012024 9.0118277326244787 0
8 67 7 8 0.034906585039886591 0.92000000000000004 -0.080000000000000002 -0.002 1 0.015146999999999999 8.9225494863833124 0
8 68 7 8 3.3335788713091694 1.2290000000000001 0 -0.017999999999999999 1 0.013202999999999999 10.463943191215236 0
8 69 7 8 4.6600291028248595 1.6800000000000002 0.02 0 1 0.020168999999999999 13.586832677923933 0
8 70 7 8 0.43633231299858238 2.1230000000000002 0.16 0.040000000000000001 0.99950000000000006 0.016199999999999999 14.869620894834945 0
8 71 7 8 4.1713369122664474 2.8180000000000001 -0.23999999999999999 -0.0040000000000000001 1 0.014742 12.305823504240237 0
8 72 7 8 0.41887902047863912 3.5649999999999999 0.46000000000000002 -0.045999999999999999 0.999 0.019925999999999999 17.961524703425571 0
8 73 7 8 0.66322511575784526 4.234 -0.40000000000000002 -0.032000000000000001 1 0.016604999999999998 20.547221540471284 0
8 74 7 8 3.8048177693476384 5.1950000000000003 -0.040000000000000001 0.058000000000000003 0.99950000000000006 0.02349 17.588106375480297 0
8 75 7 8 2.8099800957108707 6.0880000000000001 -0.52000000000000002 -0.0040000000000000001 0.999 0.018873000000000001 19.427054978106799 0
8 76 7 8 4.2236967898262776 7.1630000000000003 1.0800000000000001 0.029999999999999999 1 0.013364999999999998 21.231765642692011 0
8 77 7 8 2.4958208303518914 8.2400000000000002 -0.41999999999999998 0.104 0.99750000000000005 0.013202999999999999 22.763673301611501 0
8 78 7 8 2.8448866807507573 9.3290000000000006 -0.62 0.14999999999999999 0.999 0.017981999999999998 21.648896908089323 0
8 79 7 8 0.069813170079773182 10.6 -0.54000000000000004 -0.051999999999999998 0.999 0.018143999999999997 22.312497639662421 0
# rec 9 class 0 nop 11 nob 24 draws 404 float 203
9 0 2 -1 4.6600291028248595 32.297000617980956 0.042000000000000003 -0.032599999999999997 0.98950000000000005 0.023279999999999999 28.406850957870486 0.052379999999999996
9 1 8 -1 3.6302848441482056 43.424001235961917 -0.56200000000000006 -0.0528 0.97999999999999998 0.022896 65.082844594573984 0.034344
9 2 2 -1 4.2935099599060509 103.96500308990478 0.050000000000000003 -0.0134 0.97799999999999998 0.026879999999999998 110.88701874467699 0
9 3 2 -1 3.961897402027128 190.46000617980957 -0.69799999999999995 0.33040000000000003 0.98599999999999999 0.018360000000000001 209.08032664110985 0
9 4 3 -1 4.8520153205442362 317.01901050567625 5.452 -0.20699999999999999 0.90649999999999997 0.034187999999999996 394.71781530972947 0
9 5 1 -1 0.76794487087750496 489.41201606750491 1.1040000000000001 -0.42520000000000002 0.8075 0.0081360000000000009 827.81649913331603 0
9 6 2 -1 1.9373154697137058 689.40902286529536 -2.5800000000000001 -0.66200000000000003 0.72750000000000004 0.018599999999999998 1739.8639560933398 0
9 7 1 -1 4.9567350756638957 931.46003089904787 -4.0819999999999999 0.45619999999999999 0.58150000000000002 0.006084 3334.8659059419888 0.013689
9 8 9 -1 5.9341194567807207 1204.1650401687623 11.358000000000001 -0.108 0.66049999999999998 0.25950000000000001 7799.6450147426858 0
9 9 8 -1 1.6057029118347832 1503.5140506744385 -10.772 -0.53180000000000005 0.73099999999999998 0.025631999999999999 9066.1056664516418 0
9 10 1 -1 1.0471975511965976 1862.1170624160766 18.966000000000001 -0.048599999999999997 0.161 0.0077759999999999999 9897.789605788932 0
9 11 1 4 0 0.84599999999999997 0.080000000000000002 -0.002 1 0.0041580000000000002 0.48618071039999994 0
9 12 0 4 2.1816615649929121 1.4650000000000001 -0.14000000000000001 -0.024 1 0.012725999999999999 0.85265550289919989 0
9 13 1 5 1.6929693744344996 0.27400000000000002 -0.02 -0.002 1 0.0042929999999999999 0.11903293440000003 0
9 14 7 6 4.9567350756638957 0.075999999999999998 0 0 1 0.015065999999999998 0.24117503999999998 0
9 15 1 6 4.2236967898262776 0.074999999999999997 0 0 1 0.0032130000000000001 0.37525669631999997 0
9 16 1 8 3.1590459461097367 2.6980000000000004 0 0.012 0.99950000000000006 0.0040230000000000005 3.8497344000000004 0
9 17 3 8 4.0142572795869578 5.835 0.23999999999999999 0.042000000000000003 0.99950000000000006 0.016730999999999999 7.8239258304000003 0
9 18 7 8 4.5553093477052 5.636000000000001 -0.20000000000000001 -0.10000000000000001 0.99950000000000006 0.016928999999999996 11.771279280864 0
9 19 7 8 5.98647933434055 11.471 0.54000000000000004 0.066000000000000003 0.995 0.012959999999999999 22.331034505725107 0
9 20 1 9 0.78539816339744828 5.2879999999999994 0.5 0.053999999999999999 0.998 0.0056970000000000007 0.30151434240000002 0
9 21 1 9 2.9845130209103035 4.9950000000000001 0.47999999999999998 0.040000000000000001 1 0.0055890000000000002 0.57860602306559994 0
9 22 1 9 2.6529004630313811 8.1760000000000002 -0.64000000000000001 -0.124 0.999 0.0065610000000000009 0.90253284420280322 0
9 23 1 10 0.92502450355699462 0.64800000000000002 0.059999999999999998 -0.002 1 0.0052650000000000006 0.10460897280000001 0
# rec 10 class 6 nop 0 nob 0 draws 1 float 0
# rec 11 class 6 nop 0 nob 0 draws 1 float 0
# rec 12 class 11 nop 2 nob 2 draws 57 float 18
12 0 6 -1 3.4382986264288293 1.3680000364780427 -0.02 0.00020000000000000001 1 0.208896 31.436801493167877 0.47001599999999999
12 1 1 -1 2.7227136331111539 1.7260000729560852 0.024 0.00020000000000000001 1 0.0093600000000000003 57.09383951181173 0
# rec 13 class 1 nop 2 nob 2 draws 38 float 18
13 0 4 -1 3.595378259108319 100.78899826049805 1.444 0.027400000000000001 0.97399999999999998 0.025080000000000002 121.32563705444336 0
13 1 6 -1 3.5081117965086026 169.23799652099609 0.436 -0.25519999999999998 0.98750000000000004 0.18432000000000001 287.92579844970703 0.27648
# rec 14 class 0 nop 9 nob 24 draws 385 float 201
14 0 5 -1 1.2740903539558606 26.038999977111818 0.14399999999999999 -0.042799999999999998 0.999 0.024095999999999999 29.637629957199096 0
14 1 6 -1 2.4085543677521746 33.377999954223633 0.40799999999999997 -0.0060000000000000001 0.99199999999999999 0.13670399999999999 57.846314076461795 0.20505599999999999
14 2 8 -1 3.7000980142279785 94.004999885559087 -0.016 0.14019999999999999 0.96499999999999997 0.024336 106.38161369181 0.054755999999999999
14 3 2 -1 5.3058009260627621 166.86999977111816 -2.3399999999999999 -0.050999999999999997 0.98999999999999999 0.024480000000000002 205.74204087996054 0.073440000000000005
14 4 3 -1 0.75049157835756175 270.24299961090088 2.8959999999999999 -0.49120000000000003 0.996 0.033659999999999995 411.11180761742952 0
14 5 9 -1 5.2185344634630457 412.32399940490723 6.2320000000000002 -0.37459999999999999 0.83650000000000002 0.40349999999999997 1010.4212282649497 0.90787499999999999
14 6 1 -1 2.6878070480712677 595.57299915313718 0.068000000000000005 0.016199999999999999 0.79000000000000004 0.0066959999999999997 2060.0245324113748 0
14 7 4 -1 1.4137166941154069 804.25999885559077 2.1779999999999999 -0.80740000000000001 0.61399999999999999 0.017999999999999999 3626.2343948470439 0
14 8 5 -1 0.78539816339744828 1035.0949985122681 7.2080000000000002 0.98839999999999995 0.96950000000000003 0.016704 7533.8145617080827 0
14 9 1 3 1.2042771838760873 0.48999999999999994 -0.02 0.002 1 0.0060480000000000004 0.29172326400000004 0
14 10 5 4 2.6703537555513241 1.6179999999999999 -0.12 0.028000000000000001 1 0.012959999999999999 0.41016729599999996 0
14 11 6 5 3.0368728984701332 0.66200000000000003 -0.059999999999999998 -0.002 1 0.14169599999999999 5.9085311999999997 0
14 12 1 5 0.13962634015954636 0.83500000000000008 0.02 0.0040000000000000001 1 0.0071550000000000008 10.929377894399998 0
14 13 6 5 2.1118483949131388 2.4239999999999999 -0.059999999999999998 0.014 1 0.110016 22.970828294553595 0
14 14 8 5 5.2883476335428181 3.819 0.59999999999999998 -0.012 1 0.022356000000000001 28.324534512269913 0
14 15 4 5 3.3335788713091694 4.7300000000000004 0.56000000000000005 -0.014 0.99950000000000006 0.020250000000000001 35.87348645217277 0
14 16 1 5 3.4557519189487724 7.8070000000000004 -0.80000000000000004 0.035999999999999997 0.997 0.0040230000000000005 35.806657019043939 0
14 17 8 5 4.2935099599060509 10.470000000000001 -1.5800000000000001 0.029999999999999999 0.998 0.026676000000000002 51.316638707479683 0
14 18 1 5 6.1610122595399837 14.419 0.080000000000000002 -0.122 0.999 0.005751 55.406836542027122 0
14 19 0 5 2.8972465583105871 18.214000000000002 -1.0600000000000001 0.091999999999999998 0.99450000000000005 0.010395 44.758627950568176 0
14 20 4 5 0.22689280275926285 22.145 -2.0600000000000001 0.017999999999999999 0.99750000000000005 0.01404 40.447070956022927 0
14 21 2 5 6.1610122595399837 27.082000000000001 -3.2799999999999998 0.050000000000000003 0.98850000000000005 0.012330000000000001 48.491532130647443 0
14 22 5 7 3.595378259108319 1.1380000000000001 -0.080000000000000002 0.0040000000000000001 1 0.012744 0.25528319999999999 0
14 23 1 7 5.2010811709431017 0.90000000000000002 -0.16 -0.0080000000000000002 1 0.0039420000000000002 0.52988037119999998 0
# rec 15 class 5 nop 3 nob 3 draws 57 float 27
15 0 2 -1 1.4311699866353502 5.1759999942779542 0.037999999999999999 -0.0045999999999999999 0.99950000000000006 0.022679999999999999 8.8590599894523621 0
15 1 8 -1 2.3212879051524582 11.121999988555908 0.017999999999999999 0.0091999999999999998 0.996 0.032832 17.240179299473763 0
15 2 5 -1 2.3561944901923448 25.429999971389769 -0.26800000000000002 0.0091999999999999998 0.99550000000000005 0.016704 36.633322986064201 0.037583999999999999
# rec 16 class 0 nop 7 nob 35 draws 529 float 287
16 0 5 -1 1.4835298641951802 31.38499994277954 0.053999999999999999 0.0028 0.995 0.018911999999999998 31.911049904823301 0
16 1 5 -1 5.8817595792208905 39.339999885559081 -0.114 0.026800000000000001 0.999 0.023040000000000001 66.058175502977377 0.051840000000000004
16 2 9 -1 3.0892327760299634 102.7249997138977 1.6779999999999999 0.123 0.97399999999999998 0.38100000000000001 153.20424164335878 1.143
16 3 6 -1 3.8048177693476384 202.05999942779542 1.3440000000000001 0.16139999999999999 0.95499999999999996 0.20966400000000002 291.64292096446582 0
16 4 5 -1 2.6179938779914944 334.49499902725222 -4.5019999999999998 -0.1162 0.877 0.020159999999999997 589.73596400618453 0
16 5 1 -1 2.1642082724729685 507.36999851226807 0.47799999999999998 -0.73580000000000001 0.78449999999999998 0.0048599999999999997 1088.8330740512238 0
16 6 4 -1 5.0090949532237259 720.35499788284301 -2.6419999999999999 0.42999999999999999 0.86499999999999999 0.02724 2704.0325111731991 0
16 7 5 2 1.2740903539558606 0.122 0 0 1 0.015552 5.8131456000000004 0
16 8 8 2 1.7802358370342162 0.105 0 0 1 0.025812000000000002 12.9989738496 0
16 9 2 2 5.4105206811824216 0.214 0.02 0.002 1 0.018720000000000001 21.6516723769344 0
16 10 0 2 0.48869219055841229 0.26900000000000002 0.02 0 1 0.013167000000000002 21.8445968320455 0
16 11 4 2 3.1939525311496229 0.41999999999999998 0 0.0040000000000000001 1 0.02223 34.401081388066331 0
16 12 3 2 3.8222710618675819 0.68699999999999994 0.10000000000000001 -0.002 1 0.023463000000000001 39.478738817888434 0
16 13 1 2 3.0368728984701332 0.89000000000000001 0.14000000000000001 0.014 1 0.0049410000000000001 38.642853333518183 0
16 14 2 2 1.0297442586766545 1.2090000000000001 -0.12 0.0080000000000000002 1 0.019350000000000003 43.853173127114438 0
16 15 3 2 5.6199601914217414 1.5640000000000001 0.10000000000000001 0.01 1 0.022769999999999999 55.444365811478974 0
16 16 1 2 5.9166661642607767 1.9849999999999999 0.059999999999999998 0.01 0.99950000000000006 0.0037799999999999999 52.150442497452225 0
16 17 1 2 3.5255650890285457 2.4020000000000001 -0.10000000000000001 0.012 0.99950000000000006 0.0036180000000000001 65.422113187546373 0
16 18 5 2 5.532693728822025 2.895 0.040000000000000001 -0.042000000000000003 1 0.012024 41.807193099232336 0
16 19 2 2 6.1086523819801535 3.3639999999999999 0.14000000000000001 0.025999999999999999 1 0.0189 67.578280503720492 0
16 20 8 2 0.24434609527920614 4.0190000000000001 -0.12 -0.016 0.99950000000000006 0.013284000000000001 59.550192956583373 0
16 21 2 2 0.17453292519943295 4.5899999999999999 -0.52000000000000002 -0.0040000000000000001 0.999 0.020880000000000003 58.133949249974748 0
16 22 5 2 4.3982297150257104 5.2569999999999997 0.97999999999999998 -0.082000000000000003 1 0.018432 50.754648372839654 0
16 23 6 2 6.1784655520599268 5.9799999999999995 0.47999999999999998 -0.059999999999999998 0.999 0.088128000000000012 62.717057588423657 0
16 24 3 2 4.4505895925855405 6.7089999999999996 0.28000000000000003 -0.024 0.99750000000000005 0.024650999999999999 40.603907251790424 0
16 25 2 3 4.6774823953448035 0.18000000000000002 0 0 1 0.018000000000000002 2.5387794432000006 0
16 26 3 3 6.1435589670200397 0.29000000000000004 0 -0.002 1 0.027323999999999998 6.4288712097792002 0
16 27 3 3 2.8448866807507573 0.38 0.040000000000000001 -0.0040000000000000001 1 0.019701 11.453276905478557 0
16 28 0 3 5.7944931166211742 0.64000000000000001 0.059999999999999998 -0.002 1 0.013482000000000001 13.116923283208084 0
16 29 2 3 4.6600291028248595 0.91000000000000003 0.10000000000000001 -0.012 1 0.014400000000000001 14.161780659352951 0
16 30 5 3 6.1261056745000966 1.4600000000000002 0.22 0 1 0.013752 14.799662299707508 0
16 31 1 3 0.48869219055841229 2.0500000000000003 -0.059999999999999998 -0.002 1 0.0056970000000000007 20.009187762994699 0
16 32 1 4 5.7246799465414009 0.50600000000000001 0 -0.002 1 0.0055080000000000007 0.32591462399999999 0
16 33 5 5 6.003932626860494 0.55999999999999994 -0.080000000000000002 0 1 0.013032 0.054245375999999998 0
16 34 1 6 0.52359877559829882 1.958 -0.22 -0.014 1 0.0045630000000000002 0.36227020800000004 0
# rec 17 class 0 nop 12 nob 25 draws 421 float 212
17 0 8 -1 1.2566370614359172 26.595000457763671 0.25600000000000001 -0.0074000000000000003 0.99550000000000005 0.033695999999999997 36.865350837707524 0
17 1 5 -1 3.2288591161895095 48.400000915527343 0.087999999999999995 0.0095999999999999992 0.98899999999999999 0.02112 70.722113007049558 0.03168
17 2 2 -1 1.3439035240356338 108.39500228881836 0.50600000000000001 0.035000000000000003 0.95050000000000001 0.024119999999999999 126.1992433592807 0.054269999999999999
17 3 1 -1 6.1610122595399837 218.46000457763671 -0.062 -0.14280000000000001 0.95550000000000002 0.0048599999999999997 316.82362394086806 0
17 4 3 -1 4.4156830075456535 349.1150077819824 4.024 0.088200000000000001 0.9355 0.023759999999999996 591.7797412226472 0
17 5 5 -1 4.6949356878647466 542.46001190185552 -1.454 -0.38240000000000002 0.87749999999999995 0.024 1114.8148893277069 0
17 6 1 -1 4.3982297150257104 753.89501693725583 4.8579999999999997 0.47920000000000001 0.73999999999999999 0.0060119999999999991 2526.7302985913939 0
17 7 4 -1 4.5204027626653138 1012.3800228881836 -13.002000000000001 -0.15859999999999999 0.57499999999999996 0.024119999999999999 5289.6262666324528 0
17 8 6 -1 1.064650843716541 1310.7050297546386 -2.3159999999999998 0.00020000000000000001 0.51849999999999996 0.109824 11643.421279889719 0.16473599999999999
17 9 8 -1 4.2062434973063345 1654.4000375366211 4.9359999999999999 0.28620000000000001 0.93600000000000005 0.023903999999999998 14645.004725902001 0
17 10 5 -1 1.5882496193148399 2043.3450462341309 6.2000000000000002 -0.025399999999999999 0.38900000000000001 0.016032000000000001 15890.590248956225 0.024048
17 11 8 -1 4.7472955654245768 2472.3000558471681 23.5 0.1648 -0.215 0.017711999999999999 18378.421058332813 0
17 12 1 2 5.2534410485029319 0.062 0 0 1 0.003375 0.26026444799999998 0
17 13 1 2 1.0821041362364843 0.11499999999999999 0 0 1 0.0049410000000000001 0.47283937228799994 0
17 14 5 3 6.0911990894602104 0.11800000000000001 0 0 1 0.015912000000000003 0.078382079999999993 0
17 15 1 4 2.1293016874330819 1.1180000000000001 0.12 0.0040000000000000001 1 0.0042660000000000007 0.29044223999999996 0
17 16 5 4 2.8274333882308138 2.165 -0.10000000000000001 -0.021999999999999999 1 0.016056000000000001 0.56840914943999987 0
17 17 0 6 3.1590459461097367 1.4319999999999999 0.12 -0.0060000000000000001 1 0.017199000000000002 0.073490687999999998 0
17 18 7 7 3.6826447217080354 3.3340000000000001 0.059999999999999998 0.028000000000000001 1 0.021221999999999998 0.31768934400000004 0
17 19 1 7 1.7453292519943295 1.6300000000000003 0.22 0.0080000000000000002 1 0.0040230000000000005 0.55062787737600005 0
17 20 7 8 6.0213859193804371 0.24200000000000002 -0.02 0.002 1 0.014256 1.1991023616000001 0
17 21 1 9 0.12217304763960307 2.3880000000000003 -0.080000000000000002 -0.0080000000000000002 0.99950000000000006 0.0057239999999999999 0.29465026559999996 0
17 22 1 10 2.8797932657906435 4.9640000000000004 0.83999999999999997 0.043999999999999997 1 0.0053460000000000001 0.208287744 0
17 23 1 11 5.4105206811824216 4.4420000000000002 -0.17999999999999999 -0.066000000000000003 0.99950000000000006 0.0045900000000000003 0.19202641919999999 0
17 24 5 11 2.0943951023931953 5.3500000000000005 0.02 0.014 0.99850000000000005 0.008208 0.53766218465280002 0
# rec 18 class 0 nop 5 nob 8 draws 140 float 69
18 0 6 -1 0.71558499331767511 30.840000286102295 -0.20000000000000001 0.044400000000000002 0.98499999999999999 0.17663999999999999 30.62300051689148 0
18 1 4 -1 1.4660765716752369 41.33000057220459 -0.028000000000000001 -0.0023999999999999998 0.98550000000000004 0.031200000000000002 53.809922908267978 0
18 2 3 -1 2.8274333882308138 94.370001430511479 0.17599999999999999 -0.13020000000000001 0.98650000000000004 0.024947999999999998 94.090241458167185 0
18 3 1 -1 2.7925268031909272 175.18000286102296 -1.6120000000000001 -0.11799999999999999 0.98999999999999999 0.0085319999999999997 201.19028989543938 0
18 4 2 -1 6.1261056745000966 291.910004863739 -1.478 0.13400000000000001 0.99350000000000005 0.02172 465.8942659018989 0.048869999999999997
18 5 1 2 1.9896753472735358 0.17999999999999999 0 0 1 0.0041850000000000004 0.42886609920000002 0
18 6 1 4 4.3458698374658802 0.68199999999999994 -0.040000000000000001 0 1 0.0043470000000000002 0.25883289599999998 0
18 7 1 4 4.9741883681838388 0.61499999999999999 -0.040000000000000001 -0.002 1 0.0046170000000000004 0.55993339852799995 0
# rec 19 class 0 nop 5 nob 13 draws 210 float 109
19 0 6 -1 3.9444441095071849 17.909000034332276 -0.154 0.0018 0.99399999999999999 0.13439999999999999 31.235460062026981 0.3024
19 1 4 -1 3.9444441095071849 39.768000068664549 0.14799999999999999 0.036999999999999998 0.98699999999999999 0.0246 61.131368401393892 0
19 2 6 -1 5.1487212933832724 103.44500017166138 0.45200000000000001 0.045600000000000002 0.98250000000000004 0.15590400000000001 140.57092108394394 0.46771200000000002
19 3 2 -1 3.4557519189487724 182.72000034332277 1.6299999999999999 -0.052400000000000002 0.95499999999999996 0.027480000000000001 282.69296957295211 0
19 4 3 -1 3.7000980142279785 297.94300058364865 0.58399999999999996 0.16520000000000001 0.98950000000000005 0.027587999999999998 500.34561592415685 0
19 5 1 2 4.4331363000655974 0.20999999999999999 0 -0.002 1 0.0054269999999999995 2.0654161920000003 0
19 6 1 2 0.22689280275926285 0.39499999999999996 0 -0.002 1 0.0049950000000000003 4.9990754795520012 0
19 7 5 2 1.5533430342749532 0.63 0 0 1 0.014184 11.741841481531395 0
19 8 5 2 2.0594885173533091 0.89500000000000002 -0.040000000000000001 0.002 1 0.015552 11.767250246653404 0
19 9 5 2 4.8345620280242931 1.49 -0.040000000000000001 0.0060000000000000001 1 0.015480000000000001 14.114810808173802 0
19 10 1 3 2.0943951023931953 0.68799999999999994 -0.10000000000000001 0.0040000000000000001 1 0.0049410000000000001 0.31340390400000007 0
19 11 1 4 1.5184364492350666 0.20199999999999999 0 -0.002 1 0.0040230000000000005 0.30333557760000002 0
19 12 1 4 3.8920842319473548 0.16999999999999998 0 0 1 0.0052919999999999998 0.74508434457600003 0
# rec 20 class 0 nop 11 nob 22 draws 367 float 187
20 0 9 -1 3.001966313430247 30.087999897003172 -0.36199999999999999 -0.0067999999999999996 0.99099999999999999 0.23999999999999999 30.175079805850984 0.71999999999999997
20 1 6 -1 5.6548667764616276 39.545999794006349 -0.64600000000000002 -0.022800000000000001 0.98350000000000004 0.17510399999999998 66.065602534928331 0.39398399999999995
20 2 6 -1 0.20943951023931956 92.519999485015873 0.224 -0.060999999999999999 0.97399999999999998 0.095231999999999997 139.39205357977974 0
20 3 3 -1 4.9916416607037828 168.75999897003175 -0.46000000000000002 0.27979999999999999 0.91800000000000004 0.035111999999999997 253.65641546918405 0.079001999999999989
20 4 4 -1 0.19198621771937624 276.48599824905398 -2.956 -0.077200000000000005 0.97199999999999998 0.028199999999999999 550.02311519847512 0.084599999999999995
20 5 2 -1 3.2288591161895095 425.0379973220825 -3 -0.56520000000000004 0.79700000000000004 0.023400000000000001 1048.936390153892 0
20 6 4 -1 4.7472955654245768 603.99599618911748 0.626 -1.1128 0.97299999999999998 0.026159999999999999 1983.8030798630809 0
20 7 2 -1 5.2185344634630457 805.36999485015872 5.8419999999999996 0.72399999999999998 0.60399999999999998 0.028439999999999997 3647.8712454258416 0
20 8 5 -1 5.2010811709431017 1053.2999933052063 3.508 -1.2114 0.98650000000000004 0.022655999999999999 7715.6165699319336 0
20 9 7 -1 0.89011791851710809 1317.7959915542604 11.446 0.96479999999999999 0.878 0.019547999999999999 8886.8403482369758 0
20 10 1 -1 1.1693705988362009 1628.9879895973206 16.047999999999998 1.1020000000000001 0.91100000000000003 0.008352 11684.122091452944 0
20 11 5 2 3.0194196059501901 0.36199999999999999 0 -0.002 1 0.014256 1.2677283840000002 0
20 12 3 2 0.017453292519943295 0.32000000000000001 0.02 0.002 1 0.022076999999999999 2.4046369505279999 0
20 13 0 2 2.7576202181510405 0.63400000000000001 0.02 -0.0040000000000000001 1 0.013734000000000001 3.7712192345210882 0
20 14 3 2 2.6529004630313811 1.024 0 0.0080000000000000002 1 0.024947999999999998 4.6545205623660326 0
20 15 1 2 5.6723200689815707 1.5600000000000001 0.20000000000000001 0 1 0.0037799999999999999 4.1257941733979644 0
20 16 1 3 1.4486232791552935 0.81000000000000005 0.059999999999999998 0 1 0.0047520000000000001 0.58201651200000004 0
20 17 1 3 5.532693728822025 0.76500000000000001 0 0.0040000000000000001 1 0.005751 1.0716766663679997 0
20 18 1 3 1.2740903539558606 1.23 -0.20000000000000001 0.002 1 0.0057239999999999999 2.2860988080860163 0
20 19 0 5 0.97738438111682457 0.86199999999999999 0.059999999999999998 0 1 0.015876000000000001 0.29562623999999998 0
20 20 1 6 1.9896753472735358 1.6540000000000001 0.14000000000000001 0.012 1 0.0064530000000000004 0.37737369600000004 0
20 21 5 7 0.20943951023931956 0.752 -0.02 -0.0060000000000000001 1 0.014832000000000001 0.43392614399999996 0
# rec 21 class 0 nop 12 nob 31 draws 510 float 260
21 0 5 -1 1.7976891295541595 18.346999702453612 0.0060000000000000001 -0.0080000000000000002 0.99750000000000005 0.017856 26.68049955368042 0
21 1 6 -1 1.9373154697137058 52.603999404907228 -0.35399999999999998 0.047 0.99199999999999999 0.14899200000000001 60.380934989929195 0.33523200000000003
21 2 5 -1 4.4680428851054836 92.574998512268067 -1.0660000000000001 0.036999999999999998 0.98750000000000004 0.017856 136.31311496771241 0
21 3 3 -1 2.0769418098732522 187.16999702453614 3.294 0.2122 0.94599999999999995 0.029303999999999997 250.74237307427268 0
21 4 3 -1 1.1693705988362009 308.92899494171144 1.514 0.41199999999999998 0.94299999999999995 0.031547999999999993 505.2732078559531 0
21 5 6 -1 2.4260076602721181 473.68199226379397 -6.3440000000000003 -0.50539999999999996 0.83499999999999996 0.14438399999999998 1047.3784648835713 0.21657599999999999
21 6 2 -1 3.0194196059501901 674.2389889907837 0.31 -0.52900000000000003 0.90449999999999997 0.023639999999999998 2208.5882008465701 0
21 7 4 -1 2.7750735106709841 899.5599851226807 2.2480000000000002 1.1754 0.77449999999999997 0.021000000000000001 4111.4617310314507 0
21 8 8 -1 5.8119464091411173 1164.6249806594849 10.082000000000001 -0.82999999999999996 0.82599999999999996 0.035567999999999995 9046.5806088438076 0.080027999999999988
21 9 9 -1 5.9166661642607767 1466.8739756011962 -1.8240000000000001 -0.504 0.49049999999999999 0.24449999999999997 12782.154984384986 0
21 10 2 -1 4.0491638646268449 1807.8169699478149 0.59399999999999997 -1.9683999999999999 0.53549999999999998 0.03168 13310.57321078974 0
21 11 2 -1 2.1642082724729685 2177.9139636993409 21.257999999999999 2.1408 -0.028500000000000001 0.017639999999999999 17556.751495314526 0
21 12 1 2 4.6251225177849733 0.26800000000000002 0.02 0 1 0.0056970000000000007 0.28683878400000001 0
21 13 1 3 4.1015237421866741 0.13 0 0 1 0.0059670000000000009 0.28919531519999997 0
21 14 5 3 4.4331363000655974 0.20999999999999999 -0.02 0 1 0.013824000000000001 0.76260091944959985 0
21 15 1 5 0.19198621771937624 0.77399999999999991 0.080000000000000002 -0.002 1 0.0054540000000000005 1.6466706431999998 0
21 16 8 5 3.1939525311496229 1.01 0.059999999999999998 0.0040000000000000001 1 0.016740000000000001 4.8647418937343998 0
21 17 2 5 4.8869219055841224 0.82799999999999996 0.10000000000000001 0.0040000000000000001 1 0.018360000000000001 8.7440660128333825 0
21 18 8 5 1.8675022996339325 1.698 -0.059999999999999998 -0.02 1 0.026028000000000003 10.424967749589642 0
21 19 1 5 1.3264502315156905 2.5899999999999999 0 0.0040000000000000001 1 0.0072630000000000012 11.203462189634847 0
21 20 0 5 3.8048177693476384 4.4340000000000002 -0.080000000000000002 -0.053999999999999999 0.99850000000000005 0.011592000000000002 12.040239932934888 0
21 21 5 8 0.87266462599716477 1.0620000000000001 -0.02 0.002 1 0.017423999999999999 0.43341742079999995 0
21 22 1 8 2.5481807079117211 0.90000000000000002 -0.080000000000000002 -0.0040000000000000001 1 0.0073170000000000006 0.64607604572159993 0
21 23 7 8 1.0297442586766545 1.804 -0.10000000000000001 -0.002 1 0.023895 1.5117424085237758 0
21 24 2 9 5.5152404363020811 3.0579999999999998 0.059999999999999998 0.0040000000000000001 0.99950000000000006 0.011700000000000002 2.5725312000000002 0
21 25 7 9 1.8500490071139892 4.375 0 -0.021999999999999999 0.999 0.016847999999999998 6.2780464512000007 0
21 26 3 9 0.71558499331767511 5.4560000000000004 -0.12 -0.0080000000000000002 1 0.019404000000000001 10.243051891776002 0
21 27 7 9 4.8869219055841224 8.8810000000000002 -1.1599999999999999 0.025999999999999999 0.996 0.015308999999999998 13.222553222091337 0
21 28 7 9 5.8468529941810043 13.93 0.44 0.24399999999999999 0.995 0.016199999999999999 14.810846315128947 0
21 29 7 10 0.3490658503988659 2.3380000000000001 -0.040000000000000001 0.017999999999999999 0.99950000000000006 0.012878999999999998 0.31832064000000004 0
21 30 7 11 4.9218284906240095 3.0740000000000012 -0.02 -0.017999999999999999 0.999 0.010610999999999999 0.226017792 0
# rec 22 class 6 nop 0 nob 0 draws 1 float 0
# rec 23 class 6 nop 0 nob 0 draws 1 float 0
# rec 24 class 0 nop 12 nob 78 draws 1231 float 636
24 0 2 -1 5.5850536063818543 29.409000434875487 0.034000000000000002 0.0051999999999999998 0.99950000000000006 0.030720000000000001 29.935960655212401 0.069120000000000001
24 1 9 -1 5.5501470213419681 57.57800086975098 -0.308 0.0264 0.98750000000000004 0.2205 72.19335078010559 0
24 2 5 -1 2.5481807079117211 104.45500217437744 -1.208 0.186 0.96050000000000002 0.016992 144.44092538699798 0
24 3 3 -1 2.5481807079117211 202.88000434875488 -2.2639999999999998 0.073400000000000007 0.96099999999999997 0.021648000000000001 318.56148556615653 0
24 4 3 -1 4.782202150464463 344.03300739288329 -0.83799999999999997 -0.15040000000000001 0.93000000000000005 0.022043999999999998 641.91873390053331 0.033065999999999998
24 5 9 -1 5.026548245743669 517.72401130676269 3.8740000000000001 -0.48599999999999999 0.85450000000000004 0.34349999999999997 1253.8072770409501 0
24 6 6 -1 0.034906585039886591 738.50301609039309 -8.5899999999999999 0.81359999999999999 0.69199999999999995 0.192 2324.3825881390262 0
24 7 8 -1 0.73303828583761843 1003.5300217437745 19.966000000000001 1.6324000000000001 0.55900000000000005 0.021743999999999999 5165.2769053917264 0
24 8 6 -1 1.4835298641951802 1296.9850282669067 12.391999999999999 0.0088000000000000005 0.86450000000000005 0.155136 9364.6470294752016 0.34905599999999998
24 9 4 -1 0.75049157835756175 1646.7280356597901 -11.768000000000001 -1.425 0.42899999999999999 0.018360000000000001 12140.205410662607 0
24 10 6 -1 2.0420352248333655 2010.2190439224244 -13.27 -0.74939999999999996 0.047 0.20352000000000001 15538.722951223106 0
24 11 9 -1 2.0420352248333655 2432.4580530548096 0.74399999999999999 -0.27560000000000001 0.437 0.24149999999999999 21777.995795235569 0.36224999999999996
24 12 1 2 5.2359877559829888 0.14000000000000001 0 0 1 0.0028350000000000003 0.23641989120000001 0
24 13 1 2 2.1118483949131388 0.15500000000000003 0 0 1 0.0062910000000000006 0.4843299631104 0
24 14 0 3 1.6580627893946132 0.096000000000000002 0 0 1 0.013734000000000001 0.30563512320000003 0
24 15 5 4 4.6949356878647466 0.16999999999999998 0 0 1 0.017280000000000004 0.29344972799999997 0
24 16 1 4 4.3284165449459371 0.215 -0.02 -0.002 1 0.0050759999999999998 0.60036428390399998 0
24 17 1 4 0.64577182323790194 0.39000000000000001 -0.040000000000000001 0 1 0.005535 1.000756607330304 0
24 18 3 5 1.9024088846738192 1.448 -0.17999999999999999 0.0060000000000000001 1 0.019106999999999999 3.0733631999999997 0
24 19 1 5 2.4434609527920612 1.73 0.12 -0.01 1 0.0048600000000000006 5.0722408128000005 0
24 20 8 5 0.97738438111682457 2.4060000000000001 -0.22 -0.002 1 0.029159999999999998 14.900375967206401 0
24 21 8 5 3.9095375244672983 3.6059999999999999 -0.16 -0.002 0.999 0.019656000000000003 13.642587570679261 0
24 22 1 5 2.3561944901923448 6.2299999999999995 0.59999999999999998 -0.02 0.99850000000000005 0.0056970000000000007 18.250920665486799 0
24 23 0 5 3.0368728984701332 8.7679999999999989 0.34000000000000002 0.059999999999999998 0.99950000000000006 0.011025 14.725870465053008 0
24 24 2 5 4.6774823953448035 11.869999999999999 -0.17999999999999999 0.037999999999999999 0.998 0.01179 14.784182733174204 0
24 25 0 5 1.0995574287564276 16.436 -2.0600000000000001 0.17000000000000001 1 0.012663000000000001 18.726130420356064 0
24 26 1 5 0.87266462599716477 20.405999999999999 3.1200000000000001 -0.089999999999999997 0.99299999999999999 0.0074250000000000002 23.826282090677516 0
24 27 2 6 3.8746309394274117 0.52200000000000002 0.02 0.0040000000000000001 1 0.024120000000000003 2.9245440000000005 0
24 28 5 6 5.8119464091411173 0.47500000000000009 0 0 1 0.012168000000000002 5.5974297600000007 0
24 29 5 6 0.52359877559829882 1.4540000000000002 -0.040000000000000001 0.01 1 0.012456 9.3106785484800003 0
24 30 1 6 6.1086523819801535 2.1190000000000002 -0.02 0.002 0.99950000000000006 0.0062370000000000004 11.987983489145241 0
24 31 0 6 2.6005405854715509 2.7900000000000005 0.17999999999999999 -0.002 1 0.012474000000000001 15.90411051530516 0
24 32 1 7 3.6302848441482056 2.6920000000000002 -0.12 -0.0040000000000000001 0.99950000000000006 0.0063720000000000001 0.2368530432 0
24 33 7 7 6.2308254296197561 2.4550000000000001 -0.28000000000000003 0.0040000000000000001 0.99950000000000006 0.018792 0.6455158327296 0
24 34 1 8 3.839724354387525 2.036 0 0.01 0.99950000000000006 0.0056700000000000006 2.0075839488000002 0
24 35 8 8 3.7524578917878086 1.9300000000000002 0.35999999999999999 -0.012 1 0.017172 4.7121232035840004 0
24 36 0 8 5.5850536063818543 1.9420000000000002 -0.12 0.012 1 0.0126 9.1842475897651212 0
24 37 1 8 4.9916416607037828 4.2220000000000004 -0.28000000000000003 0 1 0.0051029999999999999 11.327729100944966 0
24 38 7 8 4.0317105721069009 6.9100000000000001 0.88 0.02 0.999 0.022355999999999997 12.696748421541093 0
24 39 7 8 5.7595865315812871 9.2160000000000011 1.48 -0.14799999999999999 0.997 0.019439999999999999 15.292046433854242 0
24 40 7 8 1.9373154697137058 13.56 -0.95999999999999996 -0.059999999999999998 0.99950000000000006 0.015389999999999997 16.980356888824566 0
24 41 7 8 2.7052603405912108 17.702000000000002 -1.4199999999999999 -0.184 0.999 0.014175 16.18223014719036 0
24 42 7 8 5.6374134839416845 22.272000000000002 0.69999999999999996 -0.29199999999999998 0.99850000000000005 0.014822999999999999 18.44953582929173 0
24 43 7 8 1.9547687622336491 27.120000000000001 -3.6200000000000001 0.070000000000000007 0.99099999999999999 0.022598999999999998 20.806019447633901 0
24 44 1 9 1.1344640137963142 1.6220000000000003 -0.23999999999999999 0.017999999999999999 1 0.0039420000000000002 0.27801446400000002 0
24 45 1 9 0.78539816339744828 2.7100000000000004 -0.02 0.0040000000000000001 0.99950000000000006 0.0053460000000000001 0.52276989081600012 0
24 46 4 10 3.3161255787892263 2.1539999999999999 0.10000000000000001 0 0.99950000000000006 0.020070000000000001 3.1416975360000001 0
24 47 8 10 0.92502450355699462 1.2949999999999999 0.14000000000000001 -0.0060000000000000001 1 0.023328000000000002 4.1836365742080002 0
24 48 7 10 3.3859387488689991 3.4779999999999998 -0.35999999999999999 0 0.99950000000000006 0.013932 9.8211558189957113 0
24 49 7 10 1.0297442586766545 5.923 -0.080000000000000002 0.089999999999999997 1 0.015471 10.586809154488574 0
24 50 7 10 5.6025068989017974 9.3200000000000003 1.3200000000000001 -0.034000000000000002 0.997 0.013850999999999999 9.2226127007344552 0
24 51 7 10 2.6529004630313811 13.148999999999999 -0.22 -0.014 0.99650000000000005 0.011177999999999999 12.906158875576335 0
24 52 7 10 5.5501470213419681 17.219999999999999 -2.1000000000000001 0.021999999999999999 0.99650000000000005 0.014579999999999999 13.847049414984918 0
24 53 7 10 2.5656340004316642 23.082999999999998 -0.47999999999999998 -0.050000000000000003 0.99199999999999999 0.012878999999999998 18.850285756933221 0
24 54 7 10 6.0562925044203233 29.507999999999999 0.26000000000000001 -0.085999999999999993 0.98699999999999999 0.019601999999999998 14.806571877831409 0
24 55 7 10 1.3613568165555769 36.545000000000002 -2.1000000000000001 0.062 0.996 0.010610999999999999 21.43546510225914 0
24 56 7 10 4.3633231299858242 44.863999999999997 -0.68000000000000005 0.40200000000000002 1 0.020007 23.857300099220335 0
24 57 7 10 0.41887902047863912 54.034999999999997 0.40000000000000002 -0.66200000000000003 0.97150000000000003 0.010773 25.555741717601645 0
24 58 7 10 4.9567350756638957 63.577999999999996 1.1599999999999999 0.68600000000000005 0.96799999999999997 0.019115999999999998 17.576179787051419 0
24 59 2 11 2.5830872929516078 1.764 0.080000000000000002 -0.029999999999999999 0.99950000000000006 0.020970000000000003 3.4312320000000001 0
24 60 5 11 0.24434609527920614 1.645 0 0.024 1 0.011592000000000002 5.9223682560000004 0
24 61 2 11 5.4628805587422518 3.4180000000000001 0.29999999999999999 0.0040000000000000001 1 0.019530000000000002 11.474105836032001 0
24 62 7 11 3.6128315516282621 4.4829999999999997 0.059999999999999998 0.029999999999999999 1 0.02349 13.78022787745487 0
24 63 7 11 6.0388392119003802 7.7999999999999998 -0.040000000000000001 -0.01 0.998 0.014418 13.819461029345254 0
24 64 7 11 0.64577182323790194 11.599 -0.059999999999999998 -0.037999999999999999 0.997 0.013689 17.287858525766115 0
24 65 7 11 5.3058009260627621 15.029999999999999 0.38 -0.20399999999999999 0.99350000000000005 0.011339999999999999 20.687229944145635 0
24 66 7 11 3.1939525311496229 20.452999999999999 2.7400000000000002 -0.043999999999999997 0.99750000000000005 0.018386999999999997 29.434234089755215 0
24 67 7 11 1.4835298641951802 26.338000000000001 -0.78000000000000003 -0.082000000000000003 0.98699999999999999 0.020168999999999999 26.357799177253384 0
24 68 7 11 5.5850536063818543 32.475000000000001 0.57999999999999996 0.0080000000000000002 0.99050000000000005 0.018953999999999999 24.25117099509216 0
24 69 7 11 5.497787143782138 40.024000000000001 -2.02 -0.048000000000000001 0.98950000000000005 0.016523999999999997 25.878774619116534 0
24 70 7 11 5.2534410485029319 47.655000000000001 -0.69999999999999996 -0.114 0.99299999999999999 0.008829 25.642544714721691 0
24 71 7 11 3.8048177693476384 55.927999999999997 -3.6200000000000001 0.032000000000000001 0.996 0.018953999999999999 26.359453959886807 0
24 72 7 11 1.9722220547535925 66.352999999999994 -0.59999999999999998 0.41399999999999998 0.98799999999999999 0.014418 34.036716448985132 0
24 73 7 11 0.52359877559829882 75.859999999999999 -3.48 0.26200000000000001 0.98050000000000004 0.011177999999999999 23.458034599971207 0
24 74 7 11 1.1868238913561442 87.299000000000007 -3.2599999999999998 -0.59199999999999997 0.97199999999999998 0.014742 35.159799140221637 0
24 75 7 11 0.68067840827778847 99.049999999999997 0.02 -1.48 0.97850000000000004 0.013202999999999999 31.520166215523133 0
24 76 7 11 2.3212879051524582 111.71300000000001 -15.56 -0.56000000000000005 0.98499999999999999 0.019035 24.001472615921653 0
24 77 7 11 3.6302848441482056 125.94800000000001 5.2000000000000002 -0.91200000000000003 0.94899999999999995 0.011339999999999999 33.585696663468248 0
# rec 25 class 6 nop 0 nob 0 draws 1 float 0
# rec 26 class 0 nop 8 nob 12 draws 212 float 104
26 0 1 -1 1.7627825445142729 30.193000583648683 -0.19 0.0144 0.99250000000000005 0.0061200000000000004 33.774495942592623 0
26 1 2 -1 2.2165681500327987 48.766001167297361 0.45400000000000001 -0.0044000000000000003 0.998 0.028799999999999999 70.825640816631321 0
26 2 1 -1 4.5029494701453698 121.18500291824341 0.86599999999999999 -0.11360000000000001 0.96099999999999997 0.0066959999999999997 160.51286352949947 0
26 3 3 -1 2.7401669256310974 210.14000583648681 -2.6120000000000001 0.072999999999999995 0.90800000000000003 0.018612 260.07225709369555 0
26 4 4 -1 5.3756140961425354 368.09100992202758 4.1879999999999997 -0.039199999999999999 0.98299999999999998 0.017399999999999999 534.27840647082905 0
26 5 5 -1 4.4505895925855405 563.10801517486573 2.3980000000000001 -0.81059999999999999 0.72050000000000003 0.023519999999999999 1190.6187073306835 0
26 6 1 -1 4.0491638646268449 787.71102159500117 8.7720000000000002 0.067799999999999999 0.95399999999999996 0.0098639999999999995 2470.0172993013698 0
26 7 7 -1 2.5656340004316642 1059.210029182434 -2.0539999999999998 0.087999999999999995 0.68049999999999999 0.012743999999999998 4512.4519832136875 0.028673999999999998
26 8 5 3 5.3058009260627621 0.23200000000000004 0.02 0.002 1 0.013104000000000001 0.271586304 0
26 9 1 3 0.05235987755982989 0.33500000000000002 0 -0.002 1 0.0048869999999999999 0.53785999872000001 0
26 10 7 7 5.270894341022875 1.6180000000000001 0.059999999999999998 -0.014 1 0.011906999999999999 0.16067635199999999 0
26 11 5 7 1.9722220547535925 2.0249999999999999 -0.059999999999999998 0.0080000000000000002 1 0.012959999999999999 0.30307638067199999 0
# rec 27 class 0 nop 4 nob 5 draws 92 float 44
27 0 2 -1 0.22689280275926285 23.655000000000001 0.029999999999999999 -0.001 0.997 0.01704 27.965 0
27 1 9 -1 0.83775804095727824 51.380000000000003 -0.36799999999999999 0.075800000000000006 0.99650000000000005 0.28050000000000003 59.117540000000005 0
27 2 3 -1 4.3633231299858242 92.635000000000005 0.90000000000000002 0.019800000000000002 0.99050000000000005 0.034715999999999997 113.31318642000001 0
27 3 2 -1 4.4854961776254267 185.06 -0.83999999999999997 -0.18099999999999999 0.99399999999999999 0.03372 223.33714608024002 0
27 4 1 3 0.3490658503988659 0.20600000000000002 0 0 1 0.0029429999999999999 0.39492864 0
# rec 28 class 3 nop 5 nob 7 draws 125 float 61
28 0 9 -1 3.3859387488689991 119.12199775695801 0.51600000000000001 0.1636 0.98499999999999999 0.28649999999999998 176.00358578681946 0.85949999999999993
28 1 1 -1 1.6406094968746698 226.19399551391601 1.764 0.29899999999999999 0.91700000000000004 0.008208 378.34570995314601 0
28 2 2 -1 2.7227136331111539 497.81998878479004 -2.2999999999999998 0.28260000000000002 0.77349999999999997 0.033119999999999997 653.67774864143723 0
28 3 3 -1 6.1610122595399837 962.23997756958011 -3.6600000000000001 -0.71719999999999995 0.89649999999999996 0.03168 1204.5859868877687 0.071279999999999996
28 4 5 -1 5.9515727493006638 1600.3339618682862 -14.34 -1.198 0.89349999999999996 0.013632 2481.4444045947221 0
28 5 1 3 4.3458698374658802 2.0260000000000002 0.040000000000000001 0.0080000000000000002 1 0.0041850000000000004 0.36292608000000004 0
28 6 1 4 2.0943951023931953 2.9979999999999998 0.14000000000000001 0.0040000000000000001 0.999 0.0042660000000000007 0.11568660480000001 0
# rec 29 class 0 nop 12 nob 21 draws 365 float 180
29 0 2 -1 1.0471975511965976 25.346000709533691 -0.114 0.036999999999999998 0.98950000000000005 0.022440000000000002 26.497461118698119 0
29 1 1 -1 0.52359877559829882 36.262001419067381 -0.089999999999999997 0.023599999999999999 0.999 0.0064800000000000005 54.998029461965565 0
29 2 8 -1 1.0471975511965976 94.490003547668451 -0.504 -0.14280000000000001 0.98299999999999998 0.030959999999999998 98.335931603371421 0
29 3 3 -1 3.8571776469074681 169.13000709533691 1.1439999999999999 0.17860000000000001 0.99250000000000005 0.025211999999999995 186.43375675983236 0
29 4 3 -1 2.5656340004316642 286.35201206207273 -2.8479999999999999 -0.040000000000000001 0.95550000000000002 0.031019999999999995 374.16714593997597 0.09305999999999999
29 5 1 -1 0.10471975511965978 451.79601844787595 6.7140000000000004 -0.15459999999999999 0.81100000000000005 0.0070559999999999998 632.42803435264682 0
29 6 1 -1 2.6179938779914944 621.85202625274655 -10.426 0.25900000000000001 0.71599999999999997 0.0098639999999999995 1438.6938601503607 0
29 7 5 -1 4.1189770347066181 846.12003547668462 3.2160000000000002 0.95120000000000005 0.61399999999999999 0.023903999999999998 3049.6919728915432 0.035855999999999999
29 8 2 -1 3.2114058236695664 1106.9600461196899 1.722 -0.876 0.50649999999999995 0.019560000000000001 6666.6380109977954 0
29 9 8 -1 3.1066860685499065 1381.7220581817628 -0.073999999999999996 -0.94079999999999997 0.60150000000000003 0.019727999999999999 8341.6093743684469 0
29 10 1 -1 5.0440015382636121 1705.4560716629028 -12.236000000000001 -1.3368 0.60299999999999998 0.0097199999999999995 7692.9261074681554 0
29 11 8 -1 2.4260076602721181 2054.1920865631105 7.6479999999999997 -3.0415999999999999 0.35049999999999998 0.027071999999999999 9468.65749483953 0
29 12 5 2 0.13962634015954636 0.036000000000000004 0 0 1 0.014760000000000002 0.43908710400000001 0
29 13 1 2 2.4260076602721181 0.060000000000000005 0 0 1 0.0068580000000000004 1.0350297538559998 0
29 14 0 4 5.270894341022875 1.6819999999999999 0.29999999999999999 0.0060000000000000001 1 0.016506 0.47924659199999997 0
29 15 1 4 5.9515727493006638 1.2949999999999999 -0.040000000000000001 0.012 1 0.00594 0.95604612787199994 0
29 16 5 4 0.20943951023931956 2.254 -0.14000000000000001 0.01 1 0.015264 1.9862660123412479 0
29 17 1 8 5.6723200689815707 4.25 0.52000000000000002 -0.021999999999999999 1 0.0048329999999999996 0.29518387200000007 0
29 18 1 11 4.0491638646268449 3.9899999999999998 0.23999999999999999 0.042000000000000003 0.99950000000000006 0.0068310000000000003 0.34478899200000002 0
29 19 1 11 1.3089969389957472 5.4849999999999994 0.22 -0.017999999999999999 0.998 0.0042120000000000005 0.59383579852800006 0
29 20 1 11 4.066617157146788 13.77 -1.3799999999999999 -0.045999999999999999 0.99950000000000006 0.0054540000000000005 1.4226570543144961 0
# rec 30 class 0 nop 5 nob 7 draws 125 float 61
30 0 1 -1 0.94247779607693793 32.281000366210939 -0.39600000000000002 0.054800000000000001 0.99199999999999999 0.0064079999999999996 35.392905654907231 0
30 1 8 -1 4.1538836197465043 53.102000732421878 0.192 0.079200000000000007 0.99750000000000005 0.026208000000000002 75.89947595443725 0
30 2 2 -1 3.12413936106985 105.40500183105469 1.248 0.048000000000000001 0.95650000000000002 0.01248 129.56108923328705 0.028080000000000001
30 3 2 -1 5.0963614158234423 200.21000366210939 0.748 -0.076799999999999993 0.95699999999999996 0.016559999999999998 277.12453311041889 0.037259999999999995
30 4 1 -1 1.6755160819145565 346.61700622558595 -1.244 -0.39839999999999998 0.98199999999999998 0.0055800000000000008 546.0043375223313 0
30 5 1 3 4.0317105721069009 0.12400000000000001 0 0 1 0.0062100000000000002 0.15070924799999999 0
30 6 1 4 1.1170107212763709 0.55400000000000005 -0.02 0.0080000000000000002 1 0.0061020000000000007 0.066495744000000009 0
# rec 31 class 0 nop 11 nob 23 draws 388 float 195
31 0 5 -1 0.034906585039886591 34.886000137329098 0.091999999999999998 0.060400000000000002 0.98899999999999999 0.019296000000000001 37.274960250854491 0
31 1 5 -1 3.961897402027128 58.872000274658205 0.498 0.012200000000000001 0.98350000000000004 0.020544 65.297023799438477 0
31 2 1 -1 2.8623399732707004 114.97000068664551 0.182 -0.112 0.97999999999999998 0.0077759999999999999 135.89907435777891 0
31 3 6 -1 4.2236967898262776 223.10000137329101 -1.194 -0.21299999999999999 0.998 0.162048 310.62840684612723 0.48614400000000002
31 4 3 -1 5.4803338512621949 362.44200233459475 -1.5780000000000001 -0.24759999999999999 0.84999999999999998 0.021252 625.67645646334586 0
31 5 8 -1 5.2185344634630457 539.78600357055666 4.3440000000000003 0.62080000000000002 0.98450000000000004 0.032544000000000003 1046.8086084056054 0
31 6 3 -1 0.94247779607693793 764.27200508117676 -6.9299999999999997 0.25659999999999999 0.95599999999999996 0.025211999999999995 1951.0892687545077 0.056726999999999986
31 7 2 -1 5.5676003138619112 1036.0600068664551 16.966000000000001 1.2405999999999999 0.99399999999999999 0.013560000000000001 3996.3496091512125 0
31 8 9 -1 5.1836278784231586 1344.7400089263915 2.3260000000000001 0.35820000000000002 0.77900000000000003 0.27900000000000003 8851.0730475101136 0
31 9 7 -1 3.5430183815484888 1683.0020112609864 -9.7599999999999998 -1.1617999999999999 0.17499999999999999 0.014903999999999997 11439.353702506145 0
31 10 1 -1 0.38397243543875248 2071.1660138702391 -30.440000000000001 -1.0946 0.29149999999999998 0.006156 15035.642697101199 0
31 11 1 2 1.1344640137963142 0.10400000000000001 0 0 1 0.0071550000000000008 0.099831398400000007 0
31 12 0 3 0.83775804095727824 0.39000000000000001 0.02 0 1 0.0096390000000000017 1.4664695808000003 0
31 13 2 3 3.4382986264288293 0.49000000000000005 -0.02 0.002 1 0.015750000000000004 3.873508274995201 0
31 14 1 5 1.8849555921538759 1.76 0.080000000000000002 -0.021999999999999999 1 0.0035639999999999999 0.53611683840000013 0
31 15 1 5 0.48869219055841229 2.2250000000000001 -0.059999999999999998 -0.016 0.99950000000000006 0.0039420000000000002 1.1155883249664005 0
31 16 5 6 4.6600291028248595 2.6479999999999997 0.29999999999999999 -0.042000000000000003 0.999 0.017568 0.32400445439999997 0
31 17 1 6 2.1816615649929121 3.8099999999999996 0.56000000000000005 -0.012 0.99950000000000006 0.0075060000000000005 0.59950763642880001 0
31 18 5 8 6.1784655520599268 4.8680000000000003 -0.080000000000000002 -0.058000000000000003 0.998 0.019728000000000002 4.2997248000000008 0
31 19 3 8 5.2359877559829888 4.4199999999999999 0 -0.024 0.99950000000000006 0.016829999999999998 8.9020159488000008 0
31 20 2 8 1.9024088846738192 6.5660000000000007 0.56000000000000005 -0.021999999999999999 0.998 0.01746 14.324091399475202 0
31 21 1 9 1.2217304763960306 1.6799999999999999 0.059999999999999998 -0.028000000000000001 1 0.0067229999999999998 0.23255009279999997 0
31 22 1 10 5.98647933434055 6.508 -0.90000000000000002 -0.028000000000000001 0.998 0.0047790000000000003 0.070523136 0
# rec 32 class 0 nop 11 nob 59 draws 917 float 483
32 0 1 -1 1.7627825445142729 19.342000560760496 -0.042000000000000003 -0.0030000000000000001 0.99250000000000005 0.0056160000000000003 28.39599092245102 0
32 1 1 -1 3.0368728984701332 45.374001121520998 -0.051999999999999998 0.0132 0.999 0.0088559999999999993 53.221538418915273 0
32 2 5 -1 2.1642082724729685 90.520002803802484 1.0840000000000001 -0.0095999999999999992 0.96350000000000002 0.014112 102.88117821720135 0
32 3 1 -1 3.595378259108319 178.90000560760498 0.23200000000000001 -0.00020000000000000001 0.98499999999999999 0.0075240000000000003 247.6049705605686 0.022572000000000002
32 4 3 -1 2.7576202181510405 308.64400953292846 -2.4100000000000001 -0.0112 0.9335 0.023099999999999999 434.60387934767408 0
32 5 1 -1 3.9269908169872414 463.28201457977298 2.9940000000000002 -0.5726 0.84999999999999998 0.0076679999999999995 932.19213829586909 0
32 6 9 -1 5.7595865315812871 647.51402074813848 -1.6379999999999999 0.44979999999999998 0.96850000000000003 0.36449999999999999 2107.3031602919641 0
32 7 8 -1 5.6897733615015147 865.82002803802493 2.1699999999999999 0.80520000000000003 0.78549999999999998 0.018144 3635.9149198580621 0
32 8 2 -1 2.0245819323134224 1126.4700364494324 -11.182 -1.4710000000000001 0.77800000000000002 0.031200000000000002 7646.5966546157797 0
32 9 6 -1 1.1693705988362009 1423.9640459823609 -0.75800000000000001 2.5508000000000002 0.58999999999999997 0.129024 10030.402720295251 0
32 10 6 -1 2.5656340004316642 1747.9620566368103 -17.074000000000002 -3.0644 0.94699999999999995 0.16972800000000002 12537.051437424539 0
32 11 1 2 0.29670597283903605 0.094 0 0 1 0.0072630000000000012 0.2079092736 0
32 12 1 4 3.246312408709453 0.93200000000000005 0.040000000000000001 0.016 1 0.0038070000000000005 0.32613503999999999 0
32 13 1 4 0.47123889803846897 1.76 0.12 -0.0080000000000000002 1 0.0047520000000000001 0.59134610304000002 0
32 14 5 5 1.2042771838760873 0.83199999999999996 0.02 0.0040000000000000001 1 0.017280000000000004 0.090690969600000004 0
32 15 1 6 5.6374134839416845 1.734 -0.29999999999999999 0.024 1 0.0057239999999999999 6.3032256000000011 0
32 16 2 6 0.55850536063818546 0.84500000000000008 -0.02 0.002 1 0.015480000000000001 10.903012646400002 0
32 17 2 6 6.1784655520599268 1.8080000000000001 -0.16 0.01 1 0.016560000000000002 21.565632510950405 0
32 18 5 6 4.2935099599060509 3.5630000000000002 -0.20000000000000001 0.0040000000000000001 0.99950000000000006 0.01512 21.915903876351791 0
32 19 0 6 1.1170107212763709 5.21 0 0.082000000000000003 0.998 0.0088199999999999997 25.978948085748339 0
32 20 6 6 6.2308254296197561 7.359 -0.73999999999999999 -0.02 0.99950000000000006 0.16070400000000001 38.785911755985232 0
32 21 8 6 2.8797932657906435 10.440000000000001 -0.66000000000000003 -0.016 0.99950000000000006 0.029915999999999998 37.510872634219503 0
32 22 2 6 1.0821041362364843 13.593 -0.14000000000000001 0.012 1 0.01251 34.56045982777178 0
32 23 3 6 1.2391837689159739 17.558 0.28000000000000003 0.12 0.99399999999999999 0.019899 42.422216547090159 0
32 24 6 6 5.532693728822025 21.655000000000001 -0.16 0.058000000000000003 0.996 0.124416 60.081062446844676 0
32 25 4 6 6.213372137099813 27.874000000000002 0.64000000000000001 0.064000000000000001 0.98850000000000005 0.02061 52.614849432483979 0
32 26 6 6 3.0368728984701332 33.064999999999998 -3.8999999999999999 -0.16 0.98399999999999999 0.10713600000000001 49.093883980383133 0
32 27 2 6 3.351032163829113 38.658000000000001 -0.88 0.154 0.98099999999999998 0.022859999999999998 42.489742483557144 0
32 28 8 6 4.4331363000655974 45.292999999999999 -4.5199999999999996 -0.002 0.99650000000000005 0.022464000000000001 49.081379446843236 0
32 29 0 6 3.1764992386296798 52.330000000000005 1.6200000000000001 0.048000000000000001 0.98299999999999998 0.015624000000000001 64.496057308503438 0
32 30 4 6 6.1610122595399837 60.339000000000006 -4.2000000000000002 -0.73599999999999999 0.98550000000000004 0.018720000000000001 49.891098206442599 0
32 31 4 6 5.6548667764616276 67.460000000000008 -5.2599999999999998 0.91600000000000004 0.96450000000000002 0.019890000000000001 43.549020577857839 0
32 32 1 6 0.95993108859688125 76.972999999999999 -0.80000000000000004 -0.71399999999999997 0.97250000000000003 0.0055890000000000002 55.675742676824505 0
32 33 1 7 0.64577182323790194 2.6019999999999999 0.059999999999999998 -0.025999999999999999 1 0.0062100000000000002 0.25895116800000001 0
32 34 1 7 3.8920842319473548 2.5 -0.20000000000000001 0.014 0.99950000000000006 0.0056700000000000006 0.55357605273600008 0
32 35 0 7 5.5676003138619112 4.6539999999999999 -0.46000000000000002 0.059999999999999998 0.999 0.0085050000000000004 1.0353674869493761 0
32 36 2 9 1.9896753472735358 5.0540000000000003 0.059999999999999998 0.024 0.99950000000000006 0.021239999999999998 1.4169931776000002 0
32 37 1 9 1.8675022996339325 3.7649999999999997 -0.26000000000000001 -0.021999999999999999 0.999 0.0055890000000000002 2.8199518470144 0
32 38 7 9 4.5553093477052 9.2579999999999991 0.26000000000000001 0.080000000000000002 0.99750000000000005 0.016199999999999999 6.5774011348942851 0
32 39 7 9 5.497787143782138 13.583 0.41999999999999998 0.045999999999999999 0.99550000000000005 0.015308999999999998 7.512457905901929 0
32 40 8 9 5.3058009260627621 20.899999999999999 -0.57999999999999996 0.096000000000000002 0.998 0.015768000000000001 6.4271915424644348 0
32 41 7 9 5.1661745859032155 31.408999999999999 -4.4800000000000004 0.182 0.99050000000000005 0.016118999999999998 7.3901909907260253 0
32 42 7 9 0.27925268031909273 45.960000000000001 -2.7999999999999998 -0.54600000000000004 0.98450000000000004 0.010692 10.133341371201602 0
32 43 7 9 0.017453292519943295 58.562999999999995 3.8599999999999999 -0.154 0.98750000000000004 0.015389999999999997 14.268784773020496 0
32 44 7 9 0.43633231299858238 71.427999999999997 4.7599999999999998 -0.152 0.97350000000000003 0.020978999999999998 10.815197375860715 0
32 45 7 9 3.9968039870670147 93.834999999999994 10.26 0.71599999999999997 0.996 0.013041000000000001 12.100185465495679 0
32 46 7 9 0.15707963267948966 113.574 3.6600000000000001 1.8440000000000001 0.98699999999999999 0.020978999999999998 16.572737659305208 0
32 47 7 9 3.3335788713091694 133.91499999999999 5.2000000000000002 -0.622 0.995 0.016766999999999997 12.534598733240141 0
32 48 7 9 4.0317105721069009 160.93799999999999 -8.6199999999999992 0.81599999999999995 0.92900000000000005 0.017981999999999998 13.210287589345702 0
32 49 2 10 1.3089969389957472 1.762 0.040000000000000001 0.002 1 0.021060000000000002 2.4810160128000005 0
32 50 5 10 5.4279739737023647 6.4100000000000001 0.040000000000000001 -0.02 0.998 0.01332 4.541849586892801 0
32 51 7 10 0.41887902047863912 8.8640000000000008 -1.04 0.112 0.996 0.017576999999999999 10.93331157563474 0
32 52 7 10 2.0594885173533091 12.504 -0.20000000000000001 -0.124 1 0.012716999999999999 11.148331653483877 0
32 53 7 10 4.2411500823462207 18.75 0.83999999999999997 0.20200000000000001 0.999 0.016281 13.041544487092924 0
32 54 7 10 4.2062434973063345 27.372 3.1400000000000001 0.043999999999999997 0.98899999999999999 0.008990999999999999 13.316295359958717 0
32 55 7 10 2.3212879051524582 35.140000000000001 -5.7800000000000002 0.26200000000000001 0.98850000000000005 0.021384 18.805176826948038 0
32 56 7 10 0.85521133347722145 47.164000000000001 -5.4400000000000004 0.114 0.98050000000000004 0.017091000000000002 20.527779650611663 0
32 57 7 10 4.5029494701453698 61.344000000000001 -4.6600000000000001 0.19400000000000001 0.96899999999999997 0.010125 18.643032525102672 0
32 58 7 10 3.0194196059501901 75.799999999999997 -8.0999999999999996 1.204 0.97199999999999998 0.015552 24.818613495340323 0
# rec 33 class 0 nop 12 nob 28 draws 462 float 236
33 0 5 -1 1.3439035240356338 27.210000171661378 -0.25600000000000001 -0.0055999999999999999 0.99850000000000005 0.024576000000000001 33.364100308418273 0
33 1 6 -1 0.20943951023931956 51.320000343322754 0.062 -0.049799999999999997 0.97499999999999998 0.164352 75.890638701534257 0.49305599999999999
33 2 1 -1 2.0420352248333655 108.70000085830688 -0.77800000000000002 0.053999999999999999 0.96399999999999997 0.0080999999999999996 164.46015919427228 0
33 3 4 -1 2.2340214425527418 201.44000171661378 -0.28599999999999998 -0.0070000000000000001 0.90600000000000003 0.024719999999999999 256.52784452885544 0
33 4 3 -1 3.839724354387525 316.2000029182434 5.0999999999999996 -0.34060000000000001 0.85799999999999998 0.026531999999999997 497.77796305801496 0.079595999999999986
33 5 9 -1 2.2340214425527418 493.99000446319582 -2.278 0.70640000000000003 0.77749999999999997 0.32249999999999995 1290.8852907081039 0.4837499999999999
33 6 5 -1 3.5081117965086026 693.96000635147095 -9.6500000000000004 0.74099999999999999 0.97350000000000003 0.018144 2110.1706851132012 0
33 7 2 -1 1.8849555921538759 939.26000858306884 2.5299999999999998 -0.23499999999999999 0.54949999999999999 0.031559999999999998 4094.3044939828255 0
33 8 8 -1 2.0769418098732522 1220.9500111579896 5.0460000000000003 0.1726 0.46600000000000003 0.029663999999999996 9153.1343581930232 0
33 9 2 -1 5.8468529941810043 1536.5500140762329 9.1099999999999994 -0.85519999999999996 0.39050000000000001 0.030959999999999998 11033.013647009881 0.06966
33 10 1 -1 4.7123889803846897 1892.150017337799 4.0199999999999996 0.52800000000000002 0.69350000000000001 0.009467999999999999 11474.83553979393 0
33 11 4 -1 4.6949356878647466 2273.080020942688 -12.327999999999999 1.0092000000000001 0.53549999999999998 0.029039999999999996 13812.575324644762 0.043559999999999995
33 12 1 3 5.5152404363020811 0.628 0.040000000000000001 0.0080000000000000002 1 0.0049410000000000001 0.29458329600000005 0
33 13 1 4 4.2062434973063345 1.3280000000000001 0.16 0.0080000000000000002 1 0.0051570000000000001 0.39089064959999992 0
33 14 1 4 0.087266462599716474 1.76 0 0.002 1 0.0049950000000000003 0.9138558122496 0
33 15 3 5 3.6302848441482056 0.252 -0.02 0.002 1 0.016929 5.2962239999999987 0
33 16 3 5 3.9793506945470716 0.39000000000000001 0.02 0 1 0.020393999999999999 10.168737695999999 0
33 17 8 5 1.7976891295541595 0.77400000000000002 -0.059999999999999998 0.01 1 0.025704000000000001 22.571091873791993 0
33 18 3 5 5.0440015382636121 1.044 -0.040000000000000001 -0.002 1 0.027719999999999998 28.969639044390689 0
33 19 8 5 4.9567350756638957 1.6000000000000001 0.14000000000000001 -0.017999999999999999 1 0.019980000000000001 17.116492005704792 0
33 20 1 5 5.5676003138619112 2.3820000000000001 0.26000000000000001 0.024 0.99950000000000006 0.0044279999999999996 33.704344249155319 0
33 21 1 6 0.3490658503988659 1.0780000000000001 0.040000000000000001 0.0060000000000000001 1 0.0067499999999999999 0.18370437120000002 0
33 22 1 6 3.6826447217080354 1.5350000000000001 -0.02 -0.01 1 0.0058050000000000003 0.5087038795776001 0
33 23 5 7 4.8171087355043491 5.3420000000000005 -0.40000000000000002 0.021999999999999999 1 0.01188 0.38134579199999996 0
33 24 1 8 0.069813170079773182 3.0299999999999998 -0.40000000000000002 0.0060000000000000001 0.999 0.005751 0.3079360512 0
33 25 0 9 3.5779249665883754 3.1399999999999997 -0.17999999999999999 -0.042000000000000003 0.999 0.0098280000000000017 0.34992230399999996 0
33 26 1 10 3.7873644768276953 3.3480000000000003 -0.29999999999999999 0.035999999999999997 1 0.0039420000000000002 0.15354823679999999 0
33 27 1 11 4.9043751981040664 1.266 0.20000000000000001 -0.0060000000000000001 1 0.0053460000000000001 0.33565593599999999 0
# rec 34 class 0 nop 6 nob 14 draws 229 float 118
34 0 0 -1 0.31415926535897931 21.22499942779541 -0.28999999999999998 0.029600000000000001 0.99750000000000005 0.021000000000000001 26.335124173164367 0
34 1 8 -1 4.9392817831439526 46.889998855590818 0.080000000000000002 0.032199999999999999 0.98499999999999999 0.015552 62.154295048561096 0
34 2 4 -1 2.7052603405912108 94.354997138977055 0.25600000000000001 0.1152 0.99399999999999999 0.018239999999999999 124.56991034491759 0.027359999999999999
34 3 4 -1 1.4137166941154069 197.1599942779541 1.5900000000000001 0.25459999999999999 0.91249999999999998 0.02052 265.3434181881359 0
34 4 3 -1 0.90757121103705141 316.544990272522 -0.35799999999999998 -0.18440000000000001 0.92049999999999998 0.029435999999999997 495.04074763747479 0
34 5 9 -1 2.2863813201125716 475.83998512268067 3.3079999999999998 -0.59279999999999999 0.78949999999999998 0.23249999999999998 1169.4485460209451 0
34 6 5 2 1.4660765716752369 0.184 0 0 1 0.014976000000000001 0.17930649600000001 0
34 7 1 3 1.9373154697137058 0.12000000000000001 0 0 1 0.0074250000000000002 0.23507712 0
34 8 5 3 3.5255650890285457 0.125 0 0 1 0.011592000000000002 0.46189633536000008 0
34 9 1 4 0.94247779607693793 1.1599999999999999 0.059999999999999998 -0.0080000000000000002 1 0.0062910000000000006 0.37188264959999995 0
34 10 1 4 3.7350045992678651 0.91000000000000003 0.10000000000000001 0.0060000000000000001 1 0.0050490000000000005 0.54427832785920005 0
34 11 2 5 6.1435589670200397 0.32000000000000001 0 0.002 1 0.021239999999999998 3.7080959999999998 0
34 12 2 5 0.52359877559829882 0.28000000000000003 0 0 1 0.01269 6.7242005760000003 0
34 13 0 5 0.017453292519943295 0.42000000000000004 -0.02 0 1 0.010899000000000001 13.502154652032001 0
# rec 35 class 0 nop 10 nob 19 draws 321 float 162
35 0 5 -1 0.3490658503988659 30.24800012588501 -0.21199999999999999 0.0144 0.999 0.016511999999999999 32.46384023666382 0.049535999999999997
35 1 1 -1 4.6600291028248595 37.956000251770021 0.214 0.063200000000000006 0.98350000000000004 0.0093600000000000003 63.632350223884586 0
35 2 3 -1 2.6529004630313811 96.470000629425044 0.39000000000000001 0.053999999999999999 0.96299999999999997 0.023363999999999996 112.01394303131001 0.035045999999999994
35 3 3 -1 0.75049157835756175 177.7400012588501 -0.33400000000000002 0.014 0.94950000000000001 0.028908 204.43618538453842 0
35 4 2 -1 2.9845130209103035 295.90600214004519 3.6659999999999999 0.254 0.88500000000000001 0.016919999999999998 419.2600031318949 0
35 5 0 -1 0.26179938779914941 463.00800327301027 4.306 -0.4042 0.86299999999999999 0.015204000000000001 887.26449820686128 0
35 6 3 -1 1.8500490071139892 641.02600465774537 1.532 -0.16900000000000001 0.97950000000000004 0.036431999999999999 1864.956825393434 0
35 7 1 -1 3.0368728984701332 867.59000629425054 -2.7360000000000002 0.0258 0.77249999999999996 0.0050399999999999993 3609.194838172577 0
35 8 4 -1 0.24434609527920614 1137.4100081825256 16.908000000000001 0.37019999999999997 0.81850000000000001 0.027960000000000002 7236.4464889589544 0.08388000000000001
35 9 2 -1 4.1015237421866741 1423.9960103225708 -23.635999999999999 1.085 0.81299999999999994 0.026279999999999998 7985.5027646751214 0
35 10 1 2 1.9896753472735358 0.091999999999999998 0 0 1 0.0069120000000000006 0.22818216959999996 0
35 11 1 3 4.1538836197465043 0.38999999999999996 -0.040000000000000001 -0.0040000000000000001 1 0.0049680000000000002 0.41849533440000003 0
35 12 0 3 2.4609142453120048 1.0600000000000001 0.16 0.0080000000000000002 1 0.011025 0.59848496040959998 0
35 13 1 3 1.0995574287564276 1.1099999999999999 -0.02 0.016 1 0.005751 1.5687000478296576 0
35 14 1 4 0.99483767363676789 0.33799999999999997 0.040000000000000001 0 1 0.0040500000000000006 0.18430617599999999 0
35 15 1 6 0.3490658503988659 3.3320000000000003 0.38 -0.012 0.99950000000000006 0.0059940000000000002 0.46586327040000003 0
35 16 0 7 0.90757121103705141 1.0699999999999998 -0.02 0.0040000000000000001 1 0.016821000000000003 0.069866496 0
35 17 1 9 1.5882496193148399 3.976 -0.12 -0.0080000000000000002 0.99850000000000005 0.006156 0.28357171200000003 0
35 18 1 9 4.1538836197465043 5.79 0.78000000000000003 0.0060000000000000001 1 0.0049410000000000001 0.68133132748800007 0
# rec 36 class 1 nop 11 nob 29 draws 468 float 243
36 0 1 -1 2.8274333882308138 66.945998535156249 -0.75 -0.044999999999999998 0.98599999999999999 0.0093600000000000003 108.90159759521485 0.028080000000000001
36 1 2 -1 4.3284165449459371 162.19199707031251 0.376 -0.063 0.94950000000000001 0.015479999999999999 205.85497625427249 0
36 2 8 -1 1.4486232791552935 353.53999267578126 1.212 0.1792 0.82550000000000001 0.031247999999999998 453.38746512101449 0
36 3 1 -1 3.7524578917878086 720.93998535156254 1.3460000000000001 -0.39000000000000001 0.66749999999999998 0.008568000000000001 860.25125176198469 0
36 4 9 -1 1.4835298641951802 1148.0019750976562 3.4100000000000001 -1.2527999999999999 0.94399999999999995 0.159 1771.9954387686107 0
36 5 2 -1 1.8325957145940461 1727.1059619140624 -4.7599999999999998 3.1305999999999998 0.67900000000000005 0.023400000000000001 3335.4031907067065 0
36 6 3 -1 5.3407075111026483 2470.3519458007813 -0.44400000000000001 0.70440000000000003 0.45850000000000002 0.033131999999999995 7031.2054735460897 0
36 7 4 -1 4.9741883681838388 3339.8099267578127 8.9039999999999999 2.8994 -0.19400000000000001 0.024839999999999997 13627.763322268862 0
36 8 2 -1 5.6897733615015147 4317.2799047851558 2.1379999999999999 0.47639999999999999 0.753 0.01932 25965.024641620796 0
36 9 9 -1 2.9670597283903604 5465.9218798828124 8.8699999999999992 0.95540000000000003 -0.18049999999999999 0.17399999999999999 38167.054726813876 0
36 10 1 -1 5.6199601914217414 6703.8858520507811 -1.044 -0.047800000000000002 -2.1480000000000001 0.0098279999999999982 44152.857365289834 0
36 11 1 2 2.0594885173533091 1.3679999999999999 -0.040000000000000001 -0.0040000000000000001 1 0.0062100000000000002 0.47796940800000004 0
36 12 5 4 1.0821041362364843 3.0720000000000001 0.02 0.014 1 0.018647999999999998 2.2550016000000004 0
36 13 2 4 2.2689280275926285 3.6699999999999999 -0.059999999999999998 0.0080000000000000002 0.999 0.017910000000000002 3.8697618432000005 0
36 14 1 4 5.5152404363020811 7.0140000000000002 0.68000000000000005 0.042000000000000003 0.99750000000000005 0.0046710000000000007 10.2081142674432 0
36 15 8 4 0.33161255787892263 9.6839999999999993 -0.56000000000000005 -0.042000000000000003 0.998 0.014579999999999999 8.1836651994156586 0
36 16 4 4 0.6108652381980153 14.630000000000001 0.22 -0.27000000000000002 0.99950000000000006 0.023310000000000001 10.55358256484908 0
36 17 0 4 5.3930673886624785 21.552 0.22 0.378 1 0.012222 9.8069620057451754 0
36 18 4 4 5.6897733615015147 29.199999999999999 1.3200000000000001 0.46800000000000003 0.99950000000000006 0.01737 13.501995413389873 0
36 19 1 4 1.9198621771937625 40.073999999999998 -0.59999999999999998 -0.16600000000000001 0.98550000000000004 0.0055620000000000001 12.626671555138515 0
36 20 1 4 3.6128315516282621 50.753999999999998 1.26 -0.075999999999999998 0.99350000000000005 0.0052650000000000006 18.481045859780711 0
36 21 1 4 2.0769418098732522 64.090000000000003 -4.1399999999999997 0.16 0.97050000000000003 0.0038070000000000005 12.650343261527885 0
36 22 1 7 4.2236967898262776 3.8439999999999999 0.59999999999999998 0.028000000000000001 0.99850000000000005 0.0046979999999999999 0.27566438399999998 0
36 23 1 8 0.78539816339744828 5.032 0 0.034000000000000002 1 0.0039420000000000002 0.23517849600000001 0
36 24 7 9 2.9670597283903604 6.4939999999999998 0.059999999999999998 0.01 0.999 0.018953999999999999 2.1136127999999998 0
36 25 6 9 5.2534410485029319 12.004999999999999 -0.12 -0.037999999999999999 0.996 0.124416 5.0006163456000001 0
36 26 7 9 1.6929693744344996 18.018000000000001 0.88 -0.002 1 0.017496000000000001 11.181690687283199 0
36 27 7 9 3.4557519189487724 33.933 -6.3200000000000003 -0.20599999999999999 0.996 0.0099629999999999996 10.736648188214353 0
36 28 8 9 3.2986722862692828 48.239999999999995 -0.26000000000000001 -0.11799999999999999 0.98599999999999999 0.023220000000000001 9.5773038485277642 0
# rec 37 class 0 nop 5 nob 21 draws 322 float 173
37 0 6 -1 0.3490658503988659 36.151999816894531 0.19800000000000001 0.020799999999999999 0.98399999999999999 0.15667200000000001 35.916839675903319 0.47001599999999999
37 1 6 -1 0.83775804095727824 42.38399963378906 0.59999999999999998 0.033799999999999997 0.98350000000000004 0.15820800000000002 70.713155121917723 0
37 2 2 -1 1.8849555921538759 120.39999908447265 -0.17399999999999999 -0.1134 0.98299999999999998 0.02724 140.73089448163054 0.061289999999999997
37 3 3 -1 3.351032163829113 207.78999816894532 -0.13400000000000001 0.21479999999999999 0.95399999999999996 0.022703999999999998 300.58237031350086 0
37 4 6 -1 1.4137166941154069 364.71399688720703 -1.8899999999999999 -0.34000000000000002 0.85350000000000004 0.112896 641.10311173512991 0
37 5 1 2 0.31415926535897931 0.064000000000000001 0 0 1 0.0068580000000000004 0.37063833600000001 0
37 6 1 2 4.5029494701453698 0.11 0 0 1 0.0044279999999999996 0.88547102361600005 0
37 7 5 3 4.9043751981040664 0.48600000000000004 0 0.002 1 0.012959999999999999 0.34524610560000002 0
37 8 1 3 1.0821041362364843 0.60000000000000009 0.059999999999999998 0.002 1 0.0052650000000000006 0.83360892764160011 0
37 9 1 3 4.5378560551852569 1.3620000000000001 0.080000000000000002 0.0060000000000000001 1 0.0046170000000000004 1.4150959826116609 0
37 10 2 4 6.1784655520599268 0.70600000000000007 0.040000000000000001 -0.01 1 0.013770000000000001 1.5057616895999999 0
37 11 8 4 5.3058009260627621 1.1400000000000001 -0.080000000000000002 0 1 0.021492000000000001 2.0065647329280001 0
37 12 8 4 1.4137166941154069 1.4220000000000002 -0.080000000000000002 0 1 0.020952000000000002 4.2633598913740798 0
37 13 2 4 5.0963614158234423 2.1920000000000002 -0.059999999999999998 0.017999999999999999 1 0.017910000000000002 5.5455643872257898 0
37 14 5 4 2.7401669256310974 3.2400000000000002 -0.34000000000000002 0.012 1 0.014544000000000001 4.0487476497335901 0
37 15 5 4 5.2883476335428181 4.6960000000000006 -0.64000000000000001 0.058000000000000003 0.998 0.017136000000000002 5.9847655319509254 0
37 16 1 4 5.8817595792208905 6.3399999999999999 1.0600000000000001 0.056000000000000001 0.99750000000000005 0.006156 8.0649980018205767 0
37 17 1 4 3.8746309394274117 8.7219999999999995 0.81999999999999995 0.014 0.999 0.0060210000000000003 5.806094947108436 0
37 18 1 4 3.9968039870670147 11.072000000000001 -1.28 0 0.99950000000000006 0.0075330000000000006 9.8583056644388005 0
37 19 4 4 4.8171087355043491 13.74 -1.3600000000000001 0.218 0.99550000000000005 0.024480000000000002 11.154868674972962 0
37 20 2 4 6.2482787221397 17.526 -0.14000000000000001 0.182 0.999 0.014400000000000001 10.767033500034358 0
# rec 38 class 0 nop 7 nob 22 draws 346 float 183
38 0 8 -1 5.6897733615015147 36.421000709533693 0.35799999999999998 0.027400000000000001 0.98599999999999999 0.019872000000000001 34.745461177825923 0
38 1 4 -1 6.0213859193804371 59.802001419067381 -0.23400000000000001 0.089999999999999997 0.99199999999999999 0.030959999999999998 75.340160273933407 0
38 2 3 -1 1.2915436464758039 121.35500354766846 -0.55400000000000005 -0.0023999999999999998 0.99250000000000005 0.025211999999999995 124.23982359760836 0
38 3 3 -1 5.6548667764616276 224.7300070953369 0.13400000000000001 0.0134 0.94550000000000001 0.026795999999999997 259.78808061380647 0
38 4 1 -1 5.1661745859032155 360.75701206207276 -1.708 -0.3886 0.9425 0.0079559999999999995 553.86145760747968 0
38 5 6 -1 0.15707963267948966 546.48601844787595 -3.8799999999999999 0.0060000000000000001 0.87549999999999994 0.11366399999999999 1154.3287434271219 0.17049599999999998
38 6 3 -1 4.2586033748661638 794.34702625274656 -3.48 0.0872 0.62649999999999995 0.025871999999999999 2302.0672009888617 0
38 7 8 5 3.12413936106985 2.46 -0.35999999999999999 -0.016 0.99950000000000006 0.017604000000000002 1.1348213759999999 0
38 8 8 5 2.3911010752322315 2.7750000000000004 -0.12 -0.028000000000000001 0.999 0.017711999999999999 2.4343373414399996 0
38 9 0 5 4.7123889803846897 3.9400000000000004 -0.02 0 0.999 0.0078120000000000004 5.7224019679641582 0
38 10 2 5 4.9043751981040664 6.2150000000000007 -0.12 -0.043999999999999997 1 0.02232 5.7450106305172719 0
38 11 5 5 0.62831853071795862 9.4600000000000009 1.2 0.056000000000000001 0.997 0.020376000000000002 7.9361828122796352 0
38 12 2 5 4.9916416607037828 13.305000000000001 -0.29999999999999999 0.073999999999999996 0.995 0.016380000000000002 7.3083744305309386 0
38 13 1 5 6.1086523819801535 19.27 1.6000000000000001 0.154 1 0.0048060000000000004 6.6741198759983771 0
38 14 2 5 5.5850536063818543 24.765000000000001 -1.8 0.22800000000000001 0.99650000000000005 0.017820000000000003 11.576958292266031 0
38 15 3 5 5.8817595792208905 32.300000000000004 -2.6200000000000001 -0.60799999999999998 0.98799999999999999 0.019503 8.617028782191257 0
38 16 3 5 4.9567350756638957 41.015000000000001 -1.52 -0.44800000000000001 0.98699999999999999 0.026729999999999997 10.624414348743409 0
38 17 4 5 2.2340214425527418 49.460000000000001 0.83999999999999997 0.34799999999999998 0.99950000000000006 0.017910000000000002 11.358487466648262 0
38 18 0 5 3.5255650890285457 59.925000000000004 1.5800000000000001 0 0.99650000000000005 0.012725999999999999 8.0417431773954409 0
38 19 1 6 6.1261056745000966 2.266 0.02 -0.0060000000000000001 0.99950000000000006 0.0044010000000000004 0.34805084159999999 0
38 20 1 6 3.0368728984701332 1.73 -0.040000000000000001 -0.016 1 0.0071009999999999997 0.65408158126080007 0
38 21 1 6 2.4958208303518914 2.262 -0.080000000000000002 -0.014 1 0.0059670000000000009 1.4706233072154626 0
# rec 39 class 0 nop 1 nob 1 draws 22 float 9
39 0 5 -1 5.4105206811824216 30.225000686645508 -0.28999999999999998 0.0138 0.99399999999999999 0.024576000000000001 27.369551219940185 0
# rec 40 class 11 nop 3 nob 18 draws 304 float 147
40 0 6 -1 4.7472955654245768 0.94700001001358036 -0.002 -0.00040000000000000002 1 0.11366399999999999 28.334600365161897 0.34099199999999996
40 1 6 -1 6.0911990894602104 1.8840000200271607 -0.0040000000000000001 -0.0011999999999999999 1 0.18585599999999999 60.091937574434283 0.55756799999999995
40 2 6 -1 1.064650843716541 4.4150000500679019 0.016 0.0054000000000000003 1 0.16511999999999999 119.35690595741102 0
40 3 0 2 3.6477381366681487 0.062000000000000006 0 0 1 0.0097650000000000011 1.790164992 0
40 4 4 2 5.1312680008633285 0.065000000000000002 0 0 1 0.01917 3.6929011384320001 0
40 5 1 2 5.8992128717408336 0.094000000000000014 0 0 1 0.0048060000000000004 9.3818036310835211 0
40 6 1 2 2.7750735106709841 0.14900000000000002 0 0 1 0.0053730000000000002 6.6552053659816242 0
40 7 1 2 3.8920842319473548 0.25 0 0 1 0.0073980000000000001 7.7977343890553712 0
40 8 5 2 3.2986722862692828 0.39700000000000002 0 0 1 0.014544000000000001 10.247635910031134 0
40 9 7 2 3.4906585039886591 0.52000000000000002 0.040000000000000001 0 1 0.017901 9.4543685055898923 0
40 10 7 2 5.1138147083433854 0.67900000000000005 0.040000000000000001 0.0040000000000000001 1 0.019520999999999997 15.962159773968029 0
40 11 2 2 3.473205211468716 0.8640000000000001 -0.080000000000000002 -0.002 1 0.016920000000000001 14.11753925585743 0
40 12 5 2 2.3561944901923448 1.0950000000000002 0.040000000000000001 0.0080000000000000002 1 0.019224000000000002 13.76154148307319 0
40 13 8 2 0 1.3520000000000001 -0.040000000000000001 0.016 1 0.017172 12.408492238624294 0
40 14 7 2 3.001966313430247 1.6350000000000002 -0.02 0.002 1 0.013364999999999998 21.616045679711618 0
40 15 2 2 1.1344640137963142 1.9340000000000002 0.040000000000000001 0 1 0.0189 18.270717009674566 0
40 16 7 2 1.7104226669544429 2.2490000000000001 0.040000000000000001 -0.0060000000000000001 1 0.008990999999999999 16.891496896071391 0
40 17 1 2 1.0297442586766545 2.5900000000000003 -0.02 0.035999999999999997 1 0.0064530000000000004 20.509924640042989 0
# rec 41 class 0 nop 9 nob 32 draws 501 float 265
41 0 1 -1 3.3684854563490561 32.277999782562254 0.40799999999999997 0.0033999999999999998 0.98750000000000004 0.0092879999999999994 34.024509627819064 0.013932
41 1 6 -1 3.2812189937493397 39.90599956512451 0.27200000000000002 0.0032000000000000002 0.98699999999999999 0.20044799999999999 64.199710857744222 0
41 2 3 -1 4.310963252425994 103.56999891281129 0.52200000000000002 0.024 0.98750000000000004 0.027587999999999998 118.61286077121987 0
41 3 1 -1 1.6057029118347832 216.66999782562254 0.79800000000000004 0.1208 0.91449999999999998 0.0086759999999999997 229.7197473419416 0
41 4 2 -1 0.71558499331767511 350.58599630355837 -2.5739999999999998 -0.21340000000000001 0.85699999999999998 0.028919999999999998 505.5899169610903 0.043379999999999995
41 5 9 -1 0.13962634015954636 536.61799434661862 2.0819999999999999 -0.088999999999999996 0.82699999999999996 0.29999999999999999 964.58593354827303 0.89999999999999991
41 6 5 -1 3.4382986264288293 744.9459919548035 -7.8760000000000003 -0.54879999999999995 0.65300000000000002 0.017184000000000001 2129.2500451902956 0
41 7 4 -1 5.6374134839416845 1003.2699891281128 7.0979999999999999 1.708 0.74250000000000005 0.027 4413.5999672987391 0
41 8 2 -1 1.3788101090755203 1293.8299858665466 -12.048 -1.5406 0.58550000000000002 0.024 8288.8875866450926 0
41 9 0 2 1.3962634015954636 0.34200000000000003 0.02 0.002 1 0.012537 0.36548582400000001 0
41 10 5 4 2.1991148575128552 0.042000000000000003 0 0 1 0.014904000000000002 0.39534796799999999 0
41 11 3 5 1.3613568165555769 0.96599999999999997 -0.02 -0.002 1 0.015740999999999998 3.8975999999999997 0
41 12 1 5 1.1344640137963142 0.64000000000000001 0 0.01 1 0.0046440000000000006 9.9582911999999997 0
41 13 5 5 1.9722220547535925 1.462 0.10000000000000001 -0.0040000000000000001 1 0.014616000000000001 14.722981478399999 0
41 14 3 5 3.717551306747922 2.2319999999999998 0.28000000000000003 0.037999999999999999 0.99950000000000006 0.020691000000000001 25.126279829833724 0
41 15 1 5 5.0440015382636121 3.46 0.22 -0.014 0.999 0.0067499999999999999 21.466301441923584 0
41 16 3 5 4.7123889803846897 5.3259999999999996 -0.14000000000000001 -0.0060000000000000001 1 0.021581999999999997 24.026554622088099 0
41 17 5 5 1.2042771838760873 7.21 0.35999999999999999 0.064000000000000001 0.999 0.010440000000000001 32.071613186800519 0
41 18 0 5 0.33161255787892263 9.7219999999999995 -0.66000000000000003 -0.0080000000000000002 0.99750000000000005 0.016002000000000002 28.320915130573187 0
41 19 2 5 3.7873644768276953 12.752000000000001 -1.7 -0.0060000000000000001 0.995 0.019530000000000002 42.713435100863705 0
41 20 6 5 5.6374134839416845 15.93 -0.26000000000000001 -0.152 0.99750000000000005 0.099648 41.037133322232293 0
41 21 1 5 4.3458698374658802 18.966000000000001 1.6399999999999999 -0.29599999999999999 0.99150000000000005 0.00513 45.292542665398003 0
41 22 0 5 3.3335788713091694 23.09 0.059999999999999998 -0.33400000000000002 0.99850000000000005 0.013104000000000001 52.045721353254798 0
41 23 1 5 5.8992128717408336 27.052 0.41999999999999998 0.032000000000000001 0.99950000000000006 0.0064799999999999996 41.895389315956905 0
41 24 1 5 3.5604716740684323 32.231999999999999 0.73999999999999999 0.41199999999999998 0.99299999999999999 0.0054000000000000003 37.131134000520909 0
41 25 1 5 0.15707963267948966 36.609999999999999 1.24 -0.626 0.98499999999999999 0.0053190000000000008 42.979227486587966 0
41 26 0 5 0.94247779607693793 42.025999999999996 -0.97999999999999998 -0.44800000000000001 0.98050000000000004 0.011655 32.969049626447358 0
41 27 8 5 3.0543261909900767 47.859999999999999 -2.3199999999999998 -0.53400000000000003 0.98599999999999999 0.022788000000000003 46.026435316789851 0
41 28 8 5 1.1693705988362009 53.961999999999996 -7.0800000000000001 0.47399999999999998 0.98550000000000004 0.013932000000000002 56.009848085094397 0
41 29 5 6 1.0122909661567112 1.9139999999999999 -0.059999999999999998 0.017999999999999999 1 0.018360000000000001 0.25778749439999998 0
41 30 1 8 5.8468529941810043 1.6239999999999999 0 0.017999999999999999 1 0.0054809999999999998 0.38430720000000007 0
41 31 1 8 3.0368728984701332 2.1850000000000001 -0.10000000000000001 0.01 0.99950000000000006 0.0049680000000000002 0.56634439680000004 0
# rec 42 class 0 nop 5 nob 8 draws 140 float 69
42 0 6 -1 0.71558499331767511 32.563999805450436 -0.20999999999999999 0.047 0.98399999999999999 0.17663999999999999 32.346559648513789 0
42 1 4 -1 1.4660765716752369 43.65799961090088 -0.029999999999999999 -0.0023999999999999998 0.98499999999999999 0.031200000000000002 56.838515222377772 0
42 2 3 -1 2.8274333882308138 99.679999027252194 0.184 -0.13739999999999999 0.98599999999999999 0.024947999999999998 99.385937246446318 0
42 3 1 -1 2.7925268031909272 185.03999805450439 -1.704 -0.1246 0.98950000000000005 0.0085319999999999997 212.51391447467523 0
42 4 2 -1 6.1261056745000966 308.34799669265749 -1.5620000000000001 0.1414 0.99350000000000005 0.02172 492.1162657977863 0.048869999999999997
42 5 1 2 1.9896753472735358 0.188 0 0 1 0.0041850000000000004 0.42886609920000002 0
42 6 1 4 4.3458698374658802 0.71999999999999997 -0.040000000000000001 0 1 0.0043470000000000002 0.25883289599999998 0
42 7 1 4 4.9741883681838388 0.64000000000000001 -0.040000000000000001 -0.002 1 0.0046170000000000004 0.55993339852799995 0
# rec 43 class 0 nop 5 nob 22 draws 336 float 181
43 0 4 -1 1.0471975511965976 28.032999725341796 0.106 0.0051999999999999998 0.99450000000000005 0.02724 25.356049537658691 0.061289999999999997
43 1 8 -1 2.1642082724729685 41.445999450683594 -0.14399999999999999 0.058200000000000002 1 0.023472 56.718219165801997 0.070416000000000006
43 2 6 -1 2.6179938779914944 83.144998626708983 -1.302 0.012800000000000001 0.97099999999999997 0.196608 125.6141023839569 0.44236799999999998
43 3 3 -1 5.6025068989017974 161.08999725341798 -0.92400000000000004 0.057799999999999997 0.94650000000000001 0.026135999999999996 226.04236288139393 0
43 4 1 -1 3.6302848441482056 265.06099533081056 3.0939999999999999 0 0.86850000000000005 0.0072359999999999994 437.27045403602853 0
43 5 1 2 5.1661745859032155 0.14400000000000002 0 0 1 0.0036449999999999998 2.8965863424000005 0
43 6 5 2 2.0245819323134224 0.16000000000000003 0 0 1 0.018720000000000001 5.9111802667008009 0
43 7 2 2 2.2863813201125716 0.25800000000000001 0.02 0.002 1 0.021690000000000001 15.016086786067664 0
43 8 0 2 5.2883476335428181 0.49800000000000005 0.02 -0.002 1 0.017829000000000001 15.31836808714155 0
43 9 5 2 3.2812189937493397 0.68000000000000005 0 -0.0040000000000000001 1 0.013104000000000001 17.119369231405479 0
43 10 5 2 4.066617157146788 1.034 -0.02 0.014 1 0.014760000000000002 16.474206048801619 0
43 11 1 2 5.8468529941810043 1.5200000000000002 0 0.014 1 0.0060480000000000004 19.508596868453552 0
43 12 2 2 5.742133239061344 1.9380000000000002 -0.02 -0.02 0.99950000000000006 0.018720000000000001 22.062193556283844 0
43 13 1 2 0.13962634015954636 2.4680000000000004 -0.29999999999999999 -0.016 1 0.0048869999999999999 25.015528400053856 0
43 14 0 2 2.4260076602721181 3.1100000000000003 -0.10000000000000001 0.014 0.99950000000000006 0.016569 15.528654879431256 0
43 15 8 2 1.5882496193148399 3.7040000000000006 0.32000000000000001 -0.012 1 0.023652000000000003 21.298135875517353 0
43 16 4 2 1.8500490071139892 4.4800000000000004 -0.059999999999999998 -0.016 1 0.017729999999999999 21.802846700580581 0
43 17 1 2 5.4803338512621949 5.2580000000000009 0.059999999999999998 0.032000000000000001 0.99850000000000005 0.0056160000000000003 27.509480139236608 0
43 18 3 2 6.0911990894602104 6.1880000000000006 0.16 0.0040000000000000001 1 0.022076999999999999 27.806833499855379 0
43 19 3 2 4.6076692252650302 7.2000000000000011 -0.46000000000000002 -0.042000000000000003 0.99850000000000005 0.012276 22.378469239664593 0
43 20 2 2 6.0737457969402664 8.2440000000000015 -0.47999999999999998 0.050000000000000003 0.99650000000000005 0.01035 29.194449857104924 0
43 21 1 4 4.9392817831439526 0.12200000000000001 0 0 1 0.0080190000000000001 0.1025312256 0
# rec 44 class 4 nop 7 nob 25 draws 390 float 207
44 0 1 -1 0.4537856055185257 55.385002517700194 0.087999999999999995 -0.052400000000000002 0.97899999999999998 0.0096839999999999999 89.491729116439814 0
44 1 6 -1 5.1312680008633285 118.08000503540039 0.83599999999999997 0.084199999999999997 0.95899999999999996 0.18355200000000002 178.90956597948076 0.55065600000000003
44 2 5 -1 1.3962634015954636 280.65501258850099 3.1000000000000001 -0.34899999999999998 0.97850000000000004 0.022079999999999999 353.15302590482997 0
44 3 5 -1 3.8571776469074681 592.18002517700199 -5.992 -0.13200000000000001 0.79900000000000004 0.015264 813.99398937487979 0
44 4 6 -1 3.3684854563490561 933.59504280090334 9.4199999999999999 0.20300000000000001 0.68000000000000005 0.15897600000000001 1719.1467522078437 0.35769600000000001
44 5 8 -1 1.6929693744344996 1470.5000654602052 -7.7759999999999998 0.113 0.64200000000000002 0.022464000000000001 3512.0855122555718 0
44 6 0 -1 6.0737457969402664 2074.6950931549072 20.001999999999999 1.5444 0.81499999999999995 0.021336000000000001 6440.3793168205575 0
44 7 1 2 4.6076692252650302 0.81400000000000006 0.080000000000000002 0.01 1 0.0035639999999999999 0.28912435200000003 0
44 8 5 4 4.3807764225057673 0.70400000000000007 -0.059999999999999998 0 1 0.018216000000000003 2.3360569344000002 0
44 9 5 4 4.8520153205442362 1.395 0.080000000000000002 0.0080000000000000002 1 0.017568 4.5283039248383998 0
44 10 5 4 4.8520153205442362 1.548 -0.02 0.0040000000000000001 1 0.014400000000000001 8.6500745567797264 0
44 11 8 4 1.7627825445142729 2.3530000000000002 0.16 -0.042000000000000003 0.99950000000000006 0.018252000000000001 10.612996463263503 0
44 12 2 4 2.5481807079117211 4.5600000000000005 -0.29999999999999999 0.017999999999999999 0.99850000000000005 0.022590000000000002 10.919340804920857 0
44 13 1 4 0.66322511575784526 5.7590000000000003 0.47999999999999998 -0.035999999999999997 0.99750000000000005 0.0056430000000000004 14.862596833863867 0
44 14 3 4 1.8849555921538759 8.0899999999999999 -0.47999999999999998 -0.040000000000000001 0.99750000000000005 0.019998000000000002 16.579094795327098 0
44 15 0 4 4.3284165449459371 10.273000000000001 0.02 0.17199999999999999 0.99750000000000005 0.010332000000000001 17.516207029267282 0
44 16 5 4 4.3807764225057673 13.428000000000001 -1.8200000000000001 -0.114 0.99550000000000005 0.0096480000000000003 19.205518917608039 0
44 17 3 4 4.5204027626653138 17.035 -0.68000000000000005 0.218 0.999 0.014256 14.780087221018208 0
44 18 2 4 0.99483767363676789 20.944000000000003 -0.64000000000000001 -0.35399999999999998 0.99399999999999999 0.017910000000000002 22.748454125584818 0
44 19 3 4 2.2514747350726849 25.165000000000003 -1.8400000000000001 0.012 0.99099999999999999 0.012969 19.239823593562576 0
44 20 1 4 0.97738438111682457 29.618000000000002 -2.1000000000000001 0.002 0.98750000000000004 0.0044550000000000006 17.027872493488779 0
44 21 1 4 1.2740903539558606 35.033000000000001 1.0600000000000001 0.192 0.996 0.0052650000000000006 26.750985060405554 0
44 22 4 4 2.1642082724729685 40.490000000000002 3.1600000000000001 -0.51400000000000001 0.98199999999999998 0.01737 24.512836232611733 0
44 23 1 5 0.66322511575784526 6.6000000000000005 -0.44 0.029999999999999999 1 0.0041580000000000002 0.29990338560000007 0
44 24 1 5 3.4208453339088858 6.1850000000000005 0.68000000000000005 -0.082000000000000003 0.99850000000000005 0.0051840000000000002 0.65734825328640001 0
# rec 45 class 9 nop 8 nob 40 draws 636 float 328
45 0 9 -1 5.0789081233034992 34.601999931335449 0.14599999999999999 0.036999999999999998 0.99550000000000005 0.24749999999999997 43.813559861183165 0.5568749999999999
45 1 6 -1 5.98647933434055 53.093999862670898 0.248 0.017000000000000001 0.97799999999999998 0.152064 73.858609205989836 0
45 2 1 -1 3.2114058236695664 112.69999965667725 0.16400000000000001 -0.0097999999999999997 0.98550000000000004 0.0093600000000000003 147.1791056877646 0
45 3 1 -1 1.0995574287564276 219.3999993133545 -1.9319999999999999 0.0184 0.92900000000000005 0.0043559999999999996 303.68001611226117 0.0065339999999999999
45 4 6 -1 0.71558499331767511 386.01399883270261 -1.1899999999999999 -0.224 0.92749999999999999 0.14822399999999999 648.18618368695638 0.44467199999999996
45 5 9 -1 0.69813170079773179 583.31199821472171 -1.6579999999999999 0.48820000000000002 0.87350000000000005 0.23249999999999998 1589.8507550639974 0.52312499999999995
45 6 0 -1 4.8345620280242931 813.6339974594116 -4.3179999999999996 -0.28039999999999998 0.93300000000000005 0.014867999999999999 2873.9578000282522 0
45 7 9 -1 6.1086523819801535 1096.6299965667724 3.004 -0.51039999999999996 0.58699999999999997 0.39300000000000002 6465.5266594006507 0.88424999999999998
45 8 0 2 3.3335788713091694 0.156 0 0 1 0.013419 0.11920896 0
45 9 2 4 2.1293016874330819 0.70400000000000007 0 0.0040000000000000001 1 0.012780000000000001 2.3488167935999997 0
45 10 5 4 3.4557519189487724 0.81500000000000006 0.10000000000000001 -0.002 1 0.0093600000000000003 3.9403659460607994 0
45 11 5 4 4.1538836197465043 1.1980000000000002 0.10000000000000001 -0.0040000000000000001 1 0.018000000000000002 7.7935003425570804 0
45 12 5 4 4.4331363000655974 1.5130000000000001 0.080000000000000002 0.0060000000000000001 1 0.012383999999999999 9.1581566606907181 0
45 13 5 4 3.2288591161895095 3.0800000000000001 0.23999999999999999 0.014 1 0.018432 9.6482924483677035 0
45 14 0 4 4.5727626402251431 4.0090000000000003 -0.12 -0.014 0.99950000000000006 0.015183 10.320248593586173 0
45 15 1 4 2.6703537555513241 5.8800000000000008 0.35999999999999999 0.012 1 0.0070470000000000003 12.301451862457874 0
45 16 0 4 4.9218284906240095 7.6830000000000007 0.69999999999999996 -0.029999999999999999 0.99750000000000005 0.011277000000000001 18.757846792939905 0
45 17 2 4 6.1086523819801535 9.418000000000001 -0.059999999999999998 0.0040000000000000001 0.996 0.02376 19.841603306091539 0
45 18 3 4 2.2514747350726849 12.155000000000001 0.059999999999999998 -0.051999999999999998 0.99650000000000005 0.021384 15.004466397109056 0
45 19 8 4 4.5378560551852569 14.584000000000001 -2.3399999999999999 0.16600000000000001 0.99299999999999999 0.029052000000000005 17.008559590876992 0
45 20 5 4 3.8920842319473548 17.585000000000001 1.3999999999999999 0.154 0.99299999999999999 0.010800000000000001 21.380110594614624 0
45 21 5 4 3.12413936106985 20.808000000000003 0.26000000000000001 -0.068000000000000005 0.99299999999999999 0.018288000000000002 18.901852362588041 0
45 22 2 4 0.36651914291880922 24.753000000000004 1.6399999999999999 -0.192 0.98950000000000005 0.01755 19.803543419715652 0
45 23 5 4 2.0420352248333655 28.120000000000005 1.8799999999999999 -0.070000000000000007 0.98999999999999999 0.013608 14.165444772275647 0
45 24 1 4 5.2185344634630457 32.219000000000001 -0.57999999999999996 0.29799999999999999 0.98799999999999999 0.0070200000000000002 20.023038039294512 0
45 25 3 5 2.7576202181510405 0.48600000000000004 0.040000000000000001 -0.002 1 0.018612 3.115872 0
45 26 4 5 5.7770398241012311 1 0.17999999999999999 -0.0040000000000000001 1 0.017910000000000002 5.2755611520000008 0
45 27 1 5 3.7699111843077517 1.3820000000000001 -0.16 0 1 0.0063720000000000001 10.674019729728 0
45 28 1 5 5.270894341022875 2.222 0.22 -0.002 0.99950000000000006 0.0051840000000000002 11.876768272873752 0
45 29 6 5 5.3756140961425354 3.27 -0.28000000000000003 0.034000000000000002 0.99950000000000006 0.084096000000000004 12.722469051930238 0
45 30 1 5 5.98647933434055 4.4359999999999999 -0.02 0.035999999999999997 1 0.0050490000000000005 18.829470366242411 0
45 31 1 5 0.6108652381980153 6.8300000000000001 0.22 0.032000000000000001 0.99850000000000005 0.0046440000000000006 17.841900682050436 0
45 32 2 5 5.6374134839416845 8.6120000000000001 0.32000000000000001 0.087999999999999995 0.99750000000000005 0.016920000000000001 13.32052515720976 0
45 33 1 5 0.33161255787892263 11.022 -1.04 0.108 0.99950000000000006 0.0048060000000000004 18.985742106476447 0
45 34 3 7 4.9043751981040664 3.2320000000000002 -0.22 0.014 0.999 0.019503 3.3955200000000003 0
45 35 5 7 2.8623399732707004 4.5049999999999999 0.17999999999999999 0.0040000000000000001 1 0.018000000000000002 6.9429580800000013 0
45 36 2 7 5.7072266540214578 6.7240000000000002 0.26000000000000001 0.10000000000000001 0.998 0.017910000000000002 13.30944841728 0
45 37 8 7 2.1642082724729685 9.2690000000000001 -0.71999999999999997 0.068000000000000005 0.998 0.017172 23.684552598542748 0
45 38 8 7 3.5779249665883754 14.670000000000002 -0.059999999999999998 -0.012 0.995 0.022032000000000003 25.116744600007589 0
45 39 3 7 0.36651914291880922 20.067 -0.20000000000000001 -0.002 0.997 0.017325 23.620943418286128 0
# rec 46 class 4 nop 18 nob 59 draws 946 float 490
46 0 5 -1 2.3561944901923448 80.096997299194342 0.32000000000000001 -0.020400000000000001 0.96450000000000002 0.017663999999999999 93.10955528259278 0
46 1 2 -1 1.2391837689159739 108.30399459838867 0.78600000000000003 0.0014 0.99250000000000005 0.014879999999999999 171.03727773437504 0
46 2 6 -1 3.7699111843077517 302.30498649597166 -0.97199999999999998 -0.12 0.9395 0.164352 332.5183024617188 0
46 3 6 -1 2.8448866807507573 537.6499729919434 2.8519999999999999 0.1072 0.99850000000000005 0.12595199999999998 722.52767805012036 0
46 4 9 -1 1.0122909661567112 940.29895408630375 -0.88200000000000001 0.86260000000000003 0.68300000000000005 0.31349999999999995 1730.4784672947535 0.94049999999999989
46 5 1 -1 4.7123889803846897 1411.4319297790528 -1.026 -0.66320000000000001 0.62450000000000006 0.0079919999999999991 2947.0667834665624 0.011987999999999999
46 6 8 -1 3.473205211468716 2013.5589000701905 6.9619999999999997 -0.42059999999999997 0.89049999999999996 0.025775999999999997 6134.2677242670898 0
46 7 4 -1 3.9095375244672983 2687.0598649597168 11.004 -3.7004000000000001 0.315 0.033119999999999997 12977.481532667336 0
46 8 1 -1 3.6128315516282621 3511.5748244476317 -6.4820000000000002 3.3090000000000002 -0.33350000000000002 0.0081360000000000009 26381.606935609201 0
46 9 1 -1 6.0213859193804371 4407.8137785339359 15.401999999999999 0.71819999999999995 -0.71399999999999997 0.0083160000000000005 30536.266554918875 0.024948000000000001
46 10 6 -1 5.2883476335428181 5387.426727218628 -1.6799999999999999 0.84799999999999998 -1.125 0.11673600000000001 37417.510368762276 0
46 11 7 -1 5.0440015382636121 6513.2136705017092 0.55400000000000005 0.014999999999999999 -0.9375 0.020736000000000001 39839.618235920061 0
46 12 7 -1 5.5501470213419681 7771.154608383179 8.0899999999999999 -1.355 -1.6964999999999999 0.021599999999999998 55098.843607113187 0
46 13 4 -1 4.9392817831439526 9082.3995408630362 -18.026 1.2876000000000001 -1.5105 0.023519999999999999 62960.998825702802 0
46 14 1 -1 5.5152404363020811 10550.268467941285 8.7200000000000006 -1.3062 0.94650000000000001 0.0059039999999999995 83997.247035517459 0.017711999999999999
46 15 4 -1 1.1170107212763709 12051.12138961792 2.0579999999999998 1.5824 -0.052999999999999999 0.02196 110473.58920122299 0.032939999999999997
46 16 2 -1 0.19198621771937624 13703.038305892944 4.9980000000000002 0.2142 -4.0685000000000002 0.016919999999999998 120262.29495076265 0
46 17 5 -1 3.473205211468716 15468.549216766358 -37.256 -4.1021999999999998 0.0074999999999999997 0.021791999999999999 143333.35434727755 0.032687999999999995
46 18 5 2 4.6774823953448035 0.15200000000000002 0 0 1 0.016271999999999998 2.0952907776000003 0
46 19 2 2 3.12413936106985 0.22000000000000003 0.02 0 1 0.0189 4.5937020370944008 0
46 20 5 2 3.2637657012293961 0.81400000000000006 0.02 -0.0060000000000000001 1 0.012024 7.4562082556608527 0
46 21 0 2 4.6774823953448035 1.294 0.040000000000000001 -0.016 1 0.015687000000000003 9.4840070938608552 0
46 22 2 2 0.19198621771937624 1.97 -0.02 0.0080000000000000002 1 0.024299999999999999 8.5954662597697826 0
46 23 5 2 5.8992128717408336 2.9020000000000001 -0.059999999999999998 -0.0040000000000000001 1 0.012383999999999999 15.556358032645905 0
46 24 4 3 2.530727415391778 0.24200000000000002 -0.02 0.002 1 0.013140000000000001 1.3058703359999999 0
46 25 2 3 2.4260076602721181 0.77500000000000002 -0.059999999999999998 0 1 0.022410000000000003 2.3052641894399999 0
46 26 1 3 2.7227136331111539 1.294 -0.10000000000000001 0.0060000000000000001 1 0.0057239999999999999 4.6121916707635195 0
46 27 0 3 1.9373154697137058 1.7590000000000001 -0.12 0 1 0.016380000000000002 4.269042730063469 0
46 28 0 3 2.4260076602721181 2.96 -0.16 0.035999999999999997 1 0.015687000000000003 7.6915304740784887 0
46 29 1 3 0.55850536063818546 4.8070000000000004 -0.12 0.017999999999999999 0.99850000000000005 0.0035639999999999999 8.5895538253205324 0
46 30 4 3 6.1086523819801535 6.4300000000000006 -0.66000000000000003 -0.014 0.998 0.017280000000000004 7.731744870560159 0
46 31 0 4 4.8694686130641793 2.4060000000000001 -0.38 0.017999999999999999 0.99950000000000006 0.012978 4.4903231999999997 0
46 32 5 4 5.5676003138619112 3.5550000000000002 0.5 -0.016 0.999 0.014112 8.8772606207999978 0
46 33 8 4 5.8293997016610604 6.1520000000000001 -0.28000000000000003 0.050000000000000003 0.998 0.028944000000000001 15.2252162270208 0
46 34 6 4 1.9896753472735358 8.5269999999999992 -1.5800000000000001 -0.059999999999999998 0.999 0.073152000000000009 16.825690956805225 0
46 35 0 4 3.7873644768276953 12.800000000000001 1.7 0.028000000000000001 0.99399999999999999 0.014301000000000001 26.978872199913944 0
46 36 0 4 2.8972465583105871 16.931000000000001 0.5 0.14999999999999999 0.995 0.013734000000000001 18.274576138096048 0
46 37 5 4 6.003932626860494 23.550000000000001 -1.1200000000000001 0.032000000000000001 0.99350000000000005 0.017208000000000001 33.587702169109598 0
46 38 0 4 3.8222710618675819 34.127000000000002 -0.40000000000000002 0.22800000000000001 0.999 0.016695000000000002 38.758225029310111 0
46 39 6 4 3.12413936106985 42.502000000000002 7 0.56599999999999995 0.97899999999999998 0.10656 34.348942050308224 0
46 40 2 4 0.17453292519943295 53.325000000000003 7.2599999999999998 -0.42999999999999999 0.97950000000000004 0.016830000000000001 34.242495668370019 0
46 41 0 4 3.1066860685499065 64.766000000000005 0.85999999999999999 -0.63800000000000001 0.97150000000000003 0.012348 28.864445674663962 0
46 42 1 5 5.1836278784231586 0.22599999999999998 0.02 -0.002 1 0.0060749999999999997 0.12470077439999999 0
46 43 5 6 4.2586033748661638 2.194 -0.040000000000000001 -0.002 1 0.0092880000000000011 0.27846328319999997 0
46 44 0 6 3.0543261909900767 3.855 -0.20000000000000001 0 0.99950000000000006 0.011718000000000001 0.59805334978559999 0
46 45 1 7 0.92502450355699462 4.4820000000000002 0.080000000000000002 0.0060000000000000001 0.99850000000000005 0.0053730000000000002 0.44386099199999995 0
46 46 5 8 4.1364303272265612 7.968 -1.1200000000000001 -0.0040000000000000001 0.999 0.011304 0.092477030400000007 0
46 47 1 10 4.1189770347066181 4.242 -0.68000000000000005 0.032000000000000001 0.999 0.0039960000000000004 1.6839868416000001 0
46 48 5 10 1.2566370614359172 7.7649999999999997 0.10000000000000001 -0.070000000000000007 0.997 0.017784000000000001 3.6612952031232 0
46 49 7 10 5.5152404363020811 10.064 0.10000000000000001 -0.02 0.997 0.014499 7.3114285410091009 0
46 50 7 10 0.38397243543875248 14.939 2.7000000000000002 -0.053999999999999999 0.99299999999999999 0.015471 8.3728085825640566 0
46 51 7 10 2.5830872929516078 21.199999999999999 0.32000000000000001 -0.066000000000000003 0.995 0.018143999999999997 8.2768091232748269 0
46 52 7 10 0.05235987755982989 33.407000000000004 -6.3600000000000003 0.26000000000000001 0.995 0.016523999999999997 8.3644672475310085 0
46 53 7 10 1.9198621771937625 45.039999999999999 -1.04 0.442 0.98299999999999998 0.014337000000000001 10.900780059937505 0
46 54 7 10 5.0963614158234423 59.488999999999997 4 0.96599999999999997 0.97150000000000003 0.014579999999999999 12.856497478156818 0
46 55 5 11 1.5707963267948966 10.068 -0.68000000000000005 0.025999999999999999 0.998 0.012383999999999999 0.19641139199999999 0
46 56 1 11 4.7647488579445199 8.8849999999999998 -0.17999999999999999 -0.106 0.998 0.0065880000000000001 0.39486652416000001 0
46 57 5 13 5.4279739737023647 12.058 1.72 -0.10000000000000001 0.99650000000000005 0.014616000000000001 0.37812633600000001 0
46 58 1 16 1.1868238913561442 11.642000000000001 0.95999999999999996 0.124 0.99950000000000006 0.0042120000000000005 0.15658444799999999 0
# rec 47 class 9 nop 8 nob 48 draws 731 float 392
47 0 6 -1 3.9444441095071849 14.98000051498413 -0.128 0.0014 0.995 0.16742399999999999 21.97920078277588 0
47 1 6 -1 3.9444441095071849 33.260001029968265 0.124 0.031 0.98899999999999999 0.20505599999999999 49.212587352676394 0.30758399999999997
47 2 6 -1 5.1487212933832724 86.520002574920653 0.376 0.038199999999999998 0.98550000000000004 0.16511999999999999 99.294044131497046 0.49535999999999997
47 3 9 -1 3.4557519189487724 152.82000514984131 1.3620000000000001 -0.043799999999999999 0.96250000000000002 0.32849999999999996 239.14598891093988 0.73912499999999992
47 4 1 -1 3.7000980142279785 249.19000875473023 0.48799999999999999 0.13819999999999999 0.99099999999999999 0.0052199999999999998 451.51482673968013 0
47 5 1 -1 5.6199601914217414 381.32001338958742 1.262 -0.30080000000000001 0.90049999999999997 0.0052199999999999998 944.55817424385998 0
47 6 1 -1 6.2657320146596431 538.9600190544129 7.7699999999999996 0.1004 0.76449999999999996 0.0076679999999999995 1663.2925841249403 0
47 7 9 -1 0.62831853071795862 726.60002574920657 1.454 -0.046199999999999998 0.93400000000000005 0.23399999999999999 4202.1961807950456 0.70199999999999996
47 8 5 2 1.6231562043547265 0.30599999999999999 0.02 -0.0040000000000000001 1 0.012672000000000001 2.7475968000000002 0
47 9 2 2 1.5184364492350666 0.40000000000000002 -0.02 -0.002 1 0.026190000000000001 5.0069667839999994 0
47 10 1 2 3.8920842319473548 0.48199999999999998 0.02 0.0040000000000000001 1 0.0075599999999999999 8.6345871359999986 0
47 11 2 2 1.6755160819145565 0.752 0.080000000000000002 0 1 0.010619999999999999 12.58350454652928 0
47 12 2 2 4.8520153205442362 1.1799999999999999 -0.02 0.002 1 0.021239999999999998 10.800415409736056 0
47 13 5 2 2.8099800957108707 1.8360000000000001 -0.080000000000000002 -0.0040000000000000001 1 0.014544000000000001 14.697463506397012 0
47 14 2 3 1.6406094968746698 0.68599999999999994 0.040000000000000001 0.002 1 0.023220000000000001 4.0450175999999995 0
47 15 6 3 2.4260076602721181 0.64000000000000001 -0.059999999999999998 -0.0040000000000000001 1 0.11635200000000001 10.196774553599999 0
47 16 0 3 2.2165681500327987 1.232 -0.02 0.02 1 0.0091350000000000008 17.321350032230402 0
47 17 2 3 4.4854961776254267 1.742 -0.22 -0.0080000000000000002 1 0.021420000000000002 15.065463151581255 0
47 18 0 3 3.839724354387525 3.04 -0.26000000000000001 0.014 0.999 0.013356000000000002 30.797220425471558 0
47 19 2 3 2.4085543677521746 4.6760000000000002 -0.5 -0.032000000000000001 0.99850000000000005 0.01737 21.291457120732041 0
47 20 6 3 1.6580627893946132 5.9900000000000002 -0.10000000000000001 -0.032000000000000001 1 0.10022400000000001 26.754297374564914 0
47 21 3 3 4.1713369122664474 8.0820000000000007 0.64000000000000001 0.13200000000000001 0.999 0.027026999999999999 23.368712543719973 0
47 22 4 3 2.9321531433504737 10.052 -0.44 0.042000000000000003 0.999 0.016109999999999999 27.471139311728439 0
47 23 2 3 4.782202150464463 12.949999999999999 -0.32000000000000001 0.012 0.997 0.01917 34.93233880704733 0
47 24 1 3 1.4137166941154069 15.725999999999999 1.1000000000000001 -0.062 1 0.0051840000000000002 45.668184469853514 0
47 25 5 3 3.0543261909900767 19.009999999999998 -1.2 -0.182 0.99550000000000005 0.017208000000000001 32.376576895025003 0
47 26 4 3 5.3930673886624785 22.602 1.6799999999999999 -0.17000000000000001 0.98899999999999999 0.020070000000000001 44.435814842756287 0
47 27 2 3 3.8048177693476384 26.481999999999999 0.02 -0.13200000000000001 0.98799999999999999 0.024299999999999999 39.769600779810077 0
47 28 4 3 5.3232542185827052 30.919999999999998 1.6000000000000001 -0.51600000000000001 0.98750000000000004 0.019620000000000002 36.595425784236902 0
47 29 2 3 5.7072266540214578 35.055999999999997 -1.78 -0.19400000000000001 0.99099999999999999 0.016290000000000002 41.540935646194036 0
47 30 2 3 2.6354471705114375 40.089999999999996 -1.8999999999999999 0.094 0.997 0.016380000000000002 50.517458848485155 0
47 31 1 3 3.9269908169872414 45.141999999999996 -4.8600000000000003 -0.0060000000000000001 0.99650000000000005 0.0056430000000000004 33.137928625526648 0
47 32 1 3 4.4331363000655974 50.281999999999996 -2.2400000000000002 0.13800000000000001 0.99150000000000005 0.0046170000000000004 46.162707866924102 0
47 33 1 3 1.7627825445142729 56.009999999999998 -6.2800000000000002 0.28999999999999998 0.997 0.0056160000000000003 40.645185450360458 0
47 34 5 4 6.1435589670200397 0.112 0 0 1 0.015624000000000001 0.086860800000000002 0
47 35 7 6 6.1435589670200397 0.79000000000000004 0.02 -0.002 1 0.013041000000000001 0.088433510399999998 0
47 36 6 7 1.0995574287564276 0.58999999999999997 -0.040000000000000001 0.0060000000000000001 1 0.12499200000000001 2.3242752000000002 0
47 37 3 7 2.9321531433504737 0.55999999999999994 -0.040000000000000001 -0.0060000000000000001 1 0.023363999999999999 3.9736479743999999 0
47 38 0 7 6.2482787221397 1.47 0.20000000000000001 0.0080000000000000002 1 0.016632000000000001 9.4696925147136 0
47 39 6 7 1.9198621771937625 1.9099999999999999 0.14000000000000001 -0.002 1 0.11232 11.472434903782196 0
47 40 8 7 4.0317105721069009 2.6200000000000001 0.02 -0.012 1 0.013392000000000001 11.947852606194928 0
47 41 2 7 0.85521133347722145 4.2299999999999995 -0.5 0.0080000000000000002 1 0.02232 13.795997450012127 0
47 42 1 7 0.75049157835756175 6.2599999999999998 0.14000000000000001 0.045999999999999999 0.999 0.0049140000000000008 17.978796648936761 0
47 43 1 7 0.83775804095727824 7.71 -0.059999999999999998 -0.048000000000000001 0.99850000000000005 0.0044550000000000006 20.241787634184025 0
47 44 3 7 2.8448866807507573 10.549999999999999 -0.47999999999999998 -0.112 0.998 0.020493000000000001 15.721901842368439 0
47 45 8 7 0.52359877559829882 12.809999999999999 -0.38 -0.12 0.99450000000000005 0.014472 22.816451934844956 0
47 46 4 7 2.1642082724729685 15.609999999999999 2.1600000000000001 0.26000000000000001 0.996 0.018450000000000001 21.631200856695781 0
47 47 8 7 2.6354471705114375 18.48 0.02 0.122 0.99450000000000005 0.017711999999999999 23.420542787524205 0
# rec 48 class 11 nop 3 nob 6 draws 140 float 51
48 0 5 -1 0.68067840827778847 0.83600001215934749 0 -0.00020000000000000001 1 0.012960000000000001 25.603200411796571 0.029160000000000002
48 1 6 -1 4.5378560551852569 1.672000024318695 -0.01 -0.002 1 0.15359999999999999 51.819264833450319 0.46079999999999999
48 2 6 -1 4.8171087355043491 3.8400000607967377 0.0080000000000000002 0.0047999999999999996 1 0.20352000000000001 110.62701797130204 0
48 3 2 2 4.4331363000655974 0.053999999999999999 0 0 1 0.018630000000000001 2.5477447680000003 0
48 4 2 2 3.4033920413889427 0.054999999999999993 0 0 1 0.015570000000000001 4.9569943388160009 0
48 5 8 2 5.2359877559829888 0.108 0 0 1 0.022572000000000002 9.3010114982707215 0
# rec 49 class 0 nop 3 nob 5 draws 87 float 43
49 0 2 -1 2.3561944901923448 34.580000171661375 0.26000000000000001 -0.038600000000000002 0.98999999999999999 0.018120000000000001 25.363800244331358 0.054360000000000006
49 1 8 -1 3.8920842319473548 41.570000343322754 -0.01 -0.0061999999999999998 0.99050000000000005 0.029808000000000001 50.438441285877225 0.044712000000000002
49 2 2 -1 4.1538836197465043 94.270000858306886 1.014 0.074800000000000005 0.95950000000000002 0.023519999999999999 91.997954863823082 0
49 3 5 2 3.1764992386296798 0.33600000000000002 0 -0.002 1 0.0095760000000000012 0.21194342399999999 0
49 4 1 2 1.3613568165555769 0.33000000000000002 0 -0.002 1 0.0050759999999999998 0.62329430015999998 0
# rec 50 class 0 nop 1 nob 1 draws 23 float 9
50 0 1 -1 4.1364303272265612 17.758000011444093 0.087999999999999995 0.002 0.99650000000000005 0.0057239999999999999 26.718320019245148 0
# rec 51 class 0 nop 12 nob 21 draws 363 float 180
51 0 6 -1 1.5882496193148399 22.155999794006348 0 0.010200000000000001 0.99150000000000005 0.112896 29.875219621658328 0
51 1 9 -1 3.9269908169872414 44.171999588012696 -0.043999999999999997 -0.014999999999999999 0.98350000000000004 0.33300000000000002 58.295879321737296 0.74925000000000008
51 2 1 -1 1.1519173063162575 86.739998970031735 -1.1140000000000001 -0.0124 0.98550000000000004 0.0076679999999999995 108.71007597986873 0
51 3 3 -1 2.6878070480712677 165.97999794006347 0.52800000000000002 0.062799999999999995 0.92000000000000004 0.031019999999999995 247.95823025999539 0
51 4 2 -1 1.9198621771937625 287.98199649810789 2.3799999999999999 -0.059400000000000001 0.95399999999999996 0.027480000000000001 451.18363102697981 0.061830000000000003
51 5 5 -1 6.0213859193804371 427.61599464416503 -0.61199999999999999 0.54359999999999997 0.78800000000000003 0.019872000000000001 880.6689162170386 0
51 6 1 -1 5.2883476335428181 603.34199237823486 -1.264 0.021999999999999999 0.8085 0.0098639999999999995 2065.3532351361287 0
51 7 2 -1 1.9722220547535925 825.08998970031735 6.29 0.55700000000000005 0.85350000000000004 0.024839999999999997 4147.7343606999302 0
51 8 1 -1 2.4085543677521746 1057.8199866104126 12.028 0.062799999999999995 0.61599999999999999 0.0078840000000000004 7720.2646346469746 0.017739000000000001
51 9 4 -1 4.7647488579445199 1335.6519831085204 16.271999999999998 -0.50039999999999996 0.75649999999999995 0.0252 8510.6446443670975 0
51 10 5 -1 5.4803338512621949 1648.7759791946412 -0.92200000000000004 1.2596000000000001 0.499 0.012960000000000001 10104.465321872312 0
51 11 1 -1 0.017453292519943295 1998.1419748687745 6.2699999999999996 -1.8577999999999999 0.13800000000000001 0.0063 14100.696071277436 0
51 12 5 3 1.3788101090755203 0.51400000000000001 0 0 1 0.010872000000000001 0.36211507199999998 0
51 13 1 4 2.2340214425527418 0.58599999999999997 -0.02 -0.0060000000000000001 1 0.0046979999999999999 0.33169459200000007 0
51 14 1 4 0.68067840827778847 1.29 0.02 0.0060000000000000001 1 0.0069660000000000008 0.73469648640000018 0
51 15 1 5 5.3930673886624785 0.11599999999999999 0 0 1 0.0049680000000000002 0.25105489920000001 0
51 16 1 7 0.41887902047863912 1.3759999999999999 -0.14000000000000001 -0.0060000000000000001 1 0.0046170000000000004 0.34434201599999997 0
51 17 1 7 6.1610122595399837 2.2599999999999998 -0.16 -0.012 0.99950000000000006 0.0056970000000000007 0.5715597358079999 0
51 18 5 8 2.6005405854715509 4.5099999999999998 -0.64000000000000001 -0.024 0.99850000000000005 0.017136000000000002 0.077906534400000005 0
51 19 1 9 4.8345620280242931 6.0460000000000003 -0.20000000000000001 -0.0080000000000000002 0.99950000000000006 0.0048869999999999999 0.34288128000000007 0
51 20 1 9 1.5707963267948966 4.4049999999999994 -0.57999999999999996 0.070000000000000007 0.998 0.00513 0.76592291328000006 0
# rec 52 class 4 nop 1 nob 1 draws 20 float 9
52 0 4 -1 1.3788101090755203 80.721999015808109 -0.48999999999999999 0.027199999999999998 1 0.0258 70.199458494186402 0.077399999999999997
# rec 53 class 0 nop 11 nob 25 draws 413 float 211
53 0 5 -1 4.9567350756638957 29.775999507904054 -0.104 -0.02 0.98650000000000004 0.017951999999999999 27.12839922904968 0
53 1 2 -1 3.3161255787892263 51.511999015808108 0.55400000000000005 -0.043200000000000002 0.97799999999999998 0.025080000000000002 56.100375205707543 0
53 2 4 -1 5.2883476335428181 102.21999753952026 -0.14000000000000001 -0.012200000000000001 0.96299999999999997 0.029999999999999999 122.17676323991105 0
53 3 5 -1 2.3387411976724017 176.20999507904054 -2.0880000000000001 0.1134 0.91300000000000003 0.022944000000000003 205.68514135825833 0
53 4 2 -1 6.1086523819801535 299.34199163436892 0.97799999999999998 0.1226 0.97499999999999998 0.026879999999999998 444.35018499489433 0
53 5 8 -1 2.8972465583105871 457.53598720550536 1.272 -0.50139999999999996 0.80700000000000005 0.035279999999999999 771.11035271708033 0
53 6 6 -1 2.8274333882308138 657.7519817924499 -0.58199999999999996 -0.20300000000000001 0.6875 0.17203200000000002 1705.0735524024835 0
53 7 1 -1 2.7227136331111539 866.79997539520264 12.576000000000001 0.96679999999999999 0.58399999999999996 0.0069480000000000002 2920.2612636763583 0.020844000000000001
53 8 4 -1 4.782202150464463 1135.6699680137635 -9.0739999999999998 -1.3136000000000001 0.6835 0.03252 5602.4254605471951 0
53 9 2 -1 4.3284165449459371 1429.7119596481323 -1.6919999999999999 -0.32819999999999999 0.58950000000000002 0.031799999999999995 7934.0232927901079 0
53 10 1 -1 0.71558499331767511 1749.2459502983093 -0.90000000000000002 1.8138000000000001 0.32700000000000001 0.0067320000000000001 8545.8398713919796 0
53 11 1 5 3.351032163829113 0.83199999999999996 0 0.01 1 0.0055620000000000001 0.47461478400000001 0
53 12 1 5 3.8571776469074681 1.175 -0.16 0.0080000000000000002 1 0.0060480000000000004 1.0401212344319999 0
53 13 2 6 3.473205211468716 2.5800000000000001 0.059999999999999998 0.028000000000000001 0.99950000000000006 0.021510000000000001 2.0214448128 0
53 14 0 6 3.473205211468716 1.3950000000000002 0.12 0.0060000000000000001 1 0.015372000000000002 3.7462040641536003 0
53 15 8 6 3.4382986264288293 4.2000000000000002 -0.38 -0.017999999999999999 0.999 0.024732000000000001 10.13740558268498 0
53 16 4 6 5.1836278784231586 6.285000000000001 0.29999999999999999 0.048000000000000001 1 0.023130000000000001 12.548277002632339 0
53 17 8 6 2.6179938779914944 11.81 0.02 0.13 0.99850000000000005 0.018792 12.274347564496047 0
53 18 5 6 6.213372137099813 17.065000000000001 -0.040000000000000001 -0.032000000000000001 1 0.014400000000000001 13.186710510905426 0
53 19 1 6 1.0297442586766545 21.550000000000001 -2.6800000000000002 -0.059999999999999998 0.998 0.0048869999999999999 11.039055687060603 0
53 20 1 6 4.7472955654245768 29.745000000000001 4.8799999999999999 0.043999999999999997 0.98550000000000004 0.0072630000000000012 13.429111048470229 0
53 21 2 6 1.064650843716541 36.880000000000003 1.6200000000000001 0.27000000000000002 0.99650000000000005 0.02358 18.985763100805045 0
53 22 1 6 3.717551306747922 47.485000000000007 -0.23999999999999999 0.112 0.996 0.0055620000000000001 15.081962377538815 0
53 23 1 8 2.7052603405912108 4.3799999999999999 -0.17999999999999999 0.066000000000000003 0.99850000000000005 0.0052110000000000004 0.49243084800000003 0
53 24 1 10 4.9218284906240095 1.4359999999999999 -0.16 -0.0040000000000000001 1 0.0062100000000000002 0.089530214400000016 0
# rec 54 class 0 nop 11 nob 35 draws 553 float 291
54 0 9 -1 3.6302848441482056 25.656999931335449 0.23999999999999999 0.002 0.98950000000000005 0.38549999999999995 35.522654871940617 0
54 1 6 -1 4.8694686130641793 49.153999862670901 -0.70999999999999996 -0.086999999999999994 0.99250000000000005 0.11366399999999999 79.241297304334651 0
54 2 6 -1 0.62831853071795862 112.92499965667724 -0.95399999999999996 -0.16120000000000001 0.98550000000000004 0.129024 146.21593415771071 0
54 3 3 -1 2.3911010752322315 206.46999931335449 -1.458 -0.0035999999999999999 0.94750000000000001 0.029435999999999997 299.45755860259459 0
54 4 3 -1 0.95993108859688125 331.73899883270263 -4.3659999999999997 -0.28079999999999999 0.86550000000000005 0.028115999999999999 615.27756017020306 0
54 5 6 -1 3.2288591161895095 511.09199821472168 -6.9119999999999999 -0.18360000000000001 0.92049999999999998 0.140544 1282.3225253018679 0
54 6 8 -1 2.4783675378319479 710.32899745941165 -3.1059999999999999 0.0022000000000000001 0.68600000000000005 0.031823999999999998 2235.8247122042012 0
54 7 8 -1 3.12413936106985 967.52999656677241 -9.2680000000000007 0.77239999999999998 0.78300000000000003 0.025488 4857.9242452883682 0
54 8 2 -1 3.001966313430247 1247.6549955368041 -17.530000000000001 0.2422 0.75600000000000001 0.021000000000000001 10752.722329296768 0
54 9 1 -1 3.5779249665883754 1580.4639943695067 -23.295999999999999 -0.1042 0.63249999999999995 0.0052199999999999998 11268.029967418843 0.01566
54 10 1 -1 1.8500490071139892 1925.3169930648803 15.722 -1.1246 0.050000000000000003 0.0064079999999999996 13143.9963606815 0.019223999999999998
54 11 5 2 4.0142572795869578 0.51800000000000002 -0.02 0 1 0.010800000000000001 1.9355664384000002 0
54 12 2 2 2.0420352248333655 0.82000000000000006 0 0.002 1 0.023220000000000001 3.4220682510336005 0
54 13 5 2 1.9547687622336491 1.026 0.080000000000000002 -0.014 1 0.012312 7.7941657810501646 0
54 14 5 2 3.6128315516282621 1.446 0.02 0.016 1 0.015984000000000002 9.0566636328019676 0
54 15 3 2 5.2010811709431017 2.2200000000000002 0.38 -0.0040000000000000001 1 0.022175999999999998 7.3243367908867398 0
54 16 4 2 3.8222710618675819 3.0779999999999998 -0.22 0.040000000000000001 0.999 0.01503 12.585905529182876 0
54 17 1 2 0.33161255787892263 4.54 -0.38 0.028000000000000001 0.999 0.004104 10.358366741236319 0
54 18 4 2 3.9444441095071849 5.9560000000000004 0.26000000000000001 -0.080000000000000002 0.998 0.0126 14.259072294265591 0
54 19 1 2 0.41887902047863912 7.6459999999999999 -0.12 0.050000000000000003 0.99850000000000005 0.0042120000000000005 12.807735794952114 0
54 20 2 2 0.48869219055841229 9.4800000000000004 1.24 -0.182 0.998 0.021690000000000001 14.665367063484965 0
54 21 1 2 0.3490658503988659 11.538 -0.64000000000000001 -0.021999999999999999 1 0.0048060000000000004 17.215169630936593 0
54 22 8 2 2.0071286397934789 14.01 2.04 -0.028000000000000001 0.99650000000000005 0.019980000000000001 13.260955114862957 0
54 23 5 2 1.8325957145940461 16.416 -0.22 -0.032000000000000001 0.99250000000000005 0.016560000000000002 13.734619080783467 0
54 24 0 2 4.7123889803846897 19.236000000000001 -1.26 0.032000000000000001 0.99199999999999999 0.013104000000000001 14.857159941629856 0
54 25 2 2 6.1261056745000966 22.359999999999999 -0.059999999999999998 -0.048000000000000001 0.996 0.025470000000000003 15.115812749551647 0
54 26 0 3 0.20943951023931956 0.224 0 0 1 0.013986 0.32666895359999998 0
54 27 4 5 3.9269908169872414 1.1759999999999999 -0.02 -0.0060000000000000001 1 0.018000000000000002 2.3422500864 0
54 28 3 5 2.3038346126325151 1.1799999999999999 0.12 -0.002 1 0.022869 3.2756997095423999 0
54 29 3 5 6.1435589670200397 2.1019999999999999 -0.080000000000000002 -0.032000000000000001 1 0.020591999999999999 6.667804783352218 0
54 30 7 6 5.5152404363020811 2.3220000000000001 -0.040000000000000001 0.0060000000000000001 1 0.014337000000000001 0.48433582080000004 0
54 31 1 7 6.2308254296197561 3.9820000000000002 0.28000000000000003 0.02 0.999 0.0039420000000000002 0.41596416000000008 0
54 32 5 7 5.532693728822025 6.9750000000000005 -0.14000000000000001 -0.025999999999999999 0.998 0.011520000000000001 0.84315119616000023 0
54 33 1 9 5.6025068989017974 1.6380000000000001 0.02 -0.016 1 0.0063720000000000001 0.055524096000000002 0
54 34 1 10 4.8694686130641793 3.6480000000000001 0.52000000000000002 -0.056000000000000001 1 0.0050220000000000004 0.089486438400000007 0
# rec 55 class 6 nop 0 nob 0 draws 1 float 0
# rec 56 class 0 nop 0 nob 0 draws 4 float 0
# rec 57 class 0 nop 9 nob 19 draws 318 float 161
57 0 1 -1 0.76794487087750496 22.016999588012695 0.0040000000000000001 0.011599999999999999 0.99199999999999999 0.0047520000000000001 27.217084283828736 0
57 1 5 -1 1.1868238913561442 32.313999176025391 0.106 -0.034599999999999999 0.98499999999999999 0.019199999999999998 54.058452767543798 0
57 2 4 -1 2.7750735106709841 93.574997940063483 0.29799999999999999 -0.0040000000000000001 0.95750000000000002 0.032759999999999997 107.15579529199756 0
57 3 1 -1 2.1293016874330819 169.24999588012696 0.14199999999999999 0.019400000000000001 0.93200000000000005 0.0049680000000000002 203.1564360789182 0
57 4 3 -1 1.9198621771937625 281.64899299621584 -3.2519999999999998 -0.028400000000000002 0.95599999999999996 0.022571999999999998 373.8260771234003 0
57 5 2 -1 1.9547687622336491 407.8719892883301 0.154 0.18779999999999999 0.93100000000000005 0.031920000000000004 698.11080116567598 0
57 6 8 -1 4.0840704496667311 583.42898475646973 -3.6360000000000001 -0.37159999999999999 0.97499999999999998 0.0252 1272.1351777051102 0
57 7 7 -1 0.54105206811824214 795.6899794006348 -2.6579999999999999 -0.62860000000000005 0.97699999999999998 0.018792 2819.7516750281561 0
57 8 8 -1 0.20943951023931956 1023.6149732208252 0.82799999999999996 0.89900000000000002 0.56999999999999995 0.024768000000000002 5391.735277800215 0
57 9 5 3 1.2042771838760873 0.29799999999999999 0.02 0.002 1 0.012672000000000001 0.055196467200000002 0
57 10 5 4 3.0368728984701332 0.059999999999999998 0 0 1 0.014904000000000002 0.35132866559999998 0
57 11 5 5 2.9146998508305302 1.9180000000000001 -0.059999999999999998 0.029999999999999999 1 0.014904000000000002 0.48538828800000006 0
57 12 1 5 3.5255650890285457 1.5350000000000001 -0.02 -0.0080000000000000002 1 0.0063449999999999999 0.98604260966400004 0
57 13 1 6 2.9496064358704168 3.2800000000000002 0.38 -0.002 0.99950000000000006 0.0041310000000000001 0.26804736000000001 0
57 14 1 6 3.1415926535897931 1.6250000000000002 0.16 0.017999999999999999 1 0.0066150000000000002 0.6538023475200001 0
57 15 1 6 0.62831853071795862 5.1000000000000005 -0.26000000000000001 0.02 0.998 0.0039420000000000002 1.0440597446092801 0
57 16 1 7 4.8345620280242931 0.64200000000000013 -0.059999999999999998 0.002 1 0.0060210000000000003 0.22394050560000001 0
57 17 1 8 4.7298422729046328 2.6779999999999999 0.20000000000000001 0.0060000000000000001 0.99950000000000006 0.0054269999999999995 0.43718492160000005 0
57 18 1 8 4.4331363000655974 2.02 -0.12 0.0040000000000000001 1 0.0043740000000000003 0.79871402557439997 0
# rec 58 class 6 nop 0 nob 0 draws 1 float 0
# rec 59 class 1 nop 3 nob 3 draws 56 float 27
59 0 4 -1 6.2657320146596431 58.633001327514648 0.496 0.0436 0.97999999999999998 0.024839999999999997 78.020602035522472 0
59 1 9 -1 0.4014257279586958 109.4160026550293 -0.76400000000000001 0.039199999999999999 0.98550000000000004 0.40349999999999997 190.66878257446291 1.2104999999999999
59 2 8 -1 2.1293016874330819 283.49500663757323 -1.492 0.052999999999999999 0.96799999999999997 0.034992000000000002 361.97825210625001 0
# rec 60 class 9 nop 6 nob 28 draws 431 float 230
60 0 9 -1 0.97738438111682457 40.094999885559083 0.24399999999999999 0.0023999999999999998 0.98550000000000004 0.23699999999999999 45.175324759483338 0.71099999999999997
60 1 9 -1 2.2514747350726849 58.359999771118162 0.5 -0.016400000000000001 0.98899999999999999 0.19500000000000001 88.857356051917094 0
60 2 9 -1 1.5009831567151235 125.48499942779542 0.442 0.015599999999999999 0.99250000000000005 0.27300000000000002 179.87928377728485 0
60 3 9 -1 2.6878070480712677 235.56999885559082 1.482 -0.21179999999999999 0.93500000000000005 0.34649999999999997 357.0814406503074 0.51974999999999993
60 4 1 -1 2.7052603405912108 380.94499805450437 -4.4560000000000004 0.0574 0.86799999999999999 0.0078119999999999995 691.97521854224442 0
60 5 9 -1 1.3264502315156905 564.69999702453617 -0.89400000000000002 0.9546 0.81899999999999995 0.378 1749.8908231117182 1.1339999999999999
60 6 6 2 0.3490658503988659 0.040000000000000001 0 0 1 0.090431999999999998 4.0674816000000007 0
60 7 3 2 3.6826447217080354 0.074999999999999997 0 0 1 0.026234999999999998 6.2536760832000002 0
60 8 2 3 3.6128315516282621 0.49399999999999999 0.02 0.002 1 0.012060000000000001 4.3908480000000001 0
60 9 4 3 2.8797932657906435 0.51500000000000001 -0.02 -0.0080000000000000002 1 0.021239999999999998 6.4430150399999997 0
60 10 2 3 0.41887902047863912 1.018 0 0.0060000000000000001 1 0.018450000000000001 12.245788558079999 0
60 11 6 3 4.9392817831439526 1.5629999999999999 0.080000000000000002 0.0080000000000000002 1 0.1008 16.470740744298084 0
60 12 3 3 1.9547687622336491 2.2000000000000002 0.29999999999999999 -0.024 0.99950000000000006 0.018710999999999998 22.439340820986157 0
60 13 2 3 0.10471975511965978 2.9590000000000001 0 -0.016 0.999 0.01341 22.906311176639967 0
60 14 1 3 4.5029494701453698 4.46 -0.32000000000000001 -0.017999999999999999 0.99850000000000005 0.0065070000000000006 22.103220188340462 0
60 15 3 3 0.069813170079773182 5.9329999999999998 0.64000000000000001 -0.089999999999999997 0.99750000000000005 0.023363999999999999 23.672268606025 0
60 16 1 3 1.4137166941154069 7.4480000000000004 0.95999999999999996 0.073999999999999996 0.99650000000000005 0.0051570000000000001 33.296482215837258 0
60 17 2 5 1.0995574287564276 0.19799999999999998 0 0 1 0.01251 3.6868607999999998 0
60 18 2 5 4.2586033748661638 0.11499999999999999 0 0 1 0.020340000000000004 8.9174227967999986 0
60 19 4 5 1.5533430342749532 0.32600000000000001 -0.02 0 1 0.01251 16.361237213798397 0
60 20 4 5 2.3911010752322315 0.48099999999999998 0.040000000000000001 0 1 0.019890000000000001 20.531581922078246 0
60 21 2 5 1.6057029118347832 0.79999999999999993 -0.080000000000000002 0 1 0.017910000000000002 27.774673804243601 0
60 22 2 5 4.6076692252650302 1.0529999999999999 -0.12 -0.0080000000000000002 1 0.019980000000000001 29.89050034104271 0
60 23 3 5 5.2010811709431017 1.52 -0.10000000000000001 0.012 1 0.013167 34.749098848181241 0
60 24 1 5 0.05235987755982989 1.9309999999999998 -0.17999999999999999 -0.012 1 0.0049140000000000008 31.740031870185415 0
60 25 0 5 4.4854961776254267 2.496 -0.23999999999999999 -0.029999999999999999 1 0.012789 29.672049150732043 0
60 26 0 5 3.9444441095071849 3.165 0.080000000000000002 0.0040000000000000001 0.99950000000000006 0.0088199999999999997 43.474251918688239 0
60 27 8 5 1.8500490071139892 3.8079999999999998 0.64000000000000001 -0.01 1 0.019656000000000003 41.839143667771303 0
# rec 61 class 4 nop 1 nob 1 draws 19 float 9
61 0 5 -1 3.4033920413889427 58.648998260498047 1.1339999999999999 0.069400000000000003 0.98250000000000004 0.017663999999999999 73.889137344360364 0
# rec 62 class 8 nop 4 nob 23 draws 346 float 188
62 0 5 -1 5.6723200689815707 42.153999748229978 0.61199999999999999 0.014200000000000001 0.98699999999999999 0.016320000000000001 79.447679214477546 0
62 1 1 -1 0.92502450355699462 59.28799949645996 -0.88200000000000001 -0.018800000000000001 0.99350000000000005 0.00594 173.36570068588259 0.013365
62 2 5 -1 5.1487212933832724 134.07999874114989 0.60999999999999999 -0.0138 0.99050000000000005 0.019392 324.86103065680396 0
62 3 10 -1 0.83775804095727824 265.79999748229983 -1.6200000000000001 -25.240000000000002 0.86950000000000005 15.6 4027.0057022655824 0
62 4 4 3 2.0594885173533091 0.46399999999999997 0.040000000000000001 -0.002 1 0.021239999999999998 148.16256000000001 0
62 5 1 3 3.3335788713091694 0.59499999999999997 0.080000000000000002 0.0060000000000000001 1 0.0048869999999999999 369.75664128000005 0
62 6 1 3 2.4085543677521746 0.63800000000000001 -0.02 -0.0040000000000000001 1 0.0051840000000000002 693.91842763776003 0
62 7 2 3 2.2514747350726849 1.0329999999999999 0 -0.0060000000000000001 1 0.016560000000000002 924.20330213639716 0
62 8 3 3 1.2217304763960306 1.8999999999999999 -0.20000000000000001 0.024 1 0.013661999999999999 1009.3336064001593 0
62 9 0 3 0.41887902047863912 2.6389999999999998 -0.20000000000000001 0.0080000000000000002 0.99950000000000006 0.015498 1031.8609477792975 0
62 10 0 3 1.7627825445142729 3.75 0.080000000000000002 0.017999999999999999 0.999 0.017010000000000001 1007.500642313712 0
62 11 5 3 3.3335788713091694 4.7629999999999999 -0.12 0.002 1 0.015408 1584.2453682157784 0
62 12 8 3 4.9567350756638957 6.218 -1.1799999999999999 0.070000000000000007 0.99850000000000005 0.025812000000000002 1731.9174784092079 0
62 13 0 3 5.7072266540214578 7.8549999999999995 -0.88 0.016 0.99850000000000005 0.013293000000000001 1648.5278534138192 0
62 14 4 3 2.1991148575128552 9.5739999999999998 0.38 -0.089999999999999997 0.998 0.020250000000000001 1698.1481640454219 0
62 15 8 3 5.4803338512621949 11.584999999999999 -1.0800000000000001 0.064000000000000001 0.999 0.030564000000000004 1460.7374268374504 0
62 16 8 3 0.38397243543875248 13.507999999999999 0.38 0.073999999999999996 0.998 0.018036 1879.1538620378344 0
62 17 1 3 0.22689280275926285 15.782999999999999 0.14000000000000001 -0.122 0.997 0.0055080000000000007 1616.0958107758131 0
62 18 8 3 5.2883476335428181 18.280000000000001 -0.95999999999999996 0.23000000000000001 0.99150000000000005 0.014796 2048.5607002751062 0
62 19 9 3 0.26179938779914941 20.779 -1.2 -0.064000000000000001 0.99750000000000005 0.25312499999999999 1587.5152724845166 0
62 20 4 3 5.4454272662223078 23.739999999999998 2.8599999999999999 0.192 0.99250000000000005 0.023940000000000003 1465.689403568211 0
62 21 8 3 1.6755160819145565 26.492999999999999 -2.5 0.42199999999999999 0.98699999999999999 0.019224000000000002 2015.9797758982595 0
62 22 1 3 1.8325957145940461 29.867999999999999 3.96 0.45200000000000001 0.99099999999999999 0.0060480000000000004 2304.2898066786106 0
# rec 63 class 8 nop 2 nob 4 draws 67 float 34
63 0 10 -1 1.3439035240356338 42.788999805450437 -0.045999999999999999 2.2200000000000002 0.98599999999999999 11.52 473.56033608436587 0
63 1 5 -1 1.8500490071139892 55.457999610900877 0.014 -0.012 0.97450000000000003 0.018144 614.91723367555619 0
63 2 9 0 1.8849555921538759 0.049999999999999996 0 0 1 0.28012500000000001 195.96902399999996 0
63 3 5 0 3.9793506945470716 0.074999999999999997 0 0 1 0.020448000000000001 313.20362188799993 0
# rec 64 class 0 nop 11 nob 33 draws 520 float 275
64 0 2 -1 1.3788101090755203 21.904999656677248 -0.224 0.0212 0.99199999999999999 0.019560000000000001 36.625349378585817 0
64 1 4 -1 2.4085543677521746 46.119999313354491 -0.28999999999999998 -0.039600000000000003 0.997 0.018120000000000001 68.661940435028072 0.040770000000000001
64 2 3 -1 1.2217304763960306 113.50499828338623 -1.286 0.0378 0.95399999999999996 0.022307999999999998 130.81056417616614 0
64 3 3 -1 4.1713369122664474 207.79999656677245 2.0499999999999998 -0.060999999999999999 0.94899999999999995 0.027587999999999998 239.87251668822455 0.08276399999999999
64 4 5 -1 4.3458698374658802 356.77499416351316 4.3079999999999998 0.20419999999999999 0.96650000000000003 0.020736000000000001 510.71476084601159 0
64 5 9 -1 4.8869219055841224 526.95999107360842 2.294 0.21779999999999999 0.84550000000000003 0.43049999999999999 1023.471361344667 1.2915000000000001
64 6 2 -1 1.2915436464758039 751.63498729705816 -4.194 0.017999999999999999 0.93300000000000005 0.021600000000000001 2056.1447812502574 0
64 7 5 -1 5.1661745859032155 1012.4299828338623 0.47199999999999998 1.5334000000000001 0.73499999999999999 0.018911999999999998 4567.4292687310635 0.042551999999999993
64 8 1 -1 0.68067840827778847 1335.1249776840209 -16.300000000000001 1.2222 0.67049999999999998 0.0071999999999999998 9074.8259527648552 0
64 9 7 -1 4.2935099599060509 1660.5799718475341 -20.332000000000001 1.9032 0.93149999999999999 0.012419999999999999 10120.057472039876 0
64 10 1 -1 5.532693728822025 2052.534965324402 -6.9299999999999997 2.2425999999999999 0.52200000000000002 0.0076319999999999999 10866.548102104471 0
64 11 1 2 3.8746309394274117 0.46399999999999997 -0.059999999999999998 -0.0060000000000000001 1 0.0049140000000000008 0.28183034879999996 0
64 12 1 2 0.48869219055841229 0.32999999999999996 0.040000000000000001 0.0040000000000000001 1 0.0060210000000000003 0.58723079500800002 0
64 13 1 2 4.5727626402251431 1.0580000000000001 0.02 -0.002 1 0.0067229999999999998 1.555250973509376 0
64 14 1 3 1.8500490071139892 0.14200000000000002 0 0 1 0.0063449999999999999 0.3259356672 0
64 15 1 4 1.1693705988362009 1.52 0 -0.01 1 0.0052380000000000005 0.19826933760000001 0
64 16 3 5 4.4680428851054836 1.716 -0.16 0.02 1 0.022769999999999999 4.9097664000000005 0
64 17 3 5 1.0995574287564276 2.4699999999999998 -0.32000000000000001 0.032000000000000001 1 0.025245 11.660166201600003 0
64 18 0 5 2.2863813201125716 2.782 -0.16 -0.034000000000000002 0.99950000000000006 0.018017999999999999 19.673576348025605 0
64 19 1 5 0.6108652381980153 4.8220000000000001 0.59999999999999998 0.040000000000000001 0.99850000000000005 0.0066150000000000002 24.612249895706618 0
64 20 1 5 2.1293016874330819 6.7799999999999994 0.69999999999999996 0 0.99750000000000005 0.0070470000000000003 37.886775711422601 0
64 21 0 5 2.7576202181510405 10.926 0.62 0.13200000000000001 0.998 0.012474000000000001 21.432441085102671 0
64 22 3 5 3.9793506945470716 14.369999999999999 -0.20000000000000001 0.034000000000000002 0.996 0.021284999999999998 32.959855566941513 0
64 23 1 5 2.0245819323134224 19.212 1.6200000000000001 -0.14999999999999999 0.99950000000000006 0.0046440000000000006 42.27646435747581 0
64 24 2 5 4.7996554429844061 24.411999999999999 -2.0600000000000001 -0.017999999999999999 0.996 0.017280000000000004 59.477410550955106 0
64 25 4 5 5.742133239061344 30.93 3.46 -0.071999999999999995 0.99150000000000005 0.017910000000000002 48.000094694929764 0
64 26 1 5 4.5902159327450871 38.515999999999998 4.7999999999999998 -0.23599999999999999 0.98199999999999998 0.0064530000000000004 38.970401083712339 0
64 27 4 5 5.1312680008633285 45.560000000000002 2.1600000000000001 0.073999999999999996 0.97799999999999998 0.017100000000000001 47.485708778494526 0
64 28 0 5 4.782202150464463 54.631999999999998 6.9400000000000004 -0.33000000000000002 0.99399999999999999 0.011907000000000001 35.37282430713126 0
64 29 2 5 1.0471975511965976 63.021999999999998 -4.7800000000000002 0.83599999999999997 0.97099999999999997 0.016290000000000002 41.68576774275936 0
64 30 4 5 1.5358897417550099 73.039999999999992 -11.68 0.71199999999999997 0.99550000000000005 0.016830000000000001 56.052136888649954 0
64 31 5 6 5.8817595792208905 0.68400000000000005 -0.02 -0.002 1 0.01008 0.30965760000000003 0
64 32 1 6 3.4033920413889427 0.41500000000000004 0.040000000000000001 -0.002 1 0.0043470000000000002 0.63713157120000008 0
# rec 65 class 8 nop 5 nob 21 draws 322 float 173
65 0 2 -1 3.6128315516282621 20.199000377655029 0.122 -0.0091999999999999998 0.99050000000000005 0.023519999999999999 69.555841369628908 0.052919999999999995
65 1 10 -1 4.8171087355043491 44.698000755310062 -0.60799999999999998 6.8000000000000007 0.998 12.960000000000001 807.3223762170411 0
65 2 10 -1 4.5378560551852569 112.01500188827515 0.60399999999999998 -19.48 0.97450000000000003 8.6999999999999993 5541.3604090001136 0
65 3 5 -1 0.64577182323790194 193.1000037765503 1.798 0.094799999999999995 0.97399999999999998 0.020544 7195.2071769086533 0
65 4 5 -1 5.6199601914217414 333.55300642013549 -1.8899999999999999 -0.34460000000000002 0.91800000000000004 0.01584 13458.537791878218 0
65 5 6 1 6.1086523819801535 0.058000000000000003 0 0 1 0.087552000000000005 185.13100800000007 0
65 6 3 1 5.9166661642607767 0.115 0 0 1 0.018612 395.59842201600014 0
65 7 6 2 5.2359877559829888 0.17200000000000001 0 0 1 0.123264 133.63200000000001 0
65 8 2 2 3.0543261909900767 0.17500000000000002 0 0 1 0.0207 255.28166400000001 0
65 9 6 2 0.8028514559173916 0.19400000000000001 0 0 1 0.11059200000000001 612.33496473600007 0
65 10 4 2 4.7472955654245768 0.439 0 0 1 0.025020000000000001 627.68672258654203 0
65 11 9 2 3.9444441095071849 0.71000000000000008 0.02 0.002 1 0.172125 737.9997149862877 0
65 12 1 2 4.5378560551852569 0.93700000000000006 0.040000000000000001 0.01 1 0.0035370000000000002 580.51971480204588 0
65 13 6 2 3.8222710618675819 1.3500000000000001 0 0.0080000000000000002 1 0.087552000000000005 1023.6546223315908 0
65 14 3 2 1.5358897417550099 1.6990000000000001 0.20000000000000001 0.0060000000000000001 1 0.01881 1011.0590850208752 0
65 15 8 2 3.246312408709453 2.2440000000000002 -0.26000000000000001 0.0040000000000000001 1 0.020952000000000002 1114.5520975117367 0
65 16 3 2 0.10471975511965978 2.7850000000000001 -0.059999999999999998 -0.0040000000000000001 1 0.019008000000000001 927.14279097574558 0
65 17 1 3 5.6374134839416845 0.64400000000000002 0 0.0040000000000000001 1 0.0039960000000000004 0.28478914560000002 0
65 18 0 3 3.7873644768276953 0.43000000000000005 0.040000000000000001 0.002 1 0.012978 0.6830471749632 0
65 19 1 4 1.2042771838760873 0.059999999999999998 0 0 1 0.0058320000000000004 0.174974976 0
65 20 5 4 4.3284165449459371 0.095000000000000001 0 0 1 0.012168000000000002 0.35808517324800004 0
# rec 66 class 6 nop 0 nob 0 draws 1 float 0
# rec 67 class 0 nop 3 nob 5 draws 87 float 43
67 0 6 -1 1.8849555921538759 29.962000045776367 -0.042000000000000003 -0.002 0.98899999999999999 0.117504 31.432520084381107 0.35251199999999999
67 1 9 -1 6.2657320146596431 44.724000091552732 -0.214 -0.0057999999999999996 1 0.42449999999999999 75.833143043575291 0
67 2 8 -1 2.530727415391778 88.38000022888184 -0.064000000000000001 -0.083199999999999996 0.99550000000000005 0.026352 141.38446105882886 0
67 3 5 2 2.2340214425527418 0.28599999999999998 -0.02 0 1 0.014904000000000002 0.35349626880000001 0
67 4 5 2 5.2010811709431017 0.16999999999999998 0 0 1 0.016775999999999999 0.77093488558080003 0
# rec 68 class 2 nop 3 nob 3 draws 56 float 27
68 0 1 -1 1.3264502315156905 11.680000150203703 0.02 -0.00080000000000000004 1 0.0039239999999999995 26.627680408954618 0
68 1 4 -1 5.9515727493006638 27.660000300407411 -0.034000000000000002 -0.001 0.99950000000000006 0.016919999999999998 53.55100370244979 0.050759999999999993
68 2 1 -1 4.4331363000655974 58.500000751018526 0.040000000000000001 0.002 0.998 0.0059039999999999995 104.8773216132923 0
# rec 69 class 8 nop 6 nob 65 draws 942 float 526
69 0 10 -1 0.94247779607693793 42.759998855590823 -0.20399999999999999 -1.6599999999999999 0.98599999999999999 15.779999999999999 542.89997673034668 0
69 1 6 -1 1.6929693744344996 74.559997711181637 1.1240000000000001 0.027 0.99299999999999999 0.15744 663.49497156143184 0
69 2 1 -1 6.1435589670200397 142.7499942779541 0.48199999999999998 0.0025999999999999999 0.96499999999999997 0.0078479999999999991 1255.2377011982919 0
69 3 10 -1 5.98647933434055 289.09998855590823 1.9119999999999999 8.0600000000000005 0.98499999999999999 14.819999999999999 14839.580732539322 0
69 4 10 -1 0.20943951023931956 462.84998054504393 2.9660000000000002 -7.4800000000000004 0.81950000000000001 13.26 103436.98917362101 0
69 5 10 -1 4.3807764225057673 694.29997024536135 7.7359999999999998 -89.219999999999999 0.76049999999999995 12.539999999999999 716263.6567272821 0
69 6 1 2 4.6949356878647466 0.033999999999999996 0 0 1 0.0046170000000000004 0.0694139904 0
69 7 9 3 5.1487212933832724 1.0800000000000001 0.040000000000000001 -0.01 1 0.21487499999999998 179.26272 0
69 8 0 3 2.1293016874330819 1.7949999999999999 0.16 -0.012 1 0.0081270000000000005 342.02473343999998 0
69 9 5 3 6.1784655520599268 1.6899999999999999 -0.040000000000000001 0.0040000000000000001 1 0.013896 767.8621297151999 0
69 10 4 3 3.2812189937493397 3.7149999999999999 0.34000000000000002 0.02 1 0.012330000000000001 695.50790319904354 0
69 11 3 3 5.3232542185827052 5.1299999999999999 0.62 0.043999999999999997 0.99850000000000005 0.021780000000000001 960.17464955305502 0
69 12 8 3 4.8694686130641793 7.2350000000000003 0.95999999999999996 0.0040000000000000001 0.99850000000000005 0.021816000000000002 697.25893547390865 0
69 13 3 3 2.9496064358704168 10.06 -0.81999999999999995 -0.085999999999999993 0.998 0.013364999999999998 1036.6332926512623 0
69 14 1 3 3.9793506945470716 13.145 -0.34000000000000002 -0.16600000000000001 0.99950000000000006 0.0058590000000000005 937.65380910109945 0
69 15 1 3 1.6406094968746698 17.399999999999999 -1.96 0.11600000000000001 0.99750000000000005 0.0069660000000000008 1395.1260284924058 0
69 16 1 3 3.7000980142279785 22.065000000000001 0.32000000000000001 0.26600000000000001 0.99299999999999999 0.0065610000000000009 1502.5006470007008 0
69 17 0 3 5.8468529941810043 26.949999999999999 -2.5 -0.056000000000000001 0.99650000000000005 0.013860000000000001 1309.7500712824319 0
69 18 4 3 1.7104226669544429 32.295000000000002 2.04 -0.27200000000000002 0.98850000000000005 0.02052 1390.4617107523286 0
69 19 8 3 1.7802358370342162 37.990000000000002 1.1000000000000001 0.012 0.98199999999999998 0.017280000000000004 1286.8594650924535 0
69 20 0 3 3.717551306747922 43.585000000000001 -4.1399999999999997 -0.17799999999999999 0.99950000000000006 0.012159 1762.0293978972397 0
69 21 4 3 1.0297442586766545 50.640000000000001 2.0800000000000001 0.154 0.97499999999999998 0.025560000000000003 1917.0489034289442 0
69 22 3 3 1.6580627893946132 58.695 4.7199999999999998 0.26000000000000001 0.98399999999999999 0.014949 1515.0967518588054 0
69 23 1 3 1.3264502315156905 66.030000000000001 0.81999999999999995 0.57199999999999995 0.98899999999999999 0.0069389999999999999 1401.8279997031855 0
69 24 8 3 4.5902159327450871 74.314999999999998 6.7400000000000002 -0.308 0.96999999999999997 0.020196000000000002 1612.9483319935941 0
69 25 1 3 4.2062434973063345 83.680000000000007 2.2999999999999998 -0.42399999999999999 0.98550000000000004 0.0044010000000000004 1330.8929532602808 0
69 26 9 4 3.3684854563490561 0.10400000000000001 0 0 1 0.205875 191.62291200000001 0
69 27 8 4 1.3788101090755203 0.10500000000000001 0 0 1 0.022032000000000003 364.24171929599999 0
69 28 2 4 2.1991148575128552 0.158 0 0 1 0.01755 756.06752181043203 0
69 29 2 4 1.7976891295541595 0.28300000000000003 0 -0.002 1 0.01341 847.34092180195546 0
69 30 8 4 2.5830872929516078 0.45000000000000001 0.040000000000000001 -0.002 1 0.019764 767.44937482665068 0
69 31 2 4 2.0071286397934789 0.64900000000000002 0 -0.0040000000000000001 1 0.021420000000000002 692.92556068295767 0
69 32 9 4 1.9373154697137058 0.83000000000000007 0.10000000000000001 0.0040000000000000001 1 0.203625 1269.2593453139325 0
69 33 5 4 5.98647933434055 1.123 -0.040000000000000001 0.012 1 0.0095760000000000012 1220.6466030637453 0
69 34 0 4 0.82030474843733492 1.4580000000000002 -0.02 0.0040000000000000001 1 0.0080640000000000017 1769.2769306074663 0
69 35 3 4 0.90757121103705141 1.7750000000000001 -0.040000000000000001 -0.0040000000000000001 1 0.021780000000000001 1377.3803156328406 0
69 36 4 4 3.473205211468716 2.194 -0.14000000000000001 -0.002 1 0.013140000000000001 1038.3154579168897 0
69 37 1 4 0.85521133347722145 2.6350000000000002 0 -0.01 0.99950000000000006 0.0043470000000000002 1435.2966218036954 0
69 38 1 4 1.9896753472735358 3.1280000000000001 -0.35999999999999999 0.025999999999999999 0.99950000000000006 0.0070200000000000002 1494.2285316513587 0
69 39 8 4 0.99483767363676789 3.6830000000000003 0.14000000000000001 0.002 0.999 0.020736000000000001 1086.369275549097 0
69 40 6 4 2.6878070480712677 4.1800000000000006 -0.52000000000000002 0.0080000000000000002 0.99950000000000006 0.10483200000000001 2069.7859094867931 0
69 41 9 4 2.9496064358704168 4.7990000000000004 0.080000000000000002 -0.040000000000000001 1 0.20250000000000001 2257.2094953505034 0
69 42 6 4 5.9341194567807207 5.4400000000000004 0.40000000000000002 0.002 0.998 0.076608000000000009 1773.4411906077644 0
69 43 6 4 5.2010811709431017 6.1430000000000007 0.41999999999999998 0.094 0.997 0.12614400000000001 2183.4607938762792 0
69 44 3 4 4.1189770347066181 6.8880000000000008 0.34000000000000002 -0.087999999999999995 0.997 0.021977999999999998 2062.1485519611265 0
69 45 5 5 0.8028514559173916 3.2840000000000003 -0.34000000000000002 0.0080000000000000002 0.99950000000000006 0.013535999999999999 166.29043200000001 0
69 46 3 5 0.36651914291880922 4.4900000000000002 0.78000000000000003 0.028000000000000001 1 0.016730999999999999 297.71701555200002 0
69 47 3 5 4.4680428851054836 6.3680000000000003 0.26000000000000001 -0.034000000000000002 0.99950000000000006 0.014553 761.28920656588798 0
69 48 2 5 2.0943951023931953 7.6380000000000008 0.69999999999999996 -0.025999999999999999 0.99950000000000006 0.025740000000000002 576.99456678596471 0
69 49 0 5 3.6302848441482056 13.790000000000001 -0.12 -0.128 1 0.011970000000000001 828.29474287370465 0
69 50 9 5 2.1991148575128552 18.664000000000001 -2.04 -0.112 0.99199999999999999 0.22612499999999999 1115.3656844383233 0
69 51 6 5 3.9095375244672983 27.670000000000002 0.20000000000000001 0.40400000000000003 0.99550000000000005 0.084671999999999997 1205.7296579318922 0
69 52 1 5 1.2566370614359172 36.268000000000001 -2.3199999999999998 0.082000000000000003 0.99399999999999999 0.0063449999999999999 1254.9204951195886 0
69 53 0 5 6.1086523819801535 45.858000000000004 1.1000000000000001 -0.59599999999999997 0.98750000000000004 0.014868000000000001 1291.29904690788 0
69 54 1 5 0.4537856055185257 57.370000000000005 -3.4199999999999999 -0.52000000000000002 0.99350000000000005 0.0062370000000000004 1446.8567396333308 0
69 55 8 5 6.1610122595399837 69.154000000000011 0.69999999999999996 -0.14799999999999999 0.99050000000000005 0.028944000000000001 1581.1048563726115 0
69 56 5 5 4.1015237421866741 85.109999999999999 -12.720000000000001 -0.16800000000000001 0.96199999999999997 0.016128000000000003 1614.9515569763025 0
69 57 3 5 5.3756140961425354 100.438 -3.5600000000000001 -0.50800000000000001 0.98650000000000004 0.018512999999999998 1793.8569140189834 0
69 58 1 5 3.9793506945470716 117.14800000000001 -12 -0.99399999999999999 0.97350000000000003 0.0046710000000000007 1318.4784356148748 0
69 59 6 5 5.9690260418206069 135.97 17.859999999999999 0.59799999999999998 0.95999999999999996 0.10713600000000001 1792.3207499686378 0
69 60 1 5 3.0892327760299634 153.10400000000001 -23.600000000000001 1.786 0.93899999999999995 0.0064530000000000004 1576.6794650977331 0
69 61 1 5 0.8028514559173916 175.25 -19.460000000000001 1.744 0.97350000000000003 0.0066960000000000006 1791.2934689162003 0
69 62 1 5 2.0420352248333655 199.00800000000001 13.68 -0.54600000000000004 0.93899999999999995 0.0055890000000000002 1500.2528189511211 0
69 63 3 5 1.1868238913561442 221.69800000000001 -18.48 2.5859999999999999 0.92549999999999999 0.025245 1888.8830902893787 0
69 64 6 5 5.4628805587422518 246.87 -32.380000000000003 -0.63600000000000001 0.98299999999999998 0.095039999999999999 1837.6996480977127 0
# rec 70 class 0 nop 5 nob 7 draws 125 float 61
70 0 2 -1 3.8048177693476384 26.392999725341795 -0.029999999999999999 -0.033399999999999999 0.99650000000000005 0.033839999999999995 23.749329566955566 0
70 1 2 -1 2.3387411976724017 43.685999450683596 -0.59399999999999997 0.0044000000000000003 0.98599999999999999 0.028680000000000001 55.889352500915528 0
70 2 2 -1 0.069813170079773182 89.504998626708982 -1.1879999999999999 0.084400000000000003 0.98250000000000004 0.029999999999999999 107.88599205841064 0
70 3 3 -1 1.5533430342749532 156.18999725341797 0.55600000000000005 0.046800000000000001 0.98899999999999999 0.027719999999999998 188.17726119663848 0
70 4 5 -1 0.76794487087750496 256.58099533081054 -2.7839999999999998 0.30359999999999998 0.96950000000000003 0.021408 403.21177647434752 0.064224000000000003
70 5 0 2 0.82030474843733492 0.29800000000000004 0 0 1 0.017136000000000002 0.35750400000000004 0
70 6 1 2 3.4906585039886591 0.32500000000000001 0.02 0.002 1 0.0055620000000000001 0.62212185600000003 0
# rec 71 class 0 nop 1 nob 1 draws 22 float 9
71 0 1 -1 3.6826447217080354 32.374999771118162 -0.152 0.0112 0.996 0.0071279999999999998 33.627424631118771 0
# rec 72 class 8 nop 3 nob 6 draws 102 float 51
72 0 10 -1 0.017453292519943295 44.216000366210935 0.67200000000000004 -0.76000000000000001 0.98999999999999999 10.26 523.23072753906251 0
72 1 4 -1 0.12217304763960307 70.542000732421869 -0.21199999999999999 0.094600000000000004 0.98299999999999998 0.026879999999999998 640.78006811279295 0
72 2 8 -1 6.1610122595399837 148.87000183105468 -1.3660000000000001 -0.031800000000000002 0.996 0.021743999999999999 1411.0658004659913 0
72 3 5 2 5.8293997016610604 0.128 0 0 1 0.018504000000000003 0.2081857536 0
72 4 5 2 4.1189770347066181 0.16 0 0 1 0.01188 0.54294399221760004 0
72 5 5 2 1.1693705988362009 0.156 0 0 1 0.020088000000000002 0.8770939098365953 0
# rec 73 class 2 nop 4 nob 4 draws 74 float 36
73 0 1 -1 1.064650843716541 13.409999835491179 0.0080000000000000002 -0.0016000000000000001 1 0.0079559999999999995 31.486319553852081 0
73 1 4 -1 5.1661745859032155 29.719999670982361 -0.0040000000000000001 -0.00040000000000000002 1 0.027480000000000001 64.444601326847078 0
73 2 1 -1 5.742133239061344 66.449999177455908 0.034000000000000002 0.0054000000000000003 1 0.0073079999999999994 147.82792231494045 0
73 3 2 -1 2.1293016874330819 121.0999983549118 0.23400000000000001 -0.0030000000000000001 0.997 0.022799999999999997 289.55366026582465 0
# rec 74 class 8 nop 1 nob 2 draws 34 float 17
74 0 10 -1 3.2812189937493397 25.013000183105468 0.10199999999999999 -1.1799999999999999 0.999 8.2799999999999994 374.60430374145506 0
74 1 4 0 0.29670597283903605 0.066000000000000003 0 0 1 0.01098 107.46777599999999 0
# rec 75 class 4 nop 0 nob 0 draws 1 float 0
# rec 76 class 8 nop 3 nob 12 draws 184 float 99
76 0 5 -1 4.6774823953448035 48.861000251770022 -0.14599999999999999 0.050200000000000002 0.98599999999999999 0.024768000000000002 91.418300914764401 0.037152000000000004
76 1 8 -1 3.6651914291880923 58.192000503540037 0.66000000000000003 0.010800000000000001 0.98999999999999999 0.028223999999999999 178.09291458206175 0.084671999999999997
76 2 10 -1 0.29670597283903605 149.25500125885009 0.77000000000000002 -1.72 0.98399999999999999 16.260000000000002 2084.242413950079 0
76 3 2 2 0.05235987755982989 0.57000000000000006 0 0 1 0.01908 221.86444800000004 0
76 4 1 2 6.0213859193804371 0.72000000000000008 -0.10000000000000001 0.002 1 0.0068310000000000003 493.20133785600012 0
76 5 1 2 5.4628805587422518 1.1900000000000002 0.059999999999999998 0.017999999999999999 1 0.0062370000000000004 1110.6021243847683 0
76 6 1 2 2.2165681500327987 1.9200000000000002 0 0.0060000000000000001 1 0.0034290000000000002 1004.6992047838459 0
76 7 2 2 5.3756140961425354 2.6200000000000001 0.02 0.017999999999999999 0.99950000000000006 0.015210000000000001 1367.7087965039436 0
76 8 6 2 0.55850536063818546 3.7900000000000005 0.17999999999999999 0.034000000000000002 1 0.11808000000000002 1078.2886207531124 0
76 9 8 2 3.9968039870670147 5.4900000000000002 -0.02 0.056000000000000001 0.998 0.028080000000000001 1711.7197756371215 0
76 10 2 2 1.4137166941154069 7.4200000000000008 -0.66000000000000003 0.012 0.998 0.017010000000000001 2061.425890459348 0
76 11 5 2 4.1887902047863905 9.7900000000000009 1.48 0.098000000000000004 0.99750000000000005 0.0097920000000000004 1907.9404984357875 0
# rec 77 class 8 nop 0 nob 0 draws 1 float 0
# rec 78 class 8 nop 3 nob 3 draws 60 float 27
78 0 9 -1 1.3264502315156905 24.446000194549562 0.47999999999999998 -0.016 0.99950000000000006 0.21149999999999999 76.70442073345184 0.47587499999999999
78 1 10 -1 5.270894341022875 43.402000389099122 0.40000000000000002 -3.04 0.98599999999999999 9.8399999999999981 864.83413754959111 0
78 2 1 -1 6.2482787221397 112.7000009727478 -1.6419999999999999 -0.021600000000000001 0.97250000000000003 0.007415999999999999 1149.6593986230255 0
# rec 79 class 4 nop 9 nob 32 draws 498 float 265
79 0 6 -1 4.4680428851054836 65.023998489379878 -1.1180000000000001 0.049599999999999998 0.999 0.16127999999999998 120.24605684280395 0
79 1 6 -1 0.47123889803846897 134.60799697875976 0.372 -0.065199999999999994 0.97499999999999998 0.17433599999999999 219.59423119430542 0
79 2 2 -1 2.7925268031909272 290.64999244689943 3.5859999999999999 -0.38340000000000002 0.91800000000000004 0.028919999999999998 502.83274948939828 0
79 3 6 -1 3.7000980142279785 622.85998489379881 -2.782 -0.14979999999999999 0.96899999999999997 0.12134399999999999 989.24543889928304 0
79 4 1 -1 6.2308254296197561 1016.457974319458 -0.626 -0.0138 0.60799999999999998 0.0095040000000000003 1725.3885841477411 0
79 5 9 -1 0.69813170079773179 1532.343960723877 5.556 -0.20499999999999999 0.94999999999999996 0.27750000000000002 4146.3786608933688 0
79 6 5 -1 0.82030474843733492 2185.1779441070557 0.22800000000000001 -0.4158 0.59699999999999998 0.024576000000000001 8127.1578991450669 0
79 7 1 -1 1.9024088846738192 2883.299924468994 -1.236 4.7148000000000003 0.58899999999999997 0.0080279999999999987 15433.004875933344 0
79 8 5 -1 3.6477381366681487 3748.1199018096922 -9.3059999999999992 -1.8964000000000001 -0.83299999999999996 0.017184000000000001 29917.190523302339 0
79 9 0 2 2.6179938779914944 0.19400000000000001 0 0 1 0.010017000000000002 0.33574963200000002 0
79 10 1 3 2.0769418098732522 0.95600000000000007 -0.040000000000000001 0.01 1 0.0052110000000000004 1.4708834304 0
79 11 4 3 3.7350045992678651 1.6350000000000002 -0.080000000000000002 -0.01 1 0.01242 2.6793407545344006 0
79 12 1 3 6.2482787221397 1.8120000000000003 0 -0.02 0.99950000000000006 0.0057239999999999999 7.2718699157913607 0
79 13 1 3 3.9968039870670147 3.8170000000000002 0.47999999999999998 0.068000000000000005 1 0.0055620000000000001 7.2007766934381534 0
79 14 2 3 1.1170107212763709 5.6700000000000008 0.46000000000000002 0.0060000000000000001 0.99950000000000006 0.020970000000000003 6.5622078706329932 0
79 15 5 3 0.8028514559173916 8.1310000000000002 -0.57999999999999996 -0.075999999999999998 1 0.013968000000000001 6.4175357395639629 0
79 16 2 3 1.7976891295541595 11.07 -0.97999999999999998 0.17799999999999999 0.99850000000000005 0.016830000000000001 10.059444488194915 0
79 17 5 3 0.90757121103705141 14.897000000000002 -0.14000000000000001 0.024 0.997 0.018936000000000001 10.449763891045343 0
79 18 1 3 5.7246799465414009 19.012 2.54 0.19800000000000001 0.99950000000000006 0.0069660000000000008 10.393149029614388 0
79 19 8 3 2.4260076602721181 23.745000000000001 -0.57999999999999996 -0.124 0.999 0.02052 8.7186740692309872 0
79 20 4 3 4.2411500823462207 28.876000000000001 0.64000000000000001 -0.23999999999999999 0.98650000000000004 0.0135 11.769502187126106 0
79 21 4 3 2.1467549799530254 35.235000000000007 -4.0999999999999996 -0.17399999999999999 0.99750000000000005 0.018270000000000002 13.96763338247086 0
79 22 0 3 3.839724354387525 41.152000000000001 -5.2599999999999998 -0.0040000000000000001 0.98299999999999998 0.012222 12.718423658503808 0
79 23 5 3 5.7770398241012311 47.947000000000003 0.080000000000000002 0.29199999999999998 0.98650000000000004 0.020232 15.941932665835804 0
79 24 1 5 0.48869219055841229 2.1640000000000001 -0.22 0.02 0.99950000000000006 0.0058859999999999997 2.3976000000000002 0
79 25 6 5 0.27925268031909273 2.5800000000000005 0.080000000000000002 -0.043999999999999997 1 0.161856 7.3299072000000001 0
79 26 2 5 2.7227136331111539 4.7280000000000006 0.90000000000000002 0.035999999999999997 0.99850000000000005 0.02349 11.393817177600001 0
79 27 1 5 1.5882496193148399 8.9480000000000004 -0.88 -0.0080000000000000002 0.99650000000000005 0.0036449999999999998 13.226029030964737 0
79 28 4 5 3.7524578917878086 12.080000000000002 -0.52000000000000002 -0.035999999999999997 0.99550000000000005 0.020880000000000003 16.461163187458158 0
79 29 1 5 3.7350045992678651 17.164000000000001 2.3399999999999999 -0.13 0.99250000000000005 0.0050490000000000005 20.376126498497953 0
79 30 0 5 5.742133239061344 22.180000000000003 -1.8999999999999999 -0.17399999999999999 0.99250000000000005 0.014426999999999999 17.08115862057225 0
79 31 1 7 1.064650843716541 12.352 0.23999999999999999 -0.13800000000000001 0.99650000000000005 0.0075330000000000006 0.11704181759999999 0
# rec 80 class 6 nop 0 nob 0 draws 1 float 0
# rec 81 class 1 nop 3 nob 5 draws 85 float 43
81 0 8 -1 1.7104226669544429 65.862001876831059 0.498 0.1066 0.98950000000000005 0.033264000000000002 93.004162902832036 0
81 1 4 -1 0.64577182323790194 162.48400375366211 -2.8620000000000001 0.23880000000000001 0.95799999999999996 0.023400000000000001 190.9054760385132 0
81 2 5 -1 1.7976891295541595 313.61000938415526 -1.048 -0.19839999999999999 0.88600000000000001 0.017568 335.72930716865295 0
81 3 1 2 1.8151424220741028 0.97599999999999998 -0.02 0.0080000000000000002 1 0.0065070000000000006 0.24893153280000005 0
81 4 0 2 3.4033920413889427 1.54 0.02 0.02 1 0.014805 0.6287351648256001 0
# rec 82 class 11 nop 4 nob 5 draws 117 float 44
82 0 1 -1 0.59341194567807209 1.2360000121593475 0.002 -0.001 1 0.0088919999999999989 27.946800449490549 0
82 1 1 -1 2.0769418098732522 1.6220000243186952 0.0040000000000000001 0.00040000000000000002 1 0.0057239999999999999 62.341197402682909 0
82 2 1 -1 1.7802358370342162 3.8300000607967375 -0.0060000000000000001 -0.00020000000000000001 0.99950000000000006 0.0069840000000000006 118.37519821392216 0
82 3 1 -1 1.2042771838760873 8.0400001215934758 -0.13800000000000001 0.0040000000000000001 0.998 0.004032 201.35621216188161 0.012095999999999999
82 4 1 3 1.4137166941154069 0.075999999999999998 0 0 1 0.0061830000000000001 0.043094016000000006 0
# rec 83 class 8 nop 3 nob 3 draws 59 float 27
83 0 10 -1 1.0297442586766545 25.080999336242677 0.216 -0.54000000000000004 0.997 12.719999999999999 283.26724668502806 0
83 1 10 -1 1.1519173063162575 28.861998672485353 0.087999999999999995 0.91999999999999993 0.99150000000000005 10.860000000000001 1980.7021178571317 0
83 2 1 -1 3.8048177693476384 81.874996681213375 0.002 0.0516 0.97599999999999998 0.0070559999999999998 2341.0828740399206 0
# rec 84 class 10 nop 2 nob 2 draws 37 float 18
84 0 9 -1 4.2411500823462207 166.92299858093261 1.798 0.065799999999999997 0.99299999999999999 0.31349999999999995 173.44450232505798 0
84 1 5 -1 4.1015237421866741 247.65599716186523 -3.1019999999999999 0.25600000000000001 0.90349999999999997 0.02784 386.93060795257571 0
# rec 85 class 0 nop 5 nob 7 draws 126 float 61
85 0 2 -1 2.2340214425527418 19.394999885559081 -0.14999999999999999 0.023599999999999999 0.99950000000000006 0.032160000000000001 31.645249795913699 0
85 1 0 -1 3.7000980142279785 48.769999771118165 -0.27400000000000002 -0.0086 0.98999999999999999 0.016968 66.423970821619037 0
85 2 3 -1 5.4628805587422518 94.754999427795411 0.23000000000000001 0.1192 0.95999999999999996 0.025079999999999998 120.3684998624704 0.075240000000000001
85 3 5 -1 0.29670597283903605 182.63999885559082 0.48199999999999998 -0.15679999999999999 0.95450000000000002 0.01728 243.05246588348288 0
85 4 3 -1 2.1467549799530254 317.55499805450438 0.040000000000000001 0.23400000000000001 0.91449999999999998 0.024816000000000001 422.80712529473874 0
85 5 1 3 4.5029494701453698 0.35800000000000004 0.02 -0.002 1 0.0067229999999999998 0.21919334400000004 0
85 6 1 4 3.9793506945470716 1.252 0.080000000000000002 -0.0040000000000000001 1 0.0056430000000000004 0.28302151680000004 0
# rec 86 class 6 nop 0 nob 0 draws 1 float 0
# rec 87 class 8 nop 6 nob 21 draws 329 float 174
87 0 10 -1 4.2586033748661638 31.778999633789063 -0.318 -1.3599999999999999 0.98950000000000005 8.6999999999999993 440.33043273925784 26.099999999999998
87 1 1 -1 0 49.017999267578126 -0.0040000000000000001 -0.041799999999999997 0.97799999999999998 0.0052560000000000003 553.96618474548347 0
87 2 5 -1 5.2359877559829888 121.84499816894531 0.89800000000000002 0.088599999999999998 0.94499999999999995 0.025440000000000001 1175.1592778904421 0
87 3 2 -1 4.6076692252650302 238.49999633789062 0.11799999999999999 -0.13600000000000001 0.91600000000000004 0.01332 2230.0249787895536 0.019980000000000001
87 4 10 -1 1.3962634015954636 395.52299377441409 -0.098000000000000004 44.399999999999999 0.91100000000000003 14.339999999999998 26572.654585287564 0
87 5 4 -1 1.9198621771937625 589.09399047851559 4.2119999999999997 -0.77239999999999998 0.98150000000000004 0.025440000000000001 28686.656883405994 0
87 6 1 2 3.1939525311496229 0.25600000000000001 0 0 1 0.0056160000000000003 0.34354176000000003 0
87 7 1 2 4.6425758103049164 0.23500000000000001 -0.02 0.002 1 0.0047520000000000001 0.53734652928000004 0
87 8 1 3 2.3387411976724017 0.46400000000000002 -0.040000000000000001 -0.002 1 0.0065339999999999999 0.14372812800000001 0
87 9 1 3 1.0297442586766545 1.0349999999999999 0.10000000000000001 -0.0080000000000000002 1 0.0056970000000000007 0.35413059225599997 0
87 10 3 4 5.9341194567807207 0.73000000000000009 0.059999999999999998 0.002 1 0.013167 147.39225599999997 0
87 11 0 4 6.2657320146596431 1.3250000000000002 0.059999999999999998 -0.0060000000000000001 1 0.011403000000000002 214.120933632 0
87 12 0 4 2.4260076602721181 1.0200000000000002 -0.16 0.0080000000000000002 1 0.01512 439.86760803302406 0
87 13 0 4 0.6108652381980153 2.3550000000000004 0.12 -0.021999999999999999 0.99950000000000006 0.013734000000000001 613.99123376605394 0
87 14 4 4 4.5029494701453698 3.1200000000000006 0.10000000000000001 -0.0040000000000000001 0.999 0.017010000000000001 691.67409816732606 0
87 15 2 4 4.6425758103049164 5.0950000000000006 0.38 0.01 0.99850000000000005 0.017910000000000002 903.92591262870621 0
87 16 9 4 1.9722220547535925 7.1900000000000004 0.040000000000000001 -0.080000000000000002 0.998 0.23850000000000002 629.12718366674824 0
87 17 5 4 3.3859387488689991 9.4350000000000005 0.12 0.058000000000000003 0.998 0.018792 713.25659062740158 0
87 18 1 4 3.4033920413889427 11.750000000000002 0.059999999999999998 0.048000000000000001 0.998 0.0039690000000000003 1068.1220159676359 0
87 19 0 4 5.742133239061344 14.535000000000002 -0.52000000000000002 0.048000000000000001 0.99299999999999999 0.011214 919.44068585066429 0
87 20 1 4 3.4906585039886591 18.110000000000003 -2.9399999999999999 0.075999999999999998 0.99199999999999999 0.0048600000000000006 943.84855234326437 0
# rec 88 class 0 nop 9 nob 25 draws 405 float 209
88 0 8 -1 3.0717794835100198 24.621999588012695 0.037999999999999999 0.0132 1 0.021024000000000001 36.410079269409181 0
88 1 2 -1 4.7647488579445199 45.383999176025391 0.096000000000000002 0.033000000000000002 0.98899999999999999 0.030359999999999998 72.042680154418946 0
88 2 1 -1 3.7000980142279785 102.93999794006348 -0.16400000000000001 -0.15079999999999999 0.94999999999999996 0.0060119999999999991 133.39902941926576 0
88 3 1 -1 0.75049157835756175 225.07999588012694 2.5859999999999999 0.28499999999999998 0.91000000000000003 0.0091800000000000007 281.86929570773384 0
88 4 3 -1 3.7350045992678651 366.84399299621583 -2.984 0.55000000000000004 0.97050000000000003 0.026927999999999997 614.29313333446464 0.060587999999999996
88 5 6 -1 1.4660765716752369 535.38198928833003 -4.4960000000000004 -0.62060000000000004 0.78100000000000003 0.13286399999999998 1144.1005959858794 0.29894399999999999
88 6 3 -1 0.33161255787892263 771.64398475646976 4.8579999999999997 0.63139999999999996 0.96950000000000003 0.024155999999999997 2448.3658975360445 0
88 7 7 -1 5.1661745859032155 1035.9499794006347 4.5359999999999996 0.65800000000000003 0.71399999999999997 0.020303999999999996 5007.7004469673202 0
88 8 9 -1 4.9218284906240095 1341.8199732208252 1.6200000000000001 -0.63859999999999995 0.82599999999999996 0.33000000000000002 11189.399325552637 0
88 9 1 2 0.19198621771937624 0.29599999999999999 0 0 1 0.0062910000000000006 0.080570419199999993 0
88 10 1 4 1.5358897417550099 0.19 0 0 1 0.0064260000000000003 0.363635712 0
88 11 5 5 4.9043751981040664 0.312 -0.02 0 1 0.012959999999999999 1.5918170111999999 0
88 12 5 5 4.3633231299858242 0.53000000000000003 -0.02 0.002 1 0.015696000000000002 3.7139131662335991 0
88 13 1 6 4.8171087355043491 1.2440000000000002 0 0.01 1 0.0073709999999999999 0.32249226240000001 0
88 14 1 6 5.4803338512621949 1.2850000000000001 -0.12 0.002 1 0.0056430000000000004 0.62600386083839998 0
88 15 1 6 4.9567350756638957 1.8480000000000003 0.14000000000000001 0.01 1 0.005535 1.3369275774024192 0
88 16 1 7 6.2482787221397 2.1899999999999999 0 0.0080000000000000002 0.99950000000000006 0.0049950000000000003 0.24299827199999993 0
88 17 1 7 5.2010811709431017 2.3999999999999999 0.10000000000000001 0.002 1 0.0042929999999999999 0.55669864550399983 0
88 18 3 8 6.0737457969402664 2.996 -0.5 -0.025999999999999999 1 0.015344999999999999 4.8111360000000003 0
88 19 1 8 6.0737457969402664 5.0149999999999997 0.23999999999999999 -0.034000000000000002 1 0.0049950000000000003 9.1706630400000027 0
88 20 7 8 4.9567350756638957 7.9719999999999995 -0.17999999999999999 -0.0080000000000000002 0.99650000000000005 0.017738999999999998 23.030335785600002 0
88 21 7 8 4.4680428851054836 14.786999999999999 0.88 -0.058000000000000003 0.99450000000000005 0.018873000000000001 13.525288370605441 0
88 22 7 8 3.351032163829113 19.199999999999999 1.0600000000000001 -0.071999999999999995 0.99150000000000005 0.014175 24.241724536273015 0
88 23 7 8 2.7401669256310974 32.530999999999999 -2.8999999999999999 -0.002 0.99299999999999999 0.011339999999999999 28.689165993484597 0
88 24 7 8 1.6057029118347832 44.259999999999998 4.7800000000000002 0.20200000000000001 0.98199999999999998 0.014660999999999999 22.026521590562147 0
# rec 89 class 6 nop 0 nob 0 draws 1 float 0
# rec 90 class 3 nop 14 nob 37 draws 599 float 310
90 0 6 -1 1.5882496193148399 92.182002563476559 -0.002 0.042599999999999999 0.96299999999999997 0.109824 132.61752502441408 0.24710400000000002
90 1 9 -1 3.9269908169872414 183.77400512695311 -0.184 -0.063200000000000006 0.93000000000000005 0.27450000000000002 320.72150079101567 0.41175000000000006
90 2 1 -1 1.1519173063162575 360.85001281738283 -4.6399999999999997 -0.0516 0.93899999999999995 0.0070559999999999998 658.38480199221681 0.010584
90 3 8 -1 2.6878070480712677 690.45002563476567 2.2000000000000002 0.26179999999999998 0.66600000000000004 0.027359999999999999 1275.922573027472 0
90 4 2 -1 1.9198621771937625 1197.9540435791016 9.9039999999999999 -0.2472 0.80800000000000005 0.025080000000000002 2500.4164051075795 0
90 5 6 -1 6.0213859193804371 1778.7720666503906 -2.544 2.2618 0.11849999999999999 0.131328 5260.8761163463469 0.29548799999999997
90 6 1 -1 5.2883476335428181 2509.7640948486328 -5.258 0.091800000000000007 0.20250000000000001 0.0042840000000000005 10169.353546222454 0
90 7 2 -1 1.9722220547535925 3432.1601281738281 -23.800000000000001 -2.1080000000000001 0.39050000000000001 0.01464 22310.720220280087 0
90 8 1 -1 2.4085543677521746 4400.2601666259761 -24.486000000000001 -0.1278 -0.59750000000000003 0.008064 42100.655952668079 0
90 9 4 -1 4.7647488579445199 5555.9642102050784 -12.156000000000001 0.374 -0.012 0.02112 52419.958418672228 0.03168
90 10 5 -1 5.4803338512621949 6858.4622589111332 -0.17199999999999999 0.23300000000000001 -1.0700000000000001 0.022079999999999999 66967.279018915899 0
90 11 1 -1 0.017453292519943295 8311.7443127441402 5.516 -1.6346000000000001 -2.5619999999999998 0.0087480000000000006 79599.694265982063 0
90 12 2 -1 1.2915436464758039 9860.2103717041009 -42.323999999999998 2.5968 -1.4430000000000001 0.032039999999999999 94631.679353707237 0
90 13 2 -1 0.87266462599716477 11512.890435791016 -0.184 -0.14399999999999999 -2.9864999999999999 0.022199999999999998 123596.02272136718 0
90 14 1 4 1.2217304763960306 3.222 0.14000000000000001 -0.029999999999999999 0.999 0.0038610000000000003 0.26163456000000002 0
90 15 1 4 5.2883476335428181 3.6699999999999999 0.12 -0.042000000000000003 1 0.0042389999999999997 0.59139843840000006 0
90 16 1 5 0.41887902047863912 0.16 0 0 1 0.006777 2.2172368896000001 0
90 17 1 5 6.1610122595399837 0.26000000000000001 0 -0.002 1 0.0049680000000000002 3.8943370543104003 0
90 18 2 5 3.7350045992678651 0.38 0.02 0.002 1 0.020970000000000003 9.0549690636238864 0
90 19 4 5 3.9095375244672983 0.62 0.040000000000000001 0 1 0.017639999999999999 10.850344067748317 0
90 20 8 5 1.1170107212763709 1 0.10000000000000001 -0.012 1 0.029915999999999998 12.013827705216578 0
90 21 1 5 0.31415926535897931 1.53 0.17999999999999999 0 1 0.0056700000000000006 11.797212282965571 0
90 22 1 5 3.5255650890285457 2.04 -0.20000000000000001 0.0040000000000000001 1 0.0050759999999999998 10.417789239887282 0
90 23 0 5 2.2689280275926285 2.73 0.14000000000000001 -0.014 1 0.016569 17.760816097814946 0
90 24 5 5 1.7104226669544429 3.5100000000000002 0.5 0.0040000000000000001 0.999 0.020303999999999999 16.748366705956816 0
90 25 2 5 2.8099800957108707 4.2200000000000006 0.080000000000000002 -0.056000000000000001 1 0.017820000000000003 18.623576238231706 0
90 26 1 5 6.1435589670200397 5.1600000000000001 0.080000000000000002 -0.050000000000000003 1 0.0042120000000000005 19.294256514610286 0
90 27 5 5 2.4260076602721181 6.2300000000000004 0.71999999999999997 0.024 0.998 0.013608 14.869616280629973 0
90 28 5 5 4.5902159327450871 7.3600000000000003 0.29999999999999999 0.016 1 0.013608 24.041672284001393 0
90 29 4 5 1.1868238913561442 8.5600000000000005 -0.32000000000000001 0.025999999999999999 0.99850000000000005 0.020880000000000003 19.247149077910489 0
90 30 5 5 0.73303828583761843 9.9400000000000013 0.85999999999999999 -0.084000000000000005 0.99850000000000005 0.014400000000000001 14.238031631872886 0
90 31 1 7 2.5132741228718345 3.0960000000000001 -0.20000000000000001 0.021999999999999999 0.99950000000000006 0.0046979999999999999 0.157221888 0
90 32 5 7 4.5727626402251431 5.96 -1.0800000000000001 -0.043999999999999997 0.99850000000000005 0.018576000000000002 0.39285983232000005 0
90 33 1 9 6.0562925044203233 25.074000000000002 -0.78000000000000003 0.048000000000000001 0.99350000000000005 0.0053190000000000008 0.26033356800000002 0
90 34 5 12 2.7227136331111539 12.016000000000002 1.26 0.10000000000000001 0.99399999999999999 0.017352000000000003 0.39370752000000003 0
90 35 1 12 2.4260076602721181 14.655000000000001 -0.29999999999999999 -0.037999999999999999 0.99550000000000005 0.0039690000000000003 0.83838375935999998 0
90 36 5 13 3.6651914291880923 55.638000000000005 -0.80000000000000004 -0.16200000000000001 0.98150000000000004 0.017208000000000001 0.30461951999999998 0
# rec 91 class 8 nop 3 nob 16 draws 241 float 131
91 0 5 -1 5.1138147083433854 39.107999725341799 -0.51800000000000002 0.031 0.98499999999999999 0.017184000000000001 89.572559051513679 0
91 1 10 -1 4.8869219055841224 77.465999450683597 -0.96199999999999997 1.5800000000000001 0.998 7.8599999999999994 1059.3639348623658 11.789999999999999
91 2 10 -1 1.0122909661567112 142.25999862670898 0.872 -18.48 0.96150000000000002 11.880000000000001 7340.7259613962087 0
91 3 8 1 3.0717794835100198 0.29800000000000004 0 -0.002 1 0.023328000000000002 127.57094400000001 0
91 4 2 1 1.8849555921538759 0.33000000000000002 -0.040000000000000001 -0.0040000000000000001 1 0.020160000000000001 224.07172300800002 0
91 5 0 2 5.4803338512621949 0.26200000000000001 0.02 0.002 1 0.018332999999999999 179.89171200000001 0
91 6 0 2 5.3232542185827052 0.255 0.02 0.002 1 0.010458 328.96811059200007 0
91 7 3 2 4.9392817831439526 0.47399999999999998 -0.02 -0.002 1 0.019601999999999998 610.03268825241605 0
91 8 4 2 4.7298422729046328 0.73899999999999999 -0.02 -0.01 1 0.0189 797.26273126796696 0
91 9 9 2 3.3859387488689991 1.26 -0.10000000000000001 0.017999999999999999 1 0.189 1145.9527959224699 0
91 10 3 2 1.6755160819145565 1.837 0.17999999999999999 -0.012 1 0.023165999999999999 1005.038839174503 0
91 11 1 2 3.595378259108319 2.6600000000000001 -0.28000000000000003 -0.034000000000000002 0.999 0.0035100000000000001 747.39985090335881 0
91 12 9 2 0.27925268031909273 3.319 0.32000000000000001 -0.043999999999999997 1 0.23400000000000001 1451.9885077967811 0
91 13 2 2 5.4279739737023647 4.3739999999999997 -0.46000000000000002 0.021999999999999999 0.999 0.015390000000000001 1803.3610595015928 0
91 14 9 2 1.8500490071139892 5.4450000000000003 0.29999999999999999 0.0080000000000000002 0.998 0.24187500000000001 1213.9312129508685 0
91 15 5 2 0.6108652381980153 6.6020000000000003 -0.46000000000000002 -0.037999999999999999 0.99950000000000006 0.010368 1638.5142014936198 0
# rec 92 class 0 nop 8 nob 30 draws 465 float 248
92 0 2 -1 1.6755160819145565 36.297000617980956 -0.12 -0.0298 0.99550000000000005 0.028560000000000002 33.573721046447758 0
92 1 1 -1 0.10471975511965978 55.104001235961917 0.49199999999999999 0.0060000000000000001 0.99150000000000005 0.0086040000000000005 68.683902460784921 0.019359000000000001
92 2 3 -1 4.1887902047863905 106.20500308990478 -1.01 0.12740000000000001 0.95099999999999996 0.023363999999999996 127.86098018765487 0
92 3 2 -1 4.1713369122664474 215.94000617980956 1.796 -0.14119999999999999 0.97850000000000004 0.015479999999999999 240.0052075090685 0
92 4 5 -1 3.9444441095071849 339.48901050567628 -2.694 0.1338 0.91500000000000004 0.024576000000000001 470.96600825095317 0
92 5 5 -1 4.0840704496667311 516.50201606750488 -2.8759999999999999 -0.41120000000000001 0.80300000000000005 0.015071999999999999 1155.3238970950647 0.045215999999999992
92 6 6 -1 2.7052603405912108 737.44902286529543 8.2720000000000002 1.3717999999999999 0.98299999999999998 0.13977599999999998 1980.3966073493466 0
92 7 1 -1 2.5132741228718345 1002.0600308990479 -1.284 -0.26579999999999998 0.70750000000000002 0.0097920000000000004 3382.4109324168048 0
92 8 1 3 0.97738438111682457 1.0860000000000001 -0.10000000000000001 0 1 0.0075330000000000006 0.196360704 0
92 9 0 3 3.351032163829113 0.72499999999999998 -0.02 0.002 1 0.015498 0.49352538470399998 0
92 10 1 4 3.7350045992678651 0.79400000000000004 0.040000000000000001 -0.0060000000000000001 1 0.0050490000000000005 0.31048335360000007 0
92 11 2 6 1.6231562043547265 2.3839999999999999 0.16 0.017999999999999999 1 0.013140000000000001 2.1505376256000002 0
92 12 4 6 1.4660765716752369 4.1749999999999998 -0.14000000000000001 0.034000000000000002 0.99850000000000005 0.018090000000000002 5.1136922124288002 0
92 13 2 6 5.5501470213419681 5.6379999999999999 -0.080000000000000002 -0.071999999999999995 1 0.01341 9.2163231655133195 0
92 14 5 6 2.7227136331111539 9.5329999999999995 0.68000000000000005 -0.037999999999999999 1 0.012456 10.037409560875714 0
92 15 5 6 4.1887902047863905 12.99 0.02 0.0040000000000000001 0.995 0.015552 15.363871884144297 0
92 16 5 6 4.310963252425994 19.939 -0.41999999999999998 0.29799999999999999 0.995 0.018360000000000001 11.04144925992078 0
92 17 7 6 3.6826447217080354 25.640000000000001 -1.8 -0.22600000000000001 0.99650000000000005 0.017091000000000002 17.45347137208244 0
92 18 8 6 5.7770398241012311 35.023000000000003 -2.3599999999999999 -0.012 0.98950000000000005 0.020628000000000001 16.360835816459055 0
92 19 8 6 1.7278759594743862 42.518000000000001 1.74 0.47199999999999998 0.99299999999999999 0.029592 21.267149864083866 0
92 20 8 6 2.1118483949131388 55.115000000000002 -3.7799999999999998 -0.25600000000000001 1 0.018036 17.209660240539332 0
92 21 3 6 3.4906585039886591 67.004000000000005 6.0999999999999996 -0.17999999999999999 0.98299999999999998 0.013464 22.973701305825529 0
92 22 0 6 3.0194196059501901 80.094999999999999 -9.5399999999999991 -0.47599999999999998 0.995 0.012978 22.440968056661983 0
92 23 7 6 2.8797932657906435 92.048000000000002 8.0399999999999991 -0.65000000000000002 0.95950000000000002 0.015633000000000001 23.604383817987873 0
92 24 2 6 2.9845130209103035 110.18300000000001 3.6000000000000001 0.114 0.95650000000000002 0.0189 24.639417429698984 0
92 25 4 6 1.4835298641951802 126.47 2.2400000000000002 -0.55000000000000004 0.99650000000000005 0.02052 21.236741543488865 0
92 26 0 6 0.95993108859688125 144.809 -6.7999999999999998 -0.68200000000000005 0.96499999999999997 0.0097650000000000011 18.903825277679662 0
92 27 2 6 1.9373154697137058 164.19 -6.2999999999999998 -0.69199999999999995 0.96350000000000002 0.024930000000000001 24.866209498709065 0
92 28 5 6 1.8849555921538759 183.803 -29.640000000000001 -2.5699999999999998 0.89700000000000002 0.017568 25.212065043125367 0
92 29 7 7 0.4537856055185257 1.3799999999999999 0.080000000000000002 -0.0040000000000000001 1 0.020412 0.13348454400000004 0
# rec 93 class 0 nop 5 nob 8 draws 140 float 69
93 0 2 -1 1.6755160819145565 19.247000045776367 0.23999999999999999 -0.0035999999999999999 0.99099999999999999 0.01968 28.740030078887937 0
93 1 2 -1 5.5676003138619112 41.404000091552732 -0.024 -0.0112 0.99299999999999999 0.0258 54.612839129905701 0
93 2 3 -1 0.26179938779914941 98.525000228881837 0.55800000000000005 -0.161 0.96250000000000002 0.028643999999999996 102.14489187299549 0
93 3 3 -1 3.3161255787892263 176.37000045776367 2.5699999999999998 -0.053800000000000001 0.92000000000000004 0.018479999999999996 230.14288928957163 0
93 4 3 -1 0.27925268031909273 297.56900077819824 3.3460000000000001 0.096600000000000005 0.97650000000000003 0.015311999999999997 432.3497591864633 0
93 5 1 2 1.3962634015954636 0.24600000000000002 -0.02 -0.002 1 0.0046170000000000004 0.32667909119999994 0
93 6 1 2 3.4906585039886591 0.57000000000000006 -0.040000000000000001 -0.0040000000000000001 1 0.0043470000000000002 0.75641461969919987 0
93 7 1 4 4.7123889803846897 0.98999999999999999 0.10000000000000001 -0.014 1 0.0030240000000000002 0.18874183679999998 0
# rec 94 class 1 nop 10 nob 32 draws 515 float 266
94 0 1 -1 0.83775804095727824 89.646001739501955 -0.19800000000000001 0.0051999999999999998 0.97350000000000003 0.0048599999999999997 137.58489336013793 0
94 1 1 -1 1.4660765716752369 186.03200347900392 0.13600000000000001 -0.13600000000000001 0.96699999999999997 0.0078479999999999991 235.53500966230391 0
94 2 1 -1 0.3490658503988659 373.61000869750978 -3.4740000000000002 -0.20119999999999999 0.93400000000000005 0.0062639999999999996 521.83153018283008 0
94 3 8 -1 1.6580627893946132 717.64001739501953 -3.8159999999999998 -0.47439999999999999 0.82399999999999995 0.039311999999999993 962.97836429921961 0
94 4 2 -1 3.4382986264288293 1268.0320295715333 -4.694 -1.4592000000000001 0.87150000000000005 0.028319999999999998 2205.9300172504859 0.063719999999999999
94 5 1 -1 3.6477381366681487 1878.3660452270508 -23.91 -1.1092 0.60050000000000003 0.0066959999999999997 4228.5780856483425 0
94 6 8 -1 3.717551306747922 2677.352064361572 -3.3420000000000001 0.61739999999999995 0.47249999999999998 0.034703999999999999 9016.7505523402688 0
94 7 2 -1 4.0840704496667311 3574.3000869750977 29.853999999999999 -1.5032000000000001 -0.3125 0.022079999999999999 14500.011515094777 0
94 8 6 -1 2.3212879051524582 4635.1201130676272 15.768000000000001 -2.3026 -0.58399999999999996 0.15667200000000001 33588.161289215888 0
94 9 1 -1 1.0471975511965976 5852.9921426391602 -1.696 -0.153 -1.6795 0.0088919999999999989 44782.410912521773 0
94 10 1 2 5.8119464091411173 1.3380000000000001 0.12 -0.0080000000000000002 1 0.0039420000000000002 0.10351134720000001 0
94 11 0 3 2.0943951023931953 0.99800000000000011 0.02 0.0080000000000000002 1 0.012411 0.5147670527999999 0
94 12 1 4 3.1066860685499065 0.89799999999999991 0.12 0.012 1 0.0065339999999999999 0.34328371200000002 0
94 13 1 6 0.50614548307835561 6.0580000000000007 -0.57999999999999996 -0.089999999999999997 0.99950000000000006 0.00594 0.56281559040000007 0
94 14 0 6 3.7524578917878086 4.21 -0.29999999999999999 0.017999999999999999 0.99950000000000006 0.01512 0.98587922780160009 0
94 15 1 6 4.4331363000655974 10.576000000000001 -1.6599999999999999 -0.112 0.99650000000000005 0.0043200000000000009 1.5684170363246592 0
94 16 0 8 2.6529004630313811 16.048000000000002 0.81999999999999995 -0.0060000000000000001 0.99850000000000005 0.01323 2.6772111360000004 0
94 17 2 8 1.7976891295541595 23.310000000000002 -0.14000000000000001 -0.106 0.98950000000000005 0.012959999999999999 5.5723091558400011 0
94 18 7 8 3.4382986264288293 37.456000000000003 4.0199999999999996 0.14599999999999999 0.98950000000000005 0.012878999999999998 11.249649315348483 0
94 19 7 8 0.69813170079773179 52.826000000000001 4.4000000000000004 -0.080000000000000002 0.98950000000000005 0.013769999999999999 11.477226131775321 0
94 20 7 8 5.8643062867009474 80.829999999999998 4.04 -0.438 0.97199999999999998 0.014742 10.606414054469301 0
94 21 7 8 5.4628805587422518 121.628 -13.68 1.3540000000000001 0.97050000000000003 0.019035 16.093800877563197 0
94 22 5 8 4.3982297150257104 158.56 8.7799999999999994 1.014 0.96799999999999997 0.012672000000000001 11.97776782563068 0
94 23 7 8 0.48869219055841229 214.16600000000003 15.039999999999999 1.266 0.90249999999999997 0.018143999999999997 18.41656259585309 0
94 24 7 8 0.89011791851710809 278.94600000000003 1.4399999999999999 -1.0740000000000001 0.99250000000000005 0.015633000000000001 14.934619768101356 0
94 25 7 8 2.6179938779914944 344.35000000000002 -22.48 5.6180000000000003 0.92249999999999999 0.010853999999999999 18.772170972488873 0
94 26 7 8 3.6477381366681487 419.56800000000004 -16.84 2.536 0.84699999999999998 0.020330999999999998 20.283315075459367 0
94 27 7 8 0.43633231299858238 498.98000000000002 43.060000000000002 0.82799999999999996 0.91949999999999998 0.021545999999999999 21.797559139284274 0
94 28 7 8 2.4609142453120048 597.69600000000003 -22.98 7.6260000000000003 0.78600000000000003 0.015308999999999998 20.967697571387156 0
94 29 7 8 3.839724354387525 697.596 49.060000000000002 -4.9240000000000004 0.92149999999999999 0.012393 25.211942519079123 0
94 30 7 8 5.2359877559829888 812.22000000000003 21.800000000000001 2.4220000000000002 0.75549999999999995 0.014499 14.759325384069871 0
94 31 1 9 3.473205211468716 18.41 -2.4399999999999999 -0.094 0.99199999999999999 0.0065339999999999999 0.11598013439999999 0
# rec 95 class 11 nop 4 nob 7 draws 139 float 60
95 0 1 -1 4.0317105721069009 0.77099999785423279 0.012 0.00020000000000000001 1 0.0095399999999999999 25.417299929261208 0
95 1 1 -1 1.4137166941154069 1.8819999957084657 0.0040000000000000001 -0.001 1 0.0069480000000000002 52.292997754463556 0
95 2 5 -1 0.75049157835756175 4.0949999892711642 -0.037999999999999999 -0.00020000000000000001 0.99950000000000006 0.018624000000000002 107.13306832623836 0.027936000000000002
95 3 1 -1 3.7524578917878086 7.9799999785423275 -0.034000000000000002 0.00020000000000000001 0.99750000000000005 0.0071640000000000002 189.69957271053221 0.010746
95 4 7 2 3.3859387488689991 0.050000000000000003 0 0 1 0.011663999999999999 0.28821012480000002 0
95 5 1 2 4.1538836197465043 0.050000000000000003 0 0 1 0.0049140000000000008 0.46287904849919997 0
95 6 7 3 4.2411500823462207 0.043999999999999997 0 0 1 0.021059999999999999 0.095092070400000006 0
# rec 96 class 10 nop 2 nob 2 draws 38 float 18
96 0 5 -1 5.3232542185827052 152.62099876403809 -1.6379999999999999 -0.033000000000000002 0.93400000000000005 0.023327999999999998 165.11000776290894 0
96 1 1 -1 2.9321531433504737 238.74199752807618 0.57999999999999996 -0.185 0.94950000000000001 0.0055439999999999994 356.15384140443803 0
# rec 97 class 4 nop 17 nob 40 draws 682 float 337
97 0 1 -1 4.9916416607037828 66.491998214721676 -0.29199999999999998 -0.099599999999999994 0.98150000000000004 0.0087480000000000006 78.809367170333857 0
97 1 1 -1 5.5152404363020811 123.86399642944336 0.40200000000000002 0.1578 0.99950000000000006 0.0075960000000000003 165.39798957135201 0
97 2 4 -1 4.4854961776254267 281.4199910736084 -1.554 -0.080000000000000002 0.87649999999999995 0.026879999999999998 274.74497716362646 0
97 3 2 -1 4.2760566673861078 526.94998214721682 -0.29799999999999999 0.20319999999999999 0.85550000000000004 0.026759999999999999 604.22962025356787 0
97 4 2 -1 0.33161255787892263 889.6039696502686 -0.69799999999999995 0.053400000000000003 0.79400000000000004 0.030839999999999999 1415.9049906893308 0.046259999999999996
97 5 5 -1 5.5501470213419681 1335.7019535827637 -11.026 -0.1512 0.64449999999999996 0.020832 2616.7130279890011 0
97 6 4 -1 0.6108652381980153 1877.573933944702 -23.574000000000002 1.2152000000000001 0.95150000000000001 0.026759999999999999 4987.2138113083838 0
97 7 1 -1 5.98647933434055 2511.5499107360838 -19.376000000000001 2.2111999999999998 0.35749999999999998 0.005868 10215.657897388963 0
97 8 7 -1 3.4033920413889427 3272.6198839569092 -14.176 -1.2527999999999999 0.72550000000000003 0.019763999999999997 20461.983220237653 0
97 9 7 -1 2.7750735106709841 4121.3238536071776 -1.5680000000000001 1.2811999999999999 -0.79000000000000004 0.0189 23920.507689543912 0
97 10 1 -1 1.5358897417550099 5049.8418196868897 9.0459999999999994 0.2248 -1.274 0.0084960000000000001 32591.939163329211 0
97 11 8 -1 0.24434609527920614 6073.253782196045 3.0800000000000001 0.00059999999999999995 -0.30599999999999999 0.035279999999999999 37600.171792411325 0
97 12 1 -1 3.6477381366681487 7244.1197411346438 -6.3860000000000001 -0.21560000000000001 -0.074999999999999997 0.0050399999999999993 50532.285176494166 0.015119999999999998
97 13 8 -1 1.5009831567151235 8455.9196965026858 -29.006 2.3490000000000002 -1.8095000000000001 0.019727999999999999 58695.068759947972 0
97 14 4 -1 2.7052603405912108 9819.8736483001703 -41.485999999999997 2.1158000000000001 -0.87350000000000005 0.020759999999999997 71768.311113640972 0
97 15 6 -1 4.0840704496667311 11286.741596527099 -26.068000000000001 0.68899999999999995 -1.8095000000000001 0.16896 85979.80240239219 0.50688
97 16 4 -1 5.0090949532237259 12795.483541183472 5.4279999999999999 -0.046199999999999998 -4.1050000000000004 0.029519999999999998 107722.79875023112 0.08856
97 17 1 2 2.9845130209103035 0.53200000000000003 0.059999999999999998 0.002 1 0.0044279999999999996 0.35472998399999994 0
97 18 1 2 0.52359877559829882 0.63500000000000001 0.059999999999999998 0 1 0.0045360000000000001 0.78195046809599988 0
97 19 1 3 5.3581608036225914 1.5740000000000001 0.02 -0.0060000000000000001 1 0.0046170000000000004 0.29012121600000002 0
97 20 1 3 2.6005405854715509 2.0649999999999999 0.10000000000000001 0.014 1 0.0070200000000000002 0.66997551974400005 0
97 21 1 5 0.85521133347722145 6.5140000000000002 0.17999999999999999 0.070000000000000007 0.99950000000000006 0.0073980000000000001 0.21838602239999999 0
97 22 1 5 1.2566370614359172 9.2900000000000009 -0.35999999999999999 0.13600000000000001 0.99750000000000005 0.0032940000000000001 0.57185699880959995 0
97 23 1 6 5.1138147083433854 5.9080000000000004 -0.32000000000000001 0.037999999999999999 0.99750000000000005 0.0071279999999999998 0.373698048 0
97 24 1 6 3.5604716740684323 4.5300000000000002 -0.46000000000000002 0.002 0.99850000000000005 0.0065339999999999999 0.79572713932799999 0
97 25 1 12 3.595378259108319 23.241999999999997 -1.6599999999999999 -0.043999999999999997 0.98999999999999999 0.0052110000000000004 0.060576768000000003 0
97 26 0 14 3.0717794835100198 17.690000000000001 0.47999999999999998 0.0060000000000000001 1 0.016443000000000003 0.32392243199999993 0
97 27 7 15 5.6374134839416845 8.3520000000000003 -0.57999999999999996 -0.021999999999999999 0.998 0.016199999999999999 1.9572326400000002 0
97 28 7 15 6.0388392119003802 8.4250000000000007 -0.44 -0.034000000000000002 1 0.023732999999999997 4.0746015129600002 0
97 29 7 15 3.3335788713091694 13.754000000000001 -0.62 0.104 0.99399999999999999 0.016928999999999996 8.825500358737921 0
97 30 7 15 0.71558499331767511 28.659000000000002 1.52 -0.44800000000000001 0.98999999999999999 0.014742 11.520709834030647 0
97 31 7 15 5.8643062867009474 40.969999999999999 0.69999999999999996 -0.24399999999999999 0.99950000000000006 0.013122 12.986638266208612 0
97 32 7 15 4.6425758103049164 59.536999999999999 -7.8399999999999999 0.012 0.99750000000000005 0.0094769999999999993 11.767657729155957 0
97 33 7 15 1.3264502315156905 85.950000000000003 -0.71999999999999997 -0.002 0.98250000000000004 0.017333999999999999 14.599863446910105 0
97 34 7 15 1.3089969389957472 117.399 4.9400000000000004 -0.051999999999999998 0.95150000000000001 0.016199999999999999 16.479741864334247 0
97 35 7 15 1.7453292519943295 150.17400000000001 -9.8200000000000003 -0.96799999999999997 0.95950000000000002 0.013607999999999999 21.652833280573741 0
97 36 7 15 2.0943951023931953 186.17500000000001 -1.8200000000000001 -0.74199999999999999 0.96899999999999997 0.020816999999999999 22.328942999759654 0
97 37 7 15 5.7246799465414009 231.80200000000002 25.280000000000001 2.524 0.91749999999999998 0.013202999999999999 13.660838835461183 0
97 38 1 16 2.6529004630313811 27.824000000000002 3.6800000000000002 0.085999999999999993 0.99299999999999999 0.0054809999999999998 0.50141491199999988 0
97 39 1 16 2.3387411976724017 43.835000000000001 4.1799999999999997 0.28999999999999998 0.995 0.0059130000000000007 0.9135624775679998 0
# rec 98 class 0 nop 2 nob 2 draws 40 float 18
98 0 9 -1 4.9916416607037828 36.306999301910402 -0.029999999999999999 -0.0132 0.99550000000000005 0.32249999999999995 38.493253686428069 0
98 1 6 -1 1.8849555921538759 57.113998603820804 -0.24199999999999999 -0.050599999999999999 0.99050000000000005 0.16511999999999999 77.524253694505674 0
# rec 99 class 2 nop 2 nob 2 draws 40 float 18
99 0 1 -1 4.066617157146788 17.980000329017642 -0.021999999999999999 0.001 1 0.008208 39.488960909843449 0
99 1 6 -1 1.9547687622336491 33.760000658035281 0.053999999999999999 0.0028 0.99950000000000006 0.15744 82.688513265180589 0
# rec 100 class 8 nop 1 nob 1 draws 20 float 9
100 0 10 -1 1.0297442586766545 18.770999393463136 0.082000000000000003 -2.96 0.99099999999999999 11.039999999999999 342.12990783691407 0
# rec 101 class 1 nop 2 nob 2 draws 38 float 18
101 0 1 -1 5.6199601914217414 124.07999839782715 0.56399999999999995 0.088599999999999998 0.94099999999999995 0.0052919999999999998 128.55464705467224 0
101 1 5 -1 2.2689280275926285 189.58999679565429 -0.63400000000000001 -0.19919999999999999 0.94699999999999995 0.026304000000000001 264.71301593513488 0
# rec 102 class 11 nop 2 nob 2 draws 45 float 18
102 0 6 -1 4.9043751981040664 1.392000024318695 -0.017999999999999999 -0.00040000000000000002 1 0.145152 27.33040087223053 0
102 1 5 -1 0.59341194567807209 1.92400004863739 0.01 -0.00059999999999999995 1 0.010272 49.56657758188247 0
# rec 103 class 0 nop 2 nob 2 draws 40 float 18
103 0 5 -1 5.0090949532237259 25.148999290466307 -0.042000000000000003 -0.0298 0.98950000000000005 0.026208000000000002 32.343508729934697 0
103 1 4 -1 4.066617157146788 41.707998580932617 -0.49199999999999999 0.050999999999999997 0.99050000000000005 0.01968 56.087739777545934 0.029519999999999998
# rec 104 class 6 nop 0 nob 0 draws 1 float 0
# rec 105 class 0 nop 10 nob 41 draws 643 float 338
105 0 1 -1 2.3038346126325151 29.650000114440918 0.043999999999999997 0.00080000000000000004 0.99450000000000005 0.0084960000000000001 29.901150183677675 0
105 1 6 -1 2.3212879051524582 50.350000228881839 -0.36199999999999999 -0.0298 0.97799999999999998 0.087551999999999991 60.585443472166062 0
105 2 3 -1 1.4486232791552935 106.38000057220459 0.029999999999999999 0.1168 0.94999999999999996 0.015575999999999998 105.85837324036996 0.023363999999999996
105 3 3 -1 4.3807764225057673 203.56000114440917 -2.238 -0.19059999999999999 0.9385 0.019139999999999997 253.09059836777374 0
105 4 9 -1 2.6179938779914944 319.5300019454956 2.0299999999999998 0.49440000000000001 0.88049999999999995 0.31349999999999995 520.36586738746428 0
105 5 6 -1 6.213372137099813 497.13000297546387 -0.42999999999999999 -0.31780000000000003 0.88049999999999995 0.16127999999999998 1120.9536047832489 0
105 6 6 -1 6.1959188445798699 696.33000423431395 0.32600000000000001 -0.50800000000000001 0.67649999999999999 0.18201600000000001 2427.3449630434984 0
105 7 8 -1 0.54105206811824214 949.95000572204594 3.8980000000000001 0.23380000000000001 0.76249999999999996 0.034416000000000002 4567.3466006716089 0
105 8 4 -1 6.1086523819801535 1223.1600074386597 4.3380000000000001 0.39019999999999999 0.48199999999999998 0.029759999999999998 9317.0595265700358 0
105 9 6 -1 1.2740903539558606 1540.8800093841553 -9.9659999999999993 -0.30759999999999998 0.499 0.15359999999999999 11501.23718810153 0.46079999999999999
105 10 5 3 2.1293016874330819 0.53200000000000003 0.040000000000000001 -0.0040000000000000001 1 0.0097920000000000004 0.27047116799999998 0
105 11 1 3 0.87266462599716477 1.125 0.040000000000000001 -0.014 1 0.003078 0.48608176742399989 0
105 12 5 3 5.9690260418206069 1.8340000000000001 0.12 -0.01 1 0.016848000000000002 1.0496190923243518 0
105 13 6 4 2.5132741228718345 0.128 0 0 1 0.11923200000000002 3.6115199999999992 0
105 14 6 4 3.0717794835100198 0.185 0 0 1 0.081792000000000004 8.8747084799999989 0
105 15 2 4 5.0440015382636121 0.27599999999999997 0 0.002 1 0.019620000000000002 14.88212368896 0
105 16 4 4 4.9741883681838388 0.47099999999999997 -0.059999999999999998 -0.002 1 0.0093600000000000003 17.955755422867046 0
105 17 5 5 0.36651914291880922 0.71999999999999997 0.040000000000000001 -0.0060000000000000001 1 0.011736 2.0726415359999999 0
105 18 2 5 4.1538836197465043 0.67999999999999994 -0.040000000000000001 0.0040000000000000001 1 0.013860000000000001 5.3202148392959998 0
105 19 1 5 4.8520153205442362 1.1399999999999999 0.059999999999999998 0.0060000000000000001 1 0.0063720000000000001 7.8967957133721596 0
105 20 4 5 1.7627825445142729 1.8199999999999998 0.14000000000000001 0.012 1 0.016920000000000001 9.0522245989835728 0
105 21 3 5 2.8274333882308138 3.0299999999999998 -0.23999999999999999 0.050000000000000003 0.99950000000000006 0.026532 7.7105434073744989 0
105 22 2 5 1.4835298641951802 4.2599999999999998 0.28000000000000003 -0.048000000000000001 0.999 0.018000000000000002 13.136538526920118 0
105 23 1 5 2.8448866807507573 6.1200000000000001 -0.10000000000000001 0.050000000000000003 0.99750000000000005 0.0063990000000000002 15.601941499056855 0
105 24 2 6 0.69813170079773179 0.71999999999999997 0 -0.002 1 0.024030000000000003 2.2599106560000002 0
105 25 1 8 3.0892327760299634 1.6280000000000001 -0.080000000000000002 -0.016 1 0.0061020000000000007 0.43844812799999999 0
105 26 1 8 1.9373154697137058 0.99500000000000011 0 -0.0080000000000000002 1 0.0048329999999999996 0.78905921126400003 0
105 27 2 9 4.3982297150257104 4.8700000000000001 0.17999999999999999 -0.058000000000000003 0.99950000000000006 0.011520000000000001 2.11156992 0
105 28 2 9 5.7944931166211742 6.1949999999999994 -0.20000000000000001 -0.017999999999999999 0.99950000000000006 0.01098 3.1234798387199998 0
105 29 7 9 1.3613568165555769 8.75 0.46000000000000002 0.028000000000000001 0.99650000000000005 0.0087480000000000006 6.2001727222579195 0
105 30 7 9 0.50614548307835561 12.034999999999998 -0.040000000000000001 -0.034000000000000002 0.99750000000000005 0.017333999999999999 7.0314581795709907 0
105 31 7 9 0.95993108859688125 21.289999999999999 2.1600000000000001 0.376 0.99950000000000006 0.016604999999999998 7.0750850008862729 0
105 32 7 9 5.3232542185827052 31.284999999999997 -1.22 0.46600000000000003 0.99399999999999999 0.014822999999999999 7.295917299953687 0
105 33 7 9 5.2883476335428181 44.07 3.0600000000000001 -0.108 0.99350000000000005 0.015795 10.944497018504915 0
105 34 7 9 2.2514747350726849 54.884999999999998 1.3200000000000001 -0.52600000000000002 0.97950000000000004 0.016604999999999998 11.74399788756403 0
105 35 7 9 5.8643062867009474 70.829999999999998 -7.1600000000000001 -0.69799999999999995 0.97399999999999998 0.015956999999999999 12.984579894264938 0
105 36 7 9 4.4156830075456535 88.074999999999989 4.8399999999999999 1.026 0.95950000000000002 0.014660999999999999 9.0720946718847344 0
105 37 7 9 5.1487212933832724 109.58 20.219999999999999 0.214 0.99050000000000005 0.010610999999999999 11.595272358570639 0
105 38 7 9 0.4537856055185257 131.77500000000001 -12.539999999999999 1.8700000000000001 0.96850000000000003 0.022112999999999997 16.906913929668743 0
105 39 7 9 0.4014257279586958 155.84 -9.1600000000000001 1.4079999999999999 0.996 0.018062999999999999 15.326538742356577 0
105 40 7 9 5.742133239061344 183.74499999999998 27.140000000000001 2.9180000000000001 0.98850000000000005 0.015389999999999997 12.516771302338919 0
# rec 106 class 0 nop 2 nob 2 draws 40 float 18
106 0 5 -1 3.2812189937493397 28.073999404907227 0.114 -0.0132 0.999 0.011711999999999998 34.632898998260501 0
106 1 2 -1 2.8099800957108707 42.147998809814453 0.22600000000000001 -0.040599999999999997 0.98250000000000004 0.025440000000000001 68.09582323036193 0
# rec 107 class 0 nop 4 nob 7 draws 120 float 60
107 0 1 -1 5.6723200689815707 40.215000286102295 0.41799999999999998 -0.041200000000000001 0.99299999999999999 0.0047520000000000001 33.366875469684601 0
107 1 6 -1 4.1887902047863905 57.97000057220459 -0.40000000000000002 0.0025999999999999999 0.97399999999999998 0.16896 73.562612285494808 0.50688
107 2 2 -1 4.8171087355043491 114.37500143051147 0.71799999999999997 -0.043200000000000002 0.95250000000000001 0.024360000000000003 143.05736004372883 0
107 3 3 -1 0.3490658503988659 220.43000286102296 -1.0580000000000001 0.062600000000000003 0.94650000000000001 0.020459999999999999 291.52611817919052 0
107 4 5 2 5.8992128717408336 0.252 -0.02 0.002 1 0.011664000000000001 0.31929139200000006 0
107 5 5 2 4.6774823953448035 0.24000000000000002 0.02 0.002 1 0.012096000000000001 0.69420933120000006 0
107 6 1 3 5.0440015382636121 0.222 -0.02 -0.002 1 0.0034830000000000004 0.27943449600000003 0
# rec 108 class 0 nop 11 nob 42 draws 655 float 347
108 0 8 -1 3.5604716740684323 37.875999736785886 0.28999999999999998 -0.030599999999999999 0.98599999999999999 0.040319999999999995 39.222299504280087 0
108 1 2 -1 3.7873644768276953 56.981999473571776 1.0600000000000001 -0.027799999999999998 0.97399999999999998 0.020280000000000003 76.593861831951131 0
108 2 6 -1 5.4105206811824216 108.54999868392945 -0.085999999999999993 0.025399999999999999 0.96499999999999997 0.17971200000000001 172.50298038858205 0
108 3 6 -1 1.9722220547535925 213.65999736785889 1.1419999999999999 -0.1908 0.9415 0.15744 359.20840511016888 0
108 4 3 -1 2.0594885173533091 360.79199552536011 -0.65800000000000003 0.048000000000000001 0.89549999999999996 0.016763999999999998 815.2738679435688 0
108 5 3 -1 2.0594885173533091 553.97599315643311 -1.456 0.27060000000000001 0.84299999999999997 0.022307999999999998 1469.0586974674034 0
108 6 1 -1 1.1519173063162575 773.11199026107784 3.3340000000000001 0.40699999999999997 0.76800000000000002 0.009611999999999999 2827.1413165523222 0
108 7 1 -1 2.7576202181510405 1060.5799868392944 -7.79 -1.4248000000000001 0.52549999999999997 0.0063 5544.5818369401231 0.0094500000000000001
108 8 4 -1 0.6108652381980153 1354.7799828910827 5.0220000000000002 1.1202000000000001 0.40799999999999997 0.020039999999999999 12290.709899584885 0.045089999999999998
108 9 4 -1 0.38397243543875248 1721.871978416443 7.1319999999999997 0.63080000000000003 0.96050000000000002 0.020400000000000001 15783.488374166222 0.061200000000000004
108 10 4 -1 5.8293997016610604 2106.8359734153746 7.5259999999999998 -0.13039999999999999 0.58399999999999996 0.022440000000000002 17409.529184211802 0
108 11 5 2 2.6179938779914944 0.432 0.040000000000000001 -0.002 1 0.018432 2.5487474688000002 0
108 12 1 2 0.33161255787892263 0.46000000000000002 0 0 1 0.0036449999999999998 5.7946279772160008 0
108 13 5 2 4.1189770347066181 0.86399999999999999 0.02 0.0060000000000000001 1 0.01116 11.750632706801666 0
108 14 1 2 5.0789081233034992 1.224 0.12 -0.0080000000000000002 1 0.0056160000000000003 11.993496145978041 0
108 15 5 2 4.9043751981040664 2.0500000000000003 0.080000000000000002 -0.016 1 0.0098640000000000012 13.762844198516557 0
108 16 8 2 3.6826447217080354 2.7720000000000002 -0.059999999999999998 0.0080000000000000002 0.99950000000000006 0.020196000000000002 12.115620649737242 0
108 17 2 2 3.0368728984701332 4 -0.46000000000000002 0.0080000000000000002 1 0.016380000000000002 18.092256316252623 0
108 18 5 2 3.2986722862692828 5.1440000000000001 0.44 0.02 0.998 0.020592000000000003 18.769471048090335 0
108 19 2 2 0.069813170079773182 6.524 -0.46000000000000002 0.025999999999999999 0.998 0.01899 13.24373877153254 0
108 20 5 2 1.5184364492350666 8.1500000000000004 0.85999999999999999 -0.028000000000000001 0.99650000000000005 0.017711999999999999 20.07172698056052 0
108 21 3 2 5.7246799465414009 10.222 0.85999999999999999 0.024 0.99850000000000005 0.014453999999999998 27.602478796909001 0
108 22 4 2 6.2482787221397 12.190000000000001 0.080000000000000002 0.104 0.997 0.024660000000000001 18.080894462444153 0
108 23 1 2 0.82030474843733492 14.434000000000001 -0.66000000000000003 0.14199999999999999 0.99550000000000005 0.0035910000000000004 26.377304995871981 0
108 24 5 2 3.2637657012293961 16.744 -2.1800000000000002 0.070000000000000007 0.99399999999999999 0.018072000000000001 22.142213658905298 0
108 25 2 2 1.2217304763960306 19.75 -1.26 0.222 0.999 0.019440000000000002 25.226576709168459 0
108 26 5 3 4.0142572795869578 0.16400000000000001 0 0 1 0.019152000000000002 2.0394147839999999 0
108 27 0 3 3.9095375244672983 0.10000000000000002 0 0 1 0.016065000000000003 3.5153787617279999 0
108 28 1 3 0.69813170079773179 0.26800000000000002 -0.02 0 1 0.0057780000000000001 7.1990942939873275 0
108 29 5 3 0.19198621771937624 0.51800000000000002 0 0.0040000000000000001 1 0.01404 8.4676525284505058 0
108 30 2 3 4.5727626402251431 0.73000000000000009 0.059999999999999998 0.002 1 0.02214 8.1081301710728226 0
108 31 5 3 5.5850536063818543 1.044 0.10000000000000001 0.01 1 0.013608 13.508221977294264 0
108 32 5 3 3.4557519189487724 1.4300000000000002 0.080000000000000002 -0.014 1 0.011448 13.296573154135949 0
108 33 5 3 0.36651914291880922 1.8980000000000001 -0.22 0.0080000000000000002 1 0.012024 14.567078062369925 0
108 34 2 3 6.0213859193804371 2.3980000000000001 -0.14000000000000001 0.0040000000000000001 0.99950000000000006 0.02205 11.356075049335509 0
108 35 5 5 3.1939525311496229 0.62000000000000011 -0.059999999999999998 -0.0040000000000000001 1 0.011088000000000001 0.28325806079999993 0
108 36 5 6 1.0821041362364843 2.3580000000000001 0.28000000000000003 0.035999999999999997 0.99950000000000006 0.013176 0.092029132799999983 0
108 37 1 8 5.7944931166211742 1.0960000000000001 -0.059999999999999998 -0.0060000000000000001 1 0.0065880000000000001 0.27882854400000001 0
108 38 5 8 4.0317105721069009 1.5050000000000001 -0.22 0.0080000000000000002 1 0.013392000000000001 0.45825150566400008 0
108 39 1 9 1.6929693744344996 1.0980000000000001 -0.040000000000000001 -0.0060000000000000001 1 0.00594 0.36008448000000004 0
108 40 0 10 2.9496064358704168 10.76 -1.0800000000000001 -0.064000000000000001 0.99750000000000005 0.012474000000000001 0.22375372800000001 0
108 41 1 10 0.94247779607693793 11.5 -1.6599999999999999 0.064000000000000001 0.996 0.0059670000000000009 0.55748542924800015 0
# rec 109 class 6 nop 0 nob 0 draws 1 float 0
# rec 110 class 0 nop 11 nob 26 draws 430 float 219
110 0 9 -1 4.1364303272265612 21.702999725341797 0.017999999999999999 0.016199999999999999 0.99850000000000005 0.1845 25.933464527130127 0.27675
110 1 9 -1 1.4137166941154069 39.455999450683592 0.17999999999999999 0.031800000000000002 1 0.29699999999999999 62.317964628696444 0
110 2 2 -1 4.5727626402251431 90.324998626708989 -0.042000000000000003 0.073200000000000001 0.97850000000000004 0.02196 107.46189440576363 0
110 3 5 -1 2.6354471705114375 152.09999725341797 -0.068000000000000005 0.0045999999999999999 0.99099999999999999 0.017760000000000001 236.71724236730202 0
110 4 5 -1 3.4906585039886591 268.88099533081055 1.1459999999999999 0.15720000000000001 0.93200000000000005 0.01248 445.63964076887913 0
110 5 9 -1 4.5902159327450871 393.08799285888671 2.6699999999999999 0.1164 0.83150000000000002 0.30149999999999993 1052.1991152696089 0.90449999999999986
110 6 4 -1 3.3161255787892263 557.35098983764647 0.73199999999999998 -0.2082 0.89449999999999996 0.023040000000000001 1990.5710592967896 0.051840000000000004
110 7 5 -1 4.3982297150257104 763.12998626708986 6.0979999999999999 -1.1468 0.78949999999999998 0.017760000000000001 3906.4859269983422 0
110 8 2 -1 2.8623399732707004 989.39498214721675 -7.2060000000000004 -1.2787999999999999 0.83150000000000002 0.020879999999999999 8983.1814161286329 0
110 9 7 -1 0.55850536063818546 1235.1859774780273 -0.97799999999999998 -0.35239999999999999 0.51249999999999996 0.025595999999999997 10585.543523243232 0
110 10 7 -1 3.4906585039886591 1532.5829722595215 -13.85 -0.72640000000000005 0.41999999999999998 0.018467999999999998 13093.682205640485 0
110 11 5 3 0.82030474843733492 0.55200000000000005 0.040000000000000001 0 1 0.00792 0.16367616000000001 0
110 12 1 4 6.003932626860494 0.10400000000000002 0 0 1 0.0062100000000000002 0.13019136000000001 0
110 13 1 4 0.4537856055185257 0.22000000000000003 -0.02 0 1 0.0041580000000000002 0.36154939391999996 0
110 14 1 5 1.7802358370342162 0.114 0 0 1 0.0046710000000000007 3.1298111999999993 0
110 15 5 5 1.8849555921538759 0.090000000000000011 0 0 1 0.014112 7.4922200063999975 0
110 16 1 5 3.8222710618675819 0.20800000000000002 0.02 0.002 1 0.0066150000000000002 14.235050275891195 0
110 17 0 5 3.1764992386296798 0.32800000000000001 0.040000000000000001 0.002 1 0.011844 15.460912563729128 0
110 18 1 5 1.8325957145940461 0.54000000000000004 -0.02 0.0080000000000000002 1 0.0066690000000000004 16.727480234612162 0
110 19 2 5 4.5029494701453698 0.77400000000000002 0.080000000000000002 -0.0060000000000000001 1 0.016920000000000001 17.445278606517867 0
110 20 3 5 5.2185344634630457 1.05 0.02 0.002 1 0.028214999999999997 22.034750419049587 0
110 21 0 6 2.4783675378319479 0.90800000000000003 0.02 -0.0080000000000000002 1 0.012914999999999999 0.36775526399999997 0
110 22 1 8 1.7627825445142729 1.8239999999999998 -0.23999999999999999 -0.028000000000000001 1 0.0051570000000000001 0.28837785600000004 0
110 23 5 9 3.0717794835100198 0.43000000000000005 -0.040000000000000001 0.0060000000000000001 1 0.013464000000000002 0.43247001600000001 0
110 24 1 10 5.6897733615015147 3 0.040000000000000001 0.0080000000000000002 0.999 0.0077759999999999999 0.29761551360000005 0
110 25 5 10 2.7401669256310974 4.2700000000000005 -0.38 -0.043999999999999997 0.99850000000000005 0.011304 0.63653504901120006 0
# rec 111 class 2 nop 3 nob 3 draws 56 float 27
111 0 4 -1 1.0471975511965976 23.299999606609344 0.0080000000000000002 0.00040000000000000002 1 0.024239999999999998 38.438398799896241 0
111 1 8 -1 2.1642082724729685 34.499999213218693 -0.012 0.0047999999999999996 1 0.020736000000000001 74.919933660888674 0
111 2 6 -1 2.6179938779914944 69.499998033046722 -0.108 0.0011999999999999999 0.998 0.15744 162.82983120421144 0
# rec 112 class 6 nop 0 nob 0 draws 1 float 0
# rec 113 class 0 nop 4 nob 14 draws 218 float 116
113 0 4 -1 3.595378259108319 22.579999427795411 -0.034000000000000002 -0.0082000000000000007 0.99150000000000005 0.02316 32.386999111175534 0
113 1 4 -1 4.3284165449459371 55.429998855590817 -0.438 0.0482 0.997 0.01644 71.030944050636279 0
113 2 6 -1 3.0194196059501901 105.71999713897705 0.56799999999999995 -0.16880000000000001 0.97550000000000003 0.15436800000000001 132.36488863539574 0
113 3 4 -1 2.1816615649929121 209.53999427795409 1.9159999999999999 0.3236 0.94399999999999995 0.030120000000000001 318.1466090719951 0
113 4 2 2 2.5481807079117211 0.252 0 0 1 0.024120000000000003 2.390851584 0
113 5 0 2 0.22689280275926285 0.29999999999999999 -0.02 0 1 0.013671000000000001 4.3449281740800005 0
113 6 1 2 1.8151424220741028 0.28400000000000003 0 0 1 0.0039960000000000004 9.713534526259199 0
113 7 3 2 5.4454272662223078 0.624 -0.040000000000000001 0.0040000000000000001 1 0.021681000000000002 9.6303814437003261 0
113 8 2 2 4.3458698374658802 0.91000000000000003 0.02 0 1 0.01584 8.5836429379416614 0
113 9 5 2 0.8028514559173916 1.3120000000000001 -0.12 0 1 0.012959999999999999 12.111249215936255 0
113 10 1 2 4.8694686130641793 1.9100000000000001 -0.20000000000000001 -0.0080000000000000002 1 0.0058859999999999997 13.556896174339315 0
113 11 2 2 3.8746309394274117 2.6040000000000001 -0.040000000000000001 -0.028000000000000001 0.99950000000000006 0.016740000000000001 19.655840726671855 0
113 12 5 2 5.3232542185827052 3.1840000000000002 0.41999999999999998 -0.017999999999999999 0.99950000000000006 0.019728000000000002 13.231417924162747 0
113 13 3 2 3.4382986264288293 4 -0.28000000000000003 0.035999999999999997 1 0.015939000000000002 13.891642926140239 0
# rec 114 class 8 nop 3 nob 15 draws 228 float 123
114 0 6 -1 1.6057029118347832 30.381000709533691 -0.27800000000000002 0.0276 0.98699999999999999 0.14438399999999998 76.343022899627684 0.21657599999999999
114 1 10 -1 3.9968039870670147 42.972001419067382 -0.048000000000000001 -6.2799999999999994 0.99250000000000005 14.699999999999999 831.12369948738092 22.049999999999997
114 2 9 -1 1.1868238913561442 98.945003547668463 0.99399999999999999 -0.0055999999999999999 0.96699999999999997 0.23549999999999999 955.19067388083897 0.70649999999999991
114 3 1 1 5.3581608036225914 0.086000000000000007 0 0 1 0.004104 188.72448 0
114 4 5 2 2.5656340004316642 0.13200000000000001 0 0 1 0.019224000000000002 2.4476928 0
114 5 5 2 5.6897733615015147 0.22500000000000001 0 0 1 0.012888000000000002 5.6150313984000002 0
114 6 5 2 3.2288591161895095 0.43400000000000005 -0.040000000000000001 0 1 0.016632000000000001 13.735634006015999 0
114 7 1 2 3.8048177693476384 0.48900000000000005 0.059999999999999998 -0.002 1 0.0073980000000000001 13.425297294473625 0
114 8 6 2 0.50614548307835561 0.77000000000000002 0 -0.01 1 0.12787200000000001 13.189521078102052 0
114 9 8 2 1.6580627893946132 1.2470000000000001 -0.12 0.002 1 0.01512 12.862696214935449 0
114 10 0 2 4.4331363000655974 1.7400000000000002 0.17999999999999999 -0.0080000000000000002 1 0.011655 22.823751552717592 0
114 11 3 2 2.0245819323134224 2.3490000000000002 -0.12 0.014 1 0.019701 23.090374182830125 0
114 12 4 2 2.0943951023931953 2.9140000000000001 -0.35999999999999999 -0.024 0.999 0.016290000000000002 16.218512365229621 0
114 13 1 2 3.3161255787892263 3.6850000000000005 -0.29999999999999999 -0.02 0.999 0.0034290000000000002 22.325856230303835 0
114 14 1 2 1.2740903539558606 4.3620000000000001 0.10000000000000001 0.02 1 0.0051570000000000001 20.944005541180154 0
# rec 115 class 4 nop 2 nob 2 draws 38 float 18
115 0 2 -1 1.8151424220741028 69.551998443603509 0.25600000000000001 0.0071999999999999998 0.99299999999999999 0.02112 76.798657722473152 0
115 1 2 -1 4.9392817831439526 145.40399688720703 -0.68400000000000005 0.20119999999999999 0.96899999999999997 0.020639999999999999 190.22310263877867 0
# rec 116 class 5 nop 1 nob 1 draws 21 float 9
116 0 1 -1 2.3736477827122884 7.2070000028610233 -0.066000000000000003 -0.0041999999999999997 0.99850000000000005 0.0074879999999999999 8.1565650039911262 0
# rec 117 class 0 nop 8 nob 13 draws 227 float 112
117 0 8 -1 4.6949356878647466 28.191000595092774 -0.10199999999999999 -0.033799999999999997 1 0.027792000000000001 28.302211017608641 0.062532000000000004
117 1 6 -1 5.0090949532237259 42.842001190185549 0.42999999999999999 -0.063399999999999998 0.99750000000000005 0.109056 61.028835514297484 0.32716800000000001
117 2 3 -1 5.8468529941810043 98.975002975463866 -0.84199999999999997 -0.1114 0.97999999999999998 0.031812 112.82398586039696 0.095435999999999993
117 3 1 -1 5.026548245743669 173.76000595092773 2.4100000000000001 -0.0304 0.96399999999999997 0.0075240000000000003 242.37573522025122 0
117 4 5 -1 1.6929693744344996 291.68701011657714 -2.2360000000000002 0.27060000000000001 0.92049999999999998 0.016896000000000001 491.94463088575935 0
117 5 4 -1 3.961897402027128 434.18601547241212 -4.7679999999999998 -0.038600000000000002 0.82299999999999995 0.028319999999999998 973.70100348503627 0
117 6 1 -1 4.310963252425994 621.45702201843267 -1.0860000000000001 -0.38100000000000001 0.71650000000000003 0.0099000000000000008 2086.9690310042593 0
117 7 1 -1 5.1138147083433854 840.28002975463869 -9.2859999999999996 1.1828000000000001 0.76000000000000001 0.0090720000000000002 4036.8046252813688 0
117 8 1 2 3.3684854563490561 0.31 0 0.0040000000000000001 1 0.0074520000000000012 0.48171002880000008 0
117 9 1 2 0.29670597283903605 0.24999999999999997 0 0.002 1 0.0042120000000000005 0.92001525580800014 0
117 10 1 3 1.5707963267948966 0.254 0 -0.002 1 0.0049410000000000001 0.090047232000000019 0
117 11 1 6 5.6199601914217414 1.4340000000000002 0.02 0.014 1 0.0053730000000000002 0.10175616000000003 0
117 12 1 7 6.1959188445798699 2.226 -0.23999999999999999 -0.0080000000000000002 0.99950000000000006 0.006156 0.12715315200000002 0
# rec 118 class 6 nop 0 nob 0 draws 1 float 0
# rec 119 class 0 nop 0 nob 0 draws 4 float 0
# rec 120 class 11 nop 2 nob 2 draws 43 float 18
120 0 1 -1 5.3756140961425354 0.78399995923042298 -0.0040000000000000001 0.00040000000000000002 1 0.0075240000000000003 28.405798503756522 0
120 1 1 -1 4.5029494701453698 1.7379999184608459 0.016 -0.00059999999999999995 1 0.0099360000000000004 57.078704393443459 0
# rec 121 class 1 nop 1 nob 1 draws 19 float 9
121 0 9 -1 3.5604716740684323 92.232002563476556 1.0900000000000001 -0.1336 0.99950000000000006 0.40500000000000003 103.48939430236817 0.91125000000000012
# rec 122 class 1 nop 0 nob 0 draws 1 float 0
# rec 123 class 1 nop 14 nob 40 draws 647 float 334
123 0 6 -1 2.3911010752322315 81.467998580932615 -0.13 0.1082 0.97350000000000003 0.140544 127.15943733215332 0.210816
123 1 9 -1 4.4331363000655974 152.54599716186524 -1.03 0.1842 0.94950000000000001 0.33449999999999996 238.21020892227173 0.50174999999999992
123 2 2 -1 1.7627825445142729 348.2399929046631 -1.0680000000000001 -0.36120000000000002 0.88400000000000001 0.013560000000000001 510.610419673786 0
123 3 5 -1 2.9321531433504737 682.03998580932614 5.6219999999999999 0.0448 0.90500000000000003 0.020256 1113.2875315720491 0
123 4 9 -1 4.0491638646268449 1192.4359758758544 -17.079999999999998 -1.1368 0.80049999999999999 0.38549999999999995 2301.6873666729871 1.1564999999999999
123 5 6 -1 0.29670597283903605 1796.5079631042481 -19.827999999999999 -2.3039999999999998 0.36349999999999999 0.14591999999999999 4685.520799363856 0.21887999999999999
123 6 0 -1 1.2740903539558606 2560.0259474945069 0.99399999999999999 3.8304 -0.29349999999999998 0.012012 8352.9800945170591 0
123 7 5 -1 0.59341194567807209 3388.529929046631 -10.91 -1.8808 0.11650000000000001 0.014592000000000001 16918.920280018378 0
123 8 2 -1 4.7298422729046328 4409.6899077606204 7.8300000000000001 -1.742 0.18099999999999999 0.032279999999999996 38278.272235178069 0.072629999999999986
123 9 5 -1 2.3038346126325151 5578.0358836364749 2.0800000000000001 1.2722 0.60999999999999999 0.01248 48857.416323344019 0
123 10 5 -1 4.066617157146788 6839.8578566741944 0.872 -0.057200000000000001 0.75849999999999995 0.022175999999999998 54601.576770953929 0
123 11 7 -1 3.3161255787892263 8268.7158268737785 10.641999999999999 1.3914 0.53800000000000003 0.021707999999999998 68099.493384011643 0
123 12 7 -1 5.7072266540214578 9818.4697942352286 28.920000000000002 0.93079999999999996 -2.7155 0.021923999999999996 80927.819017938091 0
123 13 7 -1 3.6128315516282621 11524.529758758545 15.958 0.4194 0.51949999999999996 0.015983999999999998 92527.883755660456 0
123 14 1 2 0.52359877559829882 0.11800000000000002 0 0 1 0.0047520000000000001 0.18589132800000005 0
123 15 1 2 5.532693728822025 0.32000000000000001 0.02 0.002 1 0.0071820000000000009 0.34903500748800009 0
123 16 1 3 6.2657320146596431 1.784 -0.059999999999999998 0.021999999999999999 1 0.0064260000000000003 0.2507206656 0
123 17 1 3 5.8992128717408336 0.96999999999999986 0.059999999999999998 -0.0040000000000000001 1 0.0058320000000000004 0.49724752896000007 0
123 18 4 4 5.8293997016610604 0.65200000000000002 0.02 0.0040000000000000001 1 0.018270000000000002 6.0298368 0
123 19 8 4 3.8048177693476384 0.64000000000000001 0 0.002 1 0.01512 8.3766769152000009 0
123 20 5 4 2.4434609527920612 1.1840000000000002 0.10000000000000001 -0.012 1 0.014688000000000001 24.060096661708805 0
123 21 6 4 4.9218284906240095 1.7440000000000002 -0.02 0.0040000000000000001 1 0.065664 29.341125415278679 0
123 22 6 4 3.3161255787892263 2.6100000000000003 0.23999999999999999 0.002 1 0.12153599999999999 23.483143052367911 0
123 23 8 5 4.0840704496667311 5.9199999999999999 0.12 0.048000000000000001 0.99950000000000006 0.027648000000000002 2.0545535999999998 0
123 24 0 5 3.4208453339088858 8.0449999999999999 0.93999999999999995 0.082000000000000003 0.99650000000000005 0.014489999999999999 4.4361547775999997 0
123 25 0 5 0.64577182323790194 13.700000000000001 -0.47999999999999998 0.0060000000000000001 0.99450000000000005 0.017954999999999999 7.2468059553791999 0
123 26 5 5 0.69813170079773179 21.375 1.5 -0.126 0.99350000000000005 0.015912000000000003 10.07708639273209 0
123 27 5 5 0.15707963267948966 33.609999999999999 -5.0599999999999996 -0.28599999999999998 0.98799999999999999 0.016560000000000002 10.687847894398315 0
123 28 8 5 2.8448866807507573 49.664999999999999 6 -0.61199999999999999 0.99950000000000006 0.020952000000000002 11.626134061047544 0
123 29 0 7 4.9567350756638957 9.0180000000000007 -0.40000000000000002 -0.050000000000000003 0.99850000000000005 0.011592000000000002 0.18509660160000002 0
123 30 1 7 1.9373154697137058 16.57 -0.040000000000000001 -0.23799999999999999 0.99650000000000005 0.0062370000000000004 0.35811485614080008 0
123 31 1 8 2.7925268031909272 6.6480000000000006 0.97999999999999998 0.053999999999999999 0.997 0.0058320000000000004 0.56316979200000006 0
123 32 0 9 0.92502450355699462 0.9820000000000001 0.12 0 1 0.010962 0.18769920000000001 0
123 33 1 9 3.6128315516282621 1.78 -0.14000000000000001 0.0080000000000000002 1 0.0061289999999999999 0.24703211520000001 0
123 34 1 10 2.1816615649929121 26.521999999999998 -3.1000000000000001 -0.41399999999999998 0.995 0.0043200000000000009 0.34715197439999995 0
123 35 5 11 2.8274333882308138 26.204000000000001 -0.35999999999999999 -0.14000000000000001 1 0.018504000000000003 0.36677836800000002 0
123 36 1 11 0.6108652381980153 20.795000000000002 -1.0800000000000001 -0.085999999999999993 0.99099999999999999 0.0053190000000000008 0.69556738867200008 0
123 37 5 12 1.5358897417550099 25.359999999999999 -1.5 0.12 0.99350000000000005 0.017496000000000001 0.22225674239999998 0
123 38 0 13 3.9269908169872414 31.806000000000001 3.1200000000000001 0.26600000000000001 0.98999999999999999 0.012852000000000001 0.19375165439999997 0
123 39 1 13 1.6231562043547265 70.394999999999996 11.34 0.83399999999999996 0.97750000000000004 0.006156 0.41069560688639994 0
# rec 124 class 0 nop 1 nob 1 draws 22 float 9
124 0 2 -1 0.29670597283903605 23.646000709533691 -0.028000000000000001 -0.012200000000000001 0.999 0.028560000000000002 33.406121196746831 0
# rec 125 class 3 nop 14 nob 43 draws 701 float 358
125 0 5 -1 1.9722220547535925 171.96900032043456 -1.3759999999999999 0.017999999999999999 0.96999999999999997 0.024672000000000003 169.96899061203004 0
125 1 5 -1 5.7246799465414009 255.73800064086913 0.80200000000000005 0.46920000000000001 0.94099999999999995 0.022272 320.19369509296422 0
125 2 9 -1 2.4609142453120048 445.14500160217284 0.874 -0.12 0.91749999999999998 0.29099999999999998 803.84340697496634 0
125 3 2 -1 5.9166661642607767 902.81000320434566 -5.1959999999999997 0.26100000000000001 0.78049999999999997 0.016799999999999999 1399.0514604175976 0
125 4 1 -1 4.6076692252650302 1528.1430054473876 -9.6799999999999997 0.54339999999999999 0.621 0.0089999999999999993 2514.6147099639802 0
125 5 4 -1 2.2340214425527418 2392.3140083312987 21.341999999999999 0.95899999999999996 0.69450000000000001 0.022320000000000003 5548.8028050850371 0.033480000000000003
125 6 9 -1 1.2391837689159739 3375.5930118560791 -2.1659999999999999 3.452 -0.48649999999999999 0.26850000000000002 12115.221766304185 0
125 7 8 -1 6.0911990894602104 4455.3400160217288 -12.295999999999999 -3.4601999999999999 0.0395 0.028368000000000001 20764.050675156308 0
125 8 6 -1 6.1610122595399837 5824.6650208282472 9.6579999999999995 0.375 0.30249999999999999 0.166656 52278.170637108502 0.49996799999999997
125 9 6 -1 2.2514747350726849 7332.7280262756349 1.95 0.50260000000000005 0.74199999999999999 0.152832 63356.908017649534 0
125 10 1 -1 5.3930673886624785 9006.9190323638923 1.0780000000000001 -2.4081999999999999 0.11650000000000001 0.0072719999999999998 66247.15728217781 0.021815999999999999
125 11 2 -1 2.530727415391778 10902.278039093018 -10.406000000000001 -0.77539999999999998 -2.956 0.025559999999999999 86814.887975252612 0.057509999999999999
125 12 4 -1 0.27925268031909273 12970.525046463013 0.021999999999999999 -0.0060000000000000001 0.39300000000000002 0.02988 93636.661091448535 0.089639999999999997
125 13 4 -1 2.9146998508305302 15151.800054473877 13.276 -3.4763999999999999 0.071499999999999994 0.024 125720.45012473818 0
125 14 1 3 3.5081117965086026 3.7040000000000002 -0.28000000000000003 0.002 1 0.0044279999999999996 0.18213888 0
125 15 0 3 2.0769418098732522 3.8550000000000004 0.080000000000000002 -0.040000000000000001 0.99950000000000006 0.016128000000000003 0.27286189055999999 0
125 16 1 5 5.0789081233034992 0.41399999999999998 0 -0.0040000000000000001 1 0.0059670000000000009 0.22141440000000007 0
125 17 8 6 2.7227136331111539 5.6779999999999999 -0.29999999999999999 0.0060000000000000001 0.99950000000000006 0.027864000000000003 3.7117440000000004 0
125 18 6 6 4.6600291028248595 5.4950000000000001 0.14000000000000001 -0.012 0.998 0.15782400000000002 6.290718720000001 0
125 19 1 7 4.9567350756638957 9.7380000000000013 0.54000000000000004 0.028000000000000001 0.99950000000000006 0.0043200000000000009 0.40486809600000007 0
125 20 5 8 0.15707963267948966 22.740000000000002 -1.78 -0.128 0.99850000000000005 0.0097920000000000004 2.7902214143999999 0
125 21 5 8 0.22689280275926285 27.375 -2.6600000000000001 -0.32400000000000001 0.99850000000000005 0.0098640000000000012 5.9277955301376002 0
125 22 7 8 3.6302848441482056 53.370000000000005 -6.7199999999999998 0.68200000000000005 0.996 0.015633000000000001 9.8637532937846775 0
125 23 7 8 0.57595865315812877 65.174999999999997 -4.9800000000000004 0.30599999999999999 0.96799999999999997 0.014499 10.795273133393209 0
125 24 2 8 3.2637657012293961 98.080000000000013 8.5999999999999996 0.67600000000000005 0.97799999999999998 0.016109999999999999 14.210096512241677 0
125 25 7 8 1.6406094968746698 162.405 -15.26 1.3959999999999999 0.92449999999999999 0.011502 19.140202317022098 0
125 26 7 8 2.7750735106709841 209.23000000000002 2.1600000000000001 -1.79 0.98150000000000004 0.015552 17.696311763592124 0
125 27 2 9 3.0194196059501901 21.904 -0.62 0.214 0.99150000000000005 0.012240000000000001 2.0697120767999997 0
125 28 5 9 5.6723200689815707 37.144999999999996 4.8200000000000003 -0.032000000000000001 0.98999999999999999 0.01908 4.267519377408 0
125 29 0 9 3.595378259108319 42.357999999999997 4.9199999999999999 0.22800000000000001 0.997 0.011025 7.853926558334976 0
125 30 7 9 4.7123889803846897 64.003 -5.5800000000000001 -0.86799999999999999 0.97799999999999998 0.023651999999999999 6.7330091838407755 0
125 31 2 9 5.3232542185827052 104.75 8.6999999999999993 0.46999999999999997 0.95750000000000002 0.024120000000000003 13.519107360040197 0
125 32 7 9 5.8992128717408336 147.589 -3.6800000000000002 -0.70399999999999996 0.93500000000000005 0.015308999999999998 10.184598035711726 0
125 33 7 9 1.9547687622336491 221.5 4.6399999999999997 -3.4820000000000002 0.88 0.014094000000000001 14.035421851936899 0
125 34 7 9 3.839724354387525 281.45299999999997 -47.399999999999999 0.014 0.97899999999999998 0.0099629999999999996 15.403247303932277 0
125 35 2 9 4.9916416607037828 356.26799999999997 32.579999999999998 1.1699999999999999 1 0.016560000000000002 12.972588648676261 0
125 36 7 9 4.8694686130641793 443.84499999999997 -34.439999999999998 0.51200000000000001 0.94350000000000001 0.022517999999999996 20.312064675890483 0
125 37 7 9 5.5501470213419681 538.88400000000001 65.719999999999999 1.1439999999999999 0.77549999999999997 0.022355999999999997 19.823828701341881 0
125 38 7 9 3.5255650890285457 650.875 104.31999999999999 -2.7599999999999998 0.85599999999999998 0.022032 18.831381670858129 0
125 39 7 9 5.0440015382636121 777.90800000000002 -21.960000000000001 9.7880000000000003 0.68899999999999995 0.016847999999999998 12.990499850782431 0
125 40 7 9 3.0543261909900767 896.88299999999992 30.739999999999998 -11.388 0.96750000000000003 0.011016 17.450146192841366 0
125 41 5 13 0.29670597283903605 9.7699999999999996 1.74 -0.024 0.999 0.011592000000000002 0.30228480000000002 0
125 42 7 13 5.0963614158234423 9.6400000000000006 -0.47999999999999998 0.124 0.998 0.010286999999999999 0.5198905344000001 0
# rec 126 class 0 nop 4 nob 6 draws 107 float 52
126 0 8 -1 5.7595865315812871 33.332999839782715 -0.42199999999999999 0.0094000000000000004 0.98999999999999999 0.029231999999999998 31.763549757003783 0
126 1 8 -1 0.017453292519943295 50.365999679565427 -0.32600000000000001 -0.0077999999999999996 0.98299999999999998 0.018287999999999999 69.735302766513826 0
126 2 8 -1 5.1312680008633285 106.09499919891357 0.31 -0.054600000000000003 0.96999999999999997 0.032832 131.22050587074222 0
126 3 1 -1 5.1836278784231586 209.47999839782716 -1.1639999999999999 -0.14979999999999999 0.98299999999999998 0.0078840000000000004 257.18700816026899 0
126 4 1 2 4.1015237421866741 0.24400000000000002 0 0.002 1 0.0063720000000000001 0.42319134720000001 0
126 5 5 2 1.1868238913561442 0.23000000000000001 0.02 0 1 0.016200000000000003 0.93790633328639994 0
# rec 127 class 0 nop 11 nob 26 draws 430 float 219
127 0 9 -1 4.1364303272265612 30.005999736785888 0.025999999999999999 0.0224 0.99750000000000005 0.1845 35.855429546833037 0.27675
127 1 9 -1 1.4137166941154069 54.561999473571774 0.25 0.043999999999999997 0.99950000000000006 0.29699999999999999 86.160388941042427 0
127 2 2 -1 4.5727626402251431 124.88999868392945 -0.058000000000000003 0.1014 0.97050000000000003 0.02196 148.57607551062765 0
127 3 5 -1 2.6354471705114375 210.28999736785889 -0.094 0.0061999999999999998 0.98750000000000004 0.017760000000000001 327.28362989611946 0
127 4 5 -1 3.4906585039886591 371.75199552536009 1.5840000000000001 0.21740000000000001 0.90600000000000003 0.01248 616.1382998460781 0
127 5 9 -1 4.5902159327450871 543.4859931564331 3.6899999999999999 0.161 0.76649999999999996 0.30149999999999993 1454.7632541468422 0.90449999999999986
127 6 4 -1 3.3161255787892263 770.59199026107785 1.014 -0.2878 0.85399999999999998 0.023040000000000001 2752.149844842932 0.051840000000000004
127 7 5 -1 4.3982297150257104 1055.0999868392944 8.4299999999999997 -1.5855999999999999 0.70899999999999996 0.017760000000000001 5401.0805530688667 0
127 8 2 -1 2.8623399732707004 1367.9299828910828 -9.9640000000000004 -1.7682 0.76700000000000002 0.020879999999999999 12420.084791812587 0
127 9 7 -1 0.55850536063818546 1707.7519784164429 -1.3540000000000001 -0.48699999999999999 0.32550000000000001 0.025595999999999997 14635.499611535497 0
127 10 7 -1 3.4906585039886591 2118.9459734153747 -19.152000000000001 -1.0044 0.19800000000000001 0.018467999999999998 18103.23488949272 0
127 11 5 3 0.82030474843733492 0.746 0.080000000000000002 0.002 1 0.00792 0.16367616000000001 0
127 12 1 4 6.003932626860494 0.14399999999999999 0 0 1 0.0062100000000000002 0.13019136000000001 0
127 13 1 4 0.4537856055185257 0.27999999999999997 -0.02 0 1 0.0041580000000000002 0.36154939391999996 0
127 14 1 5 1.7802358370342162 0.13800000000000001 0 0 1 0.0046710000000000007 3.1298111999999993 0
127 15 5 5 1.8849555921538759 0.11 0 0 1 0.014112 7.4922200063999975 0
127 16 1 5 3.8222710618675819 0.25600000000000001 0.02 0.002 1 0.0066150000000000002 14.235050275891195 0
127 17 0 5 3.1764992386296798 0.39600000000000002 0.040000000000000001 0.002 1 0.011844 15.460912563729128 0
127 18 1 5 1.8325957145940461 0.67000000000000004 -0.040000000000000001 0.01 1 0.0066690000000000004 16.727480234612162 0
127 19 2 5 4.5029494701453698 0.94800000000000006 0.080000000000000002 -0.0080000000000000002 1 0.016920000000000001 17.445278606517867 0
127 20 3 5 5.2185344634630457 1.29 0.02 0 1 0.028214999999999997 22.034750419049587 0
127 21 0 6 2.4783675378319479 1.246 0.02 -0.0080000000000000002 1 0.012914999999999999 0.36775526399999997 0
127 22 1 8 1.7627825445142729 2.504 -0.34000000000000002 -0.037999999999999999 1 0.0051570000000000001 0.28837785600000004 0
127 23 5 9 3.0717794835100198 0.57600000000000007 -0.040000000000000001 0.0080000000000000002 1 0.013464000000000002 0.43247001600000001 0
127 24 1 10 5.6897733615015147 4.1379999999999999 0.040000000000000001 0.012 0.99850000000000005 0.0077759999999999999 0.29761551360000005 0
127 25 5 10 2.7401669256310974 5.8900000000000006 -0.54000000000000004 -0.062 0.99750000000000005 0.011304 0.63653504901120006 0
# rec 128 class 0 nop 4 nob 6 draws 107 float 52
128 0 1 -1 3.6826447217080354 21.314999542236329 -0.014 -0.0061999999999999998 0.99450000000000005 0.0071640000000000002 31.036524181365966 0
128 1 5 -1 1.3264502315156905 35.039999084472655 -0.29799999999999999 -0.0104 0.98899999999999999 0.016416 66.91706013496399 0
128 2 4 -1 3.717551306747922 96.204997711181647 -0.62 0.055399999999999998 0.98999999999999999 0.027960000000000002 124.59476904942947 0
128 3 5 -1 4.5378560551852569 174.45999542236328 -2.0920000000000001 0.028400000000000002 0.99550000000000005 0.017760000000000001 218.78181676445337 0
128 4 1 2 4.9916416607037828 0.12400000000000001 0 0 1 0.0054809999999999998 0.23584819200000004 0
128 5 1 2 1.7104226669544429 0.14000000000000001 0 0 1 0.00513 0.70951474944000004 0
# rec 129 class 0 nop 9 nob 17 draws 288 float 145
129 0 2 -1 2.9845130209103035 25.210999794006348 0.11600000000000001 -0.019400000000000001 0.99099999999999999 0.016199999999999999 29.292409620285035 0
129 1 1 -1 2.6529004630313811 42.231999588012698 0.070000000000000007 -0.045199999999999997 0.98450000000000004 0.0070559999999999998 55.498522230577471 0
129 2 4 -1 3.3684854563490561 88.604998970031744 0.156 -0.1176 0.98950000000000005 0.026759999999999999 122.40352465829372 0
129 3 3 -1 2.1816615649929121 171.70999794006349 -1.3320000000000001 0.045600000000000002 0.98999999999999999 0.033791999999999996 244.19503169329599 0.10137599999999999
129 4 3 -1 2.3038346126325151 276.31699649810793 3.4660000000000002 0.00020000000000000001 0.92200000000000004 0.033131999999999995 492.68859698276242 0
129 5 6 -1 1.0995574287564276 416.33599464416505 0.73599999999999999 -0.215 0.877 0.22195200000000001 1092.8540335319703 0
129 6 9 -1 5.270894341022875 589.72699237823485 3.7599999999999998 0.34939999999999999 0.998 0.23699999999999999 2020.0853588880111 0.35549999999999998
129 7 1 -1 5.0963614158234423 800.06998970031736 4.0279999999999996 0.2296 0.78749999999999998 0.0041399999999999996 3532.2296428315203 0
129 8 1 -1 0.034906585039886591 1045.8249866104127 8.7919999999999998 -1.014 0.61350000000000005 0.0051840000000000002 8217.3749575807724 0
129 9 1 3 4.7123889803846897 0.084000000000000005 0 0 1 0.0060210000000000003 0.29196287999999998 0
129 10 5 4 5.0090949532237259 0.09799999999999999 0 0 1 0.015480000000000001 0.39864422399999994 0
129 11 2 6 2.1293016874330819 0.55999999999999994 0.02 0 1 0.017100000000000001 3.2580863999999998 0
129 12 7 6 0.68067840827778847 0.64000000000000001 -0.02 -0.002 1 0.015552 5.9204769023999999 0
129 13 6 6 6.213372137099813 1.1499999999999999 0.059999999999999998 -0.017999999999999999 1 0.095039999999999999 14.556898656460801 0
129 14 4 6 5.98647933434055 1.99 0.040000000000000001 0.002 1 0.013860000000000001 13.372713513245934 0
129 15 1 7 3.0717794835100198 2.3520000000000003 0.17999999999999999 0.017999999999999999 0.99950000000000006 0.0050759999999999998 0.068624640000000001 0
129 16 1 8 2.2863813201125716 2.2480000000000002 0 0 1 0.0067499999999999999 0.080621568000000005 0
# rec 130 class 0 nop 11 nob 53 draws 821 float 435
130 0 6 -1 2.0245819323134224 24.179999942779542 -0.14999999999999999 0.024 0.99450000000000005 0.092160000000000006 32.567999887466428 0
130 1 8 -1 0.52359877559829882 45.009999885559083 0.45200000000000001 0.024799999999999999 0.98099999999999998 0.033551999999999998 61.732367786693572 0.050327999999999998
130 2 3 -1 3.961897402027128 94.689999713897706 -0.53800000000000003 0.0064000000000000003 0.95450000000000002 0.023628 110.07603192364969 0
130 3 9 -1 0.034906585039886591 177.61999942779542 0.32600000000000001 -0.1482 0.95999999999999996 0.34949999999999998 250.3025350631352 0
130 4 1 -1 3.5255650890285457 285.89999902725219 0.66200000000000003 -0.1784 0.89700000000000002 0.0082799999999999992 517.48529678886462 0.024839999999999997
130 5 9 -1 3.3859387488689991 432.47999851226808 -0.85399999999999998 -0.19320000000000001 1 0.28649999999999998 1264.7017526633692 0.42974999999999997
130 6 8 -1 2.5656340004316642 614.43999788284304 7.3719999999999999 0.23980000000000001 0.95099999999999996 0.022464000000000001 2323.3420996022742 0
130 7 5 -1 0.17453292519943295 843.49999713897705 3.056 -0.1764 0.58199999999999996 0.019872000000000001 4138.2028914253169 0
130 8 5 -1 2.2689280275926285 1091.3799962806702 9.8140000000000001 0.93079999999999996 0.58099999999999996 0.022464000000000001 9773.1322920508519 0
130 9 5 -1 5.4454272662223078 1369.4799953079223 -22.43 0.29160000000000003 0.66400000000000003 0.019392 11528.666084054385 0
130 10 6 -1 1.3962634015954636 1674.7499942207337 8.4320000000000004 0.83120000000000005 0.34150000000000003 0.21734400000000001 13117.333672197206 0.65203200000000006
130 11 1 2 0.64577182323790194 0.20199999999999999 0 -0.002 1 0.0034560000000000003 0.33117004799999999 0
130 12 6 3 5.8119464091411173 0.37200000000000005 -0.02 0.0040000000000000001 1 0.131328 6.3883007999999997 0
130 13 8 3 0.29670597283903605 0.73000000000000009 0 0.01 1 0.024408000000000003 8.8198634496000015 0
130 14 5 3 5.2883476335428181 1.264 0.059999999999999998 0 1 0.010728 20.783943047577601 0
130 15 3 3 5.4454272662223078 1.9840000000000002 -0.10000000000000001 0.0040000000000000001 1 0.022769999999999999 27.564565907229476 0
130 16 2 3 0.54105206811824214 3.1900000000000004 -0.10000000000000001 -0.017999999999999999 1 0.022950000000000002 22.57845659722069 0
130 17 1 3 1.5882496193148399 4.532 -0.34000000000000002 -0.050000000000000003 0.99850000000000005 0.0062640000000000005 32.224599132408933 0
130 18 0 3 2.6529004630313811 7.0100000000000007 -0.85999999999999999 0.035999999999999997 1 0.013671000000000001 28.821896858547433 0
130 19 4 3 5.1661745859032155 8.8740000000000006 1.1000000000000001 0.071999999999999995 0.99950000000000006 0.016290000000000002 42.551258402440205 0
130 20 4 3 4.5204027626653138 11.464 0.88 -0.124 0.997 0.014220000000000002 28.356061988849543 0
130 21 2 3 4.1538836197465043 14.130000000000001 1.3200000000000001 -0.098000000000000004 0.998 0.022590000000000002 48.360349665543431 0
130 22 4 3 0.069813170079773182 17.682000000000002 1.5800000000000001 0.032000000000000001 0.999 0.01566 37.352438740412637 0
130 23 1 3 4.6774823953448035 21.16 1.96 0.14399999999999999 0.995 0.0064799999999999996 39.780953491172774 0
130 24 5 4 3.2986722862692828 1.3600000000000001 0.059999999999999998 0 1 0.016416 0.12294144 0
130 25 0 5 2.9321531433504737 0.82199999999999995 -0.059999999999999998 0 1 0.0081900000000000011 4.3529663999999997 0
130 26 0 5 5.1661745859032155 0.90500000000000003 -0.14000000000000001 -0.0060000000000000001 1 0.011214 8.2367108927999979 0
130 27 1 5 4.0142572795869578 1.524 0.20000000000000001 0.012 1 0.0053730000000000002 15.200180268767998 0
130 28 1 5 4.3982297150257104 2.2490000000000001 -0.02 0.029999999999999999 0.99950000000000006 0.0069660000000000008 18.78605398312919 0
130 29 6 5 0 2.9499999999999997 -0.080000000000000002 0.032000000000000001 0.99950000000000006 0.15667200000000001 21.229975320760879 0
130 30 1 5 4.5378560551852569 4.7370000000000001 -0.38 -0.028000000000000001 0.999 0.0058320000000000004 25.239753152995419 0
130 31 0 5 0.90757121103705141 6.1600000000000001 -0.22 -0.0060000000000000001 0.998 0.014931000000000002 24.538278400424858 0
130 32 5 5 1.5009831567151235 8.4689999999999994 -0.34000000000000002 0.048000000000000001 0.99750000000000005 0.013679999999999999 27.471089288988786 0
130 33 1 5 2.7925268031909272 10.183999999999999 0.32000000000000001 0.048000000000000001 0.997 0.0052650000000000006 26.461686043766427 0
130 34 5 5 1.5184364492350666 12.904999999999999 0.14000000000000001 -0.043999999999999997 1 0.010584 39.508367948817465 0
130 35 2 5 2.8797932657906435 15.702 -0.44 0.124 1 0.015570000000000001 27.514802190032036 0
130 36 3 5 1.2042771838760873 19.114999999999998 -2.5600000000000001 -0.16600000000000001 0.99750000000000005 0.026036999999999998 37.904332343543622 0
130 37 0 5 4.2062434973063345 22.754000000000001 -1.4199999999999999 -0.14799999999999999 1 0.011214 29.590267957561306 0
130 38 6 5 4.2236967898262776 26.798999999999999 -4.2800000000000002 -0.224 0.99550000000000005 0.089279999999999998 27.928800989829234 0
130 39 6 5 0.73303828583761843 30.57 -0.59999999999999998 0.20799999999999999 0.98850000000000005 0.062207999999999999 45.430521603478468 0
130 40 0 6 4.0142572795869578 0.84000000000000008 -0.14000000000000001 -0.0080000000000000002 1 0.016758000000000002 0.32060620800000006 0
130 41 7 6 1.064650843716541 0.89000000000000001 -0.10000000000000001 0.002 1 0.017010000000000001 0.49685479833600016 0
130 42 1 9 3.2114058236695664 4.7199999999999998 -0.12 -0.048000000000000001 0.999 0.0052650000000000006 0.33832058880000004 0
130 43 4 10 4.6251225177849733 0.40399999999999997 0 0.002 1 0.016649999999999998 3.4775040000000002 0
130 44 5 10 0.24434609527920614 0.39499999999999996 0 0 1 0.020592000000000003 6.7352297472 0
130 45 7 10 3.0368728984701332 0.67799999999999994 0.080000000000000002 -0.01 1 0.019925999999999999 16.126468551475199 0
130 46 7 10 6.0737457969402664 1.593 0.059999999999999998 0 1 0.012231000000000001 15.183721697324433 0
130 47 7 10 2.6005405854715509 2.2999999999999998 -0.12 0.035999999999999997 0.99950000000000006 0.010367999999999999 17.036743093265905 0
130 48 7 10 2.6703537555513241 3.4590000000000001 -0.22 -0.021999999999999999 0.99950000000000006 0.013202999999999999 23.627035767947564 0
130 49 7 10 5.3058009260627621 4.9799999999999995 0.76000000000000001 0.080000000000000002 0.999 0.011906999999999999 22.691562289181249 0
130 50 7 10 0.54105206811824214 6.3529999999999998 0.73999999999999999 -0.029999999999999999 0.998 0.014499 24.768628927260075 0
130 51 7 10 4.3284165449459371 8.1280000000000001 0.17999999999999999 0.089999999999999997 0.997 0.016361999999999998 28.337929125270385 0
130 52 7 10 5.9166661642607767 10.435 0.35999999999999999 -0.0040000000000000001 0.99550000000000005 0.018792 32.661106342899828 0
# rec 131 class 5 nop 0 nob 0 draws 1 float 0
# rec 132 class 2 nop 8 nob 8 draws 146 float 72
132 0 5 -1 2.7052603405912108 20.509999799728394 -0.014 -0.0011999999999999999 1 0.027168000000000001 26.103839511871339 0
132 1 1 -1 5.9690260418206069 30.619999599456786 -0.002 0.0032000000000000002 0.999 0.0090720000000000002 61.387491172084815 0
132 2 5 -1 5.497787143782138 59.349998998641965 -0.091999999999999998 0.0080000000000000002 0.99950000000000006 0.016799999999999999 122.55020463829287 0
132 3 1 -1 0.33161255787892263 115.19999799728394 0.064000000000000001 -0.0144 0.99950000000000006 0.008208 214.97998284416047 0
132 4 5 -1 5.2185344634630457 185.06999659538269 0.059999999999999998 -0.024799999999999999 0.99450000000000005 0.015647999999999999 489.86803904294004 0
132 5 4 -1 1.0995574287564276 287.35999479293821 -0.218 -0.031600000000000003 0.98750000000000004 0.026040000000000001 973.63994248890128 0
132 6 9 -1 3.8571776469074681 400.06999258995057 -0.071999999999999995 -0.019800000000000002 0.98199999999999998 0.24899999999999997 2218.0725505329715 0
132 7 5 -1 1.1693705988362009 536.29998998641963 -0.624 0.0146 0.97599999999999998 0.023615999999999998 4093.8104292001926 0
# rec 133 class 8 nop 6 nob 44 draws 649 float 358
133 0 1 -1 1.2391837689159739 23.80599962234497 0.14999999999999999 0.028000000000000001 0.99450000000000005 0.0076319999999999999 76.314838757514963 0
133 1 10 -1 3.7000980142279785 50.251999244689941 -0.098000000000000004 0.67999999999999994 0.99299999999999999 14.1 927.33987914194108 21.149999999999999
133 2 10 -1 1.0995574287564276 118.38999811172485 0.94599999999999995 1.8200000000000001 0.96050000000000002 11.76 6516.1155919095727 0
133 3 4 -1 0.66322511575784526 249.4399962234497 -1.1699999999999999 -0.14180000000000001 0.96999999999999997 0.027120000000000002 7095.6823481858673 0
133 4 10 -1 4.0317105721069009 415.3319935798645 2.21 52.459999999999994 0.80049999999999999 14.699999999999999 87039.985218504342 0
133 5 10 -1 0.66322511575784526 621.65599018096918 0.67600000000000005 1.5599999999999998 0.99299999999999999 10.26 619145.56442871306 0
133 6 2 1 5.8119464091411173 0.10600000000000001 0 0 1 0.019350000000000003 163.51488000000001 0
133 7 1 1 3.3859387488689991 0.19 0 0 1 0.0055080000000000007 347.77882368000002 0
133 8 0 2 0.47123889803846897 0.12400000000000001 0 0 1 0.013419 155.194368 0
133 9 9 2 1.5707963267948966 0.14000000000000001 0 0 1 0.28462499999999996 357.38944819199992 0
133 10 2 2 3.12413936106985 0.22800000000000001 -0.02 -0.002 1 0.02511 770.53593041510385 0
133 11 1 2 2.2863813201125716 0.378 0 -0.002 1 0.0052110000000000004 594.63841261150628 0
133 12 1 2 0.94247779607693793 0.56000000000000005 0.02 0.002 1 0.0052650000000000006 597.8723691078045 0
133 13 4 2 1.7104226669544429 0.79400000000000004 0 0.0080000000000000002 1 0.021420000000000002 659.6292274897271 0
133 14 8 2 5.6723200689815707 1.03 -0.02 0.0080000000000000002 1 0.017820000000000003 1122.5522024310376 0
133 15 6 4 5.1487212933832724 0.9860000000000001 -0.02 -0.016 1 0.104256 207.72863999999998 0
133 16 5 4 0.55850536063818546 1.9550000000000001 -0.14000000000000001 0.0040000000000000001 1 0.016200000000000003 476.64992256000005 0
133 17 3 4 4.2062434973063345 2.3820000000000001 0.35999999999999999 0.028000000000000001 0.99950000000000006 0.019799999999999998 833.27432724480013 0
133 18 5 4 1.6057029118347832 4.9569999999999999 -0.52000000000000002 -0.016 0.998 0.016344000000000001 1093.1253855762186 0
133 19 8 4 0.6108652381980153 7.0800000000000001 -0.68000000000000005 0.028000000000000001 0.999 0.020952000000000002 1134.610310885281 0
133 20 4 4 5.7072266540214578 9.5410000000000004 1.26 0.14999999999999999 1 0.013050000000000001 1455.5953645851835 0
133 21 3 4 2.7227136331111539 12.4 0.83999999999999997 -0.16200000000000001 0.996 0.018116999999999998 1328.244805396524 0
133 22 4 4 2.6703537555513241 17.337 1.6599999999999999 0.075999999999999998 0.99299999999999999 0.022859999999999998 1419.6763683939098 0
133 23 1 4 2.4260076602721181 22.822000000000003 2.04 -0.23200000000000001 0.99550000000000005 0.0068310000000000003 2398.3874062635164 0
133 24 4 4 6.1784655520599268 28.045000000000002 -0.29999999999999999 0.42199999999999999 0.99650000000000005 0.022410000000000003 1778.9820550740878 0
133 25 5 4 1.5533430342749532 33.765999999999998 1.6200000000000001 0.126 0.99550000000000005 0.010728 1878.2954423279625 0
133 26 8 4 4.4505895925855405 40.895000000000003 -1.1000000000000001 -0.112 0.99199999999999999 0.022896 1584.7829394948283 0
133 27 5 4 6.0562925044203233 48.722000000000001 -1.98 -0.017999999999999999 0.97899999999999998 0.016056000000000001 2260.422161031765 0
133 28 9 4 2.530727415391778 56.577000000000005 -0.88 -0.90000000000000002 0.98499999999999999 0.26774999999999999 2710.8445636560168 0
133 29 4 4 3.4557519189487724 66.180000000000007 7.6399999999999997 -1.056 0.997 0.02043 1651.7788405932395 0
133 30 6 4 3.3335788713091694 75.831000000000003 13.039999999999999 0.41999999999999998 0.98350000000000004 0.11520000000000001 2680.7089527418239 0
133 31 6 4 5.1312680008633285 85.740000000000009 10.42 -0.55200000000000005 0.98599999999999999 0.14976 2774.8951155704458 0
133 32 0 4 4.2586033748661638 96.637 -2.1200000000000001 0.66400000000000003 0.999 0.016947 2243.9709644894583 0
133 33 5 4 5.5850536063818543 107.56200000000001 3.7999999999999998 -0.79800000000000004 0.96899999999999997 0.011736 2339.2256302617266 0
133 34 1 4 1.4835298641951802 120.245 -12.279999999999999 -0.57199999999999995 0.97599999999999998 0.0052110000000000004 2133.1180653302886 0
133 35 4 5 5.3407075111026483 1.6799999999999999 -0.02 -0.02 1 0.014760000000000002 156.28031999999999 0
133 36 3 5 3.6302848441482056 3 0.14000000000000001 0.037999999999999999 0.99950000000000006 0.020393999999999999 333.33804287999999 0
133 37 8 5 1.7627825445142729 4.8600000000000003 -0.34000000000000002 -0.0060000000000000001 0.99950000000000006 0.018684000000000003 551.40037023743992 0
133 38 9 5 1.6755160819145565 6.7299999999999995 0.40000000000000002 0.087999999999999995 0.99750000000000005 0.22950000000000001 836.21823369443553 0
133 39 5 5 5.3756140961425354 9.5199999999999996 1.1599999999999999 0.094 0.99650000000000005 0.016416 1029.998458720187 0
133 40 8 5 1.1519173063162575 13.85 0.71999999999999997 -0.048000000000000001 0.99550000000000005 0.017820000000000003 962.07979338054929 0
133 41 1 5 1.9024088846738192 19.68 1.3999999999999999 -0.071999999999999995 0.99099999999999999 0.0078569999999999994 1124.028434236285 0
133 42 1 5 0.41887902047863912 25.719999999999999 -2.2999999999999998 0.0040000000000000001 0.99350000000000005 0.00594 844.33300013681844 0
133 43 6 5 0.26179938779914941 33.880000000000003 0.81999999999999995 -0.10000000000000001 0.99150000000000005 0.108288 1348.5778660542362 0
# rec 134 class 6 nop 0 nob 0 draws 1 float 0
# rec 135 class 0 nop 9 nob 17 draws 286 float 145
135 0 4 -1 1.7976891295541595 22.772000274658204 -0.087999999999999995 0.0044000000000000003 1 0.018720000000000001 24.937800407409668 0
135 1 8 -1 1.1170107212763709 44.734000549316406 0.17000000000000001 -0.066400000000000001 0.99250000000000005 0.029519999999999998 54.12287248420715 0
135 2 3 -1 0.54105206811824214 96.760001373291018 0.35199999999999998 -0.042000000000000003 0.995 0.022967999999999995 92.624782447214116 0
135 3 3 -1 1.2042771838760873 171.61000274658204 -2.77 -0.088599999999999998 0.97550000000000003 0.032867999999999994 229.8609796218804 0
135 4 3 -1 3.7873644768276953 287.30400466918945 -4.5720000000000001 -0.2114 0.99650000000000005 0.022835999999999999 430.85513472473048 0.034254
135 5 1 -1 2.9496064358704168 449.20200714111326 1.976 0.32779999999999998 0.99350000000000005 0.0081720000000000004 790.72742296160584 0
135 6 3 -1 1.3264502315156905 623.08401016235348 -3.6600000000000001 0.37780000000000002 0.90549999999999997 0.027587999999999998 1616.4748642496102 0
135 7 2 -1 5.9515727493006638 841.70001373291018 -1.6379999999999999 0.38700000000000001 0.74399999999999999 0.024119999999999999 3476.7517842251045 0
135 8 7 -1 5.532693728822025 1104.9300178527833 -2.8860000000000001 -1.9421999999999999 0.65149999999999997 0.02862 5698.9974171346994 0
135 9 0 3 0.94247779607693793 0.59599999999999997 0 0 1 0.016695000000000002 0.4758234623999999 0
135 10 1 3 0.20943951023931956 0.68500000000000005 0.059999999999999998 -0.002 1 0.005751 0.77012258780159992 0
135 11 1 4 2.0420352248333655 0.186 0 0 1 0.0052380000000000005 0.23588674559999998 0
135 12 1 4 2.6878070480712677 0.26999999999999996 0.02 0.002 1 0.0061289999999999999 0.38610509583359998 0
135 13 5 4 4.6774823953448035 0.49199999999999999 -0.02 -0.002 1 0.016344000000000001 0.79360601276436471 0
135 14 1 5 3.9793506945470716 1.1780000000000002 0.02 -0.012 1 0.0039420000000000002 0.073534924800000012 0
135 15 5 6 4.8345620280242931 0.104 0 0 1 0.015191999999999999 0.32205127680000001 0
135 16 1 6 2.4260076602721181 0.34499999999999997 0.02 0.002 1 0.0052110000000000004 0.79063305953279994 0
# rec 136 class 0 nop 11 nob 24 draws 398 float 203
136 0 5 -1 3.3335788713091694 31.165000629425048 -0.056000000000000001 0.016199999999999999 0.99950000000000006 0.016032000000000001 23.511750912666322 0
136 1 1 -1 0.069813170079773182 45.1300012588501 0.037999999999999999 0.039800000000000002 0.997 0.0086400000000000001 44.72502548611164 0
136 2 6 -1 0.017453292519943295 92.95500314712524 0.45400000000000001 0.081199999999999994 0.95450000000000002 0.133632 104.21638452791477 0
136 3 2 -1 1.5184364492350666 176.78000629425048 0.13 0.1222 0.95399999999999996 0.021840000000000002 185.1157343134816 0
136 4 2 -1 3.9793506945470716 286.13501070022585 1.728 0.36099999999999999 0.97850000000000004 0.025679999999999998 435.36029059939261 0
136 5 4 -1 4.5553093477052 436.39001636505128 6.1900000000000004 0.28239999999999998 0.89600000000000002 0.030359999999999998 816.67437014105428 0
136 6 5 -1 5.6374134839416845 606.43502328872682 -4.548 -0.26800000000000002 0.98850000000000005 0.026495999999999999 1607.1692430031292 0.079488000000000003
136 7 1 -1 2.6703537555513241 823.40003147125242 6.3600000000000003 -0.22140000000000001 0.79800000000000004 0.0051119999999999994 3804.9748194384651 0.011501999999999998
136 8 0 -1 0.26179938779914941 1066.4250409126282 -3.766 0.96940000000000004 0.99150000000000005 0.014615999999999999 7098.1140278075563 0
136 9 2 -1 1.4486232791552935 1334.650051612854 -2.8199999999999998 0.2462 0.6855 0.033480000000000003 8197.0605357206514 0.075330000000000008
136 10 1 -1 5.0614548307835561 1648.9450635719299 10.318 -0.90200000000000002 0.90549999999999997 0.0075599999999999999 11465.495836815657 0
136 11 3 2 0 0.46799999999999997 -0.02 0.002 1 0.016730999999999999 1.8045665280000001 0
136 12 1 2 5.5152404363020811 0.47499999999999998 0 0 1 0.0050759999999999998 3.8630466846720006 0
136 13 4 2 0.85521133347722145 0.69599999999999995 -0.080000000000000002 -0.0040000000000000001 1 0.016290000000000002 9.3406781608427547 0
136 14 4 2 2.9845130209103035 0.94099999999999995 -0.080000000000000002 -0.0040000000000000001 1 0.016380000000000002 8.9239334015717873 0
136 15 5 2 5.1312680008633285 1.48 -0.040000000000000001 -0.0060000000000000001 1 0.01404 10.25888584657339 0
136 16 2 2 1.5358897417550099 2.2930000000000001 -0.10000000000000001 0.0060000000000000001 1 0.013140000000000001 10.347283756677029 0
136 17 5 3 2.2514747350726849 0.35000000000000003 0.02 0.002 1 0.012816000000000001 0.34217164800000005 0
136 18 1 3 5.6025068989017974 0.315 -0.02 0.0040000000000000001 1 0.0074250000000000002 0.8275141754880001 0
136 19 5 4 5.6548667764616276 0.68800000000000006 -0.080000000000000002 0.0040000000000000001 1 0.0098640000000000012 0.326074368 0
136 20 1 5 3.0368728984701332 0.40400000000000003 -0.02 0.002 1 0.0062100000000000002 0.49858406399999999 0
136 21 1 6 0.55850536063818546 1.5719999999999998 0.10000000000000001 0 1 0.0054000000000000003 0.28997222400000006 0
136 22 5 8 4.8869219055841224 4.3899999999999997 0.28000000000000003 -0.01 0.99950000000000006 0.013608 0.20953497600000001 0
136 23 7 9 3.7000980142279785 3.8140000000000001 0.12 -0.062 1 0.020330999999999998 0.44782848000000003 0
# rec 137 class 3 nop 5 nob 17 draws 263 float 141
137 0 5 -1 1.0471975511965976 97.39100196838379 0.75800000000000001 0.093200000000000005 0.95799999999999996 0.023519999999999999 117.59935331344604 0
137 1 5 -1 3.3335788713091694 178.84200393676758 -0.80400000000000005 0.078200000000000006 0.93049999999999999 0.019584000000000001 240.11924986553194 0
137 2 9 -1 3.001966313430247 388.05500984191895 -1.6060000000000001 -0.59599999999999997 0.85550000000000004 0.3705 571.35509578383926 1.1114999999999999
137 3 1 -1 3.1066860685499065 736.40001968383785 -4.5039999999999996 -0.017000000000000001 0.81000000000000005 0.0059039999999999995 1178.2883074283759 0
137 4 2 -1 1.6057029118347832 1244.6170334625244 -3.786 -1.0316000000000001 0.42299999999999999 0.026520000000000002 1930.2558043951508 0.079560000000000006
137 5 8 2 1.7278759594743862 0.25 0 0 1 0.019980000000000001 3.5093760000000001 0
137 6 4 2 3.7873644768276953 0.25 0 0.002 1 0.01737 6.6839385599999996 0
137 7 2 2 3.4906585039886591 0.59999999999999998 0 -0.002 1 0.015300000000000001 14.905843130879999 0
137 8 6 2 3.7524578917878086 0.82999999999999996 -0.14000000000000001 0.0040000000000000001 1 0.115776 17.460290028076646 0
137 9 4 2 5.3581608036225914 1.2 -0.059999999999999998 0.016 1 0.01737 24.202070593250191 0
137 10 0 2 4.6774823953448035 1.6699999999999999 -0.080000000000000002 0.017999999999999999 1 0.012411 21.441488323131377 0
137 11 3 2 0.62831853071795862 2.3999999999999999 0 0.0040000000000000001 1 0.016434000000000001 23.883830689686896 0
137 12 4 2 3.7873644768276953 3.1599999999999997 0.14000000000000001 -0.002 0.999 0.016830000000000001 27.434566664721043 0
137 13 2 2 4.0491638646268449 4.2199999999999998 0.38 0.035999999999999997 0.99950000000000006 0.02385 31.856019214981735 0
137 14 3 2 3.001966313430247 5.2199999999999998 0.23999999999999999 -0.070000000000000007 0.99850000000000005 0.022571999999999998 33.845359091015432 0
137 15 1 4 0.05235987755982989 0.48199999999999998 -0.02 0.002 1 0.0051840000000000002 0.28751923200000001 0
137 16 0 4 2.7401669256310974 0.82999999999999996 -0.059999999999999998 -0.002 1 0.010899000000000001 0.60879295027199998 0
# rec 138 class 10 nop 2 nob 2 draws 37 float 18
138 0 8 -1 4.9392817831439526 101.22299880981446 -0.27800000000000002 -0.18779999999999999 0.98299999999999998 0.040752000000000003 159.07319793701171 0
138 1 4 -1 1.1344640137963142 225.7059976196289 4.1299999999999999 0.2364 0.91649999999999998 0.024239999999999998 301.41923729095464 0
# rec 139 class 6 nop 0 nob 0 draws 1 float 0
# rec 140 class 11 nop 1 nob 1 draws 21 float 9
140 0 1 -1 2.3736477827122884 1.1060000121593476 0.012 0.0018 1 0.0069480000000000002 22.453200361132623 0.010422000000000001
# rec 141 class 6 nop 0 nob 0 draws 1 float 0
# rec 142 class 6 nop 0 nob 0 draws 1 float 0
# rec 143 class 0 nop 12 nob 53 draws 854 float 436
143 0 4 -1 1.7278759594743862 27.391999645233156 0.50800000000000001 0.017999999999999999 0.99750000000000005 0.021000000000000001 31.463319387435913 0
143 1 2 -1 0.85521133347722145 38.503999290466311 -0.52600000000000002 0.0067999999999999996 0.98250000000000004 0.026759999999999999 57.628653118019102 0
143 2 3 -1 2.9670597283903604 99.999998226165772 1.6120000000000001 0.0057999999999999996 0.96650000000000003 0.036828 113.13048740272556 0.055241999999999999
143 3 5 -1 1.6580627893946132 199.38999645233153 1.996 0.051400000000000001 0.9395 0.013535999999999999 226.07987045602923 0
143 4 3 -1 2.2514747350726849 314.8039939689636 -1.1819999999999999 0.098799999999999999 0.97799999999999998 0.021252 501.32885644181442 0
143 5 2 -1 1.2566370614359172 481.02199077606201 -1.204 -0.10539999999999999 0.77249999999999996 0.02316 802.56099167552782 0.06948
143 6 3 -1 1.6929693744344996 687.61398687362669 6.2880000000000003 -0.17979999999999999 0.65749999999999997 0.034583999999999997 1796.0508592701894 0.051875999999999992
143 7 6 -1 2.4085543677521746 923.91998226165776 4.3739999999999997 -0.77139999999999997 0.5655 0.12518399999999999 3145.8139248498496 0.375552
143 8 9 -1 3.4208453339088858 1184.8699769401551 -16.094000000000001 -0.094600000000000004 0.54149999999999998 0.33300000000000002 7019.5350292247986 0.99900000000000011
143 9 1 -1 2.7227136331111539 1497.3139709091186 26.411999999999999 0.1328 0.79549999999999998 0.010548 7514.5881729486291 0
143 10 6 -1 1.7453292519943295 1853.5119641685485 -7.9080000000000004 -1.0502 0.14099999999999999 0.109824 10139.580484084192 0.16473599999999999
143 11 1 -1 1.2042771838760873 2239.3039567184446 4.0599999999999996 -2.8997999999999999 -0.064000000000000001 0.0077039999999999999 11562.407609656602 0.011556
143 12 1 4 5.3232542185827052 1.036 -0.040000000000000001 -0.0080000000000000002 1 0.0049140000000000008 0.26304875520000004 0
143 13 5 5 5.8643062867009474 1.3339999999999999 0.080000000000000002 -0.0080000000000000002 1 0.016128000000000003 0.31067750399999999 0
143 14 1 6 3.9095375244672983 1.244 -0.059999999999999998 0.017999999999999999 1 0.0055620000000000001 0.46702233599999998 0
143 15 1 6 2.6878070480712677 1.7650000000000001 -0.059999999999999998 -0.017999999999999999 1 0.0056700000000000006 0.59585188607999995 0
143 16 1 6 4.2411500823462207 3.4279999999999999 0.40000000000000002 -0.058000000000000003 0.99950000000000006 0.0052650000000000006 1.8533313385804797 0
143 17 2 7 1.1519173063162575 1.4440000000000002 0.12 -0.0060000000000000001 1 0.02061 1.7978425344 0
143 18 5 7 5.4628805587422518 2.48 -0.17999999999999999 -0.017999999999999999 1 0.020664000000000002 2.7609605603327996 0
143 19 1 7 3.4557519189487724 3.6280000000000001 -0.02 0.051999999999999998 0.99850000000000005 0.0062640000000000005 6.1303525032591351 0
143 20 8 8 4.7647488579445199 0.51600000000000001 0 -0.0080000000000000002 1 0.031212000000000004 3.3246720000000005 0
143 21 7 8 3.0717794835100198 0.69999999999999996 0.02 0.0060000000000000001 1 0.011421000000000001 5.5006272000000012 0
143 22 7 8 1.064650843716541 1.1020000000000001 0.10000000000000001 -0.0060000000000000001 1 0.0099629999999999996 14.514258412800002 0
143 23 7 8 2.0071286397934789 1.4319999999999999 0 0.01 1 0.014175 15.259463105612546 0
143 24 7 8 3.1066860685499065 2.5299999999999998 0.38 0.0080000000000000002 0.99950000000000006 0.018143999999999997 19.409535836274078 0
143 25 7 8 2.2863813201125716 3.5760000000000001 0.35999999999999999 0.045999999999999999 0.99950000000000006 0.010610999999999999 23.11045283047844 0
143 26 7 8 3.001966313430247 4.8099999999999996 -0.40000000000000002 0.024 0.99850000000000005 0.016442999999999999 22.045862699708671 0
143 27 7 8 3.2637657012293961 6.6520000000000001 0.64000000000000001 0.108 0.99950000000000006 0.016361999999999998 29.900348734076445 0
143 28 7 8 2.7401669256310974 8.4320000000000004 -1.22 -0.056000000000000001 0.99850000000000005 0.011016 28.248458202422494 0
143 29 7 8 4.782202150464463 10.74 0.17999999999999999 -0.032000000000000001 0.99950000000000006 0.013202999999999999 30.109133610551982 0
143 30 7 8 5.0789081233034992 12.736000000000001 1.3600000000000001 0.152 0.99399999999999999 0.017981999999999998 33.25518000665658 0
143 31 7 8 0.82030474843733492 15.199999999999999 0.59999999999999998 -0.10000000000000001 0.99950000000000006 0.015389999999999997 25.4712064444922 0
143 32 7 8 0.95993108859688125 18.501999999999999 2.8999999999999999 -0.064000000000000001 0.99199999999999999 0.014984999999999998 41.715921899433212 0
143 33 7 8 4.1713369122664474 21.521999999999998 2.5800000000000001 0.11600000000000001 1 0.019358999999999998 36.473762007432114 0
143 34 7 8 2.4434609527920612 24.84 -0.90000000000000002 0.024 0.98799999999999999 0.018143999999999997 32.385156378320509 0
143 35 7 8 5.1487212933832724 28.416 1.4199999999999999 0.28799999999999998 0.98799999999999999 0.014256 31.565618761752329 0
143 36 7 8 1.7104226669544429 32.390000000000001 0.80000000000000004 -0.42599999999999999 0.997 0.017172 36.442295468492446 0
143 37 7 9 0.069813170079773182 3.6860000000000004 0.46000000000000002 -0.024 0.999 0.012149999999999999 0.15081108480000002 0
143 38 0 10 4.8869219055841224 10.348000000000001 -0.40000000000000002 0.108 1 0.0097020000000000006 1.1850448896000001 0
143 39 4 10 3.9968039870670147 11.17 -1.28 -0.014 0.998 0.019620000000000002 2.4301629800448001 0
143 40 7 10 6.2308254296197561 16.176000000000002 0.92000000000000004 0.068000000000000005 0.995 0.014822999999999999 5.2669818680573961 0
143 41 7 10 4.0142572795869578 19.166 1.5600000000000001 -0.059999999999999998 0.999 0.018468000000000002 6.0204374319094471 0
143 42 7 10 3.5081117965086026 34.68 -5.0800000000000001 -0.19400000000000001 0.99450000000000005 0.0092340000000000009 4.5711943415044693 0
143 43 7 10 0.76794487087750496 51.388000000000005 3.2200000000000002 -0.050000000000000003 0.98299999999999998 0.011016 8.675757849396561 0
143 44 7 10 5.3232542185827052 69.150000000000006 3.2200000000000002 -0.35599999999999998 0.97299999999999998 0.011745 9.9802447996318282 0
143 45 7 10 2.2689280275926285 87.906000000000006 -12.66 -0.626 0.95950000000000002 0.015713999999999999 8.9519667169411541 0
143 46 7 10 4.7472955654245768 109.61600000000001 1.74 -0.874 0.96750000000000003 0.016685999999999999 9.5510697134916764 0
143 47 7 10 5.8293997016610604 140.47 7.3600000000000003 -2.4279999999999999 0.99950000000000006 0.013446 11.49186678539237 0
143 48 7 10 0.94247779607693793 170.13800000000001 -23.68 0.16400000000000001 0.92100000000000004 0.013526999999999999 9.2669588794314421 0
143 49 7 10 2.6703537555513241 204.49000000000001 -1.4399999999999999 0.14000000000000001 0.91349999999999998 0.017010000000000001 10.082132944550956 0
143 50 7 10 5.6374134839416845 244.52600000000001 33.020000000000003 -2.1520000000000001 0.92700000000000005 0.014822999999999999 8.4687995411728512 0
143 51 7 10 5.3232542185827052 287.71600000000001 15.279999999999999 -3.5139999999999998 0.92849999999999999 0.016766999999999997 11.928262821951373 0
143 52 7 11 6.003932626860494 4.4199999999999999 0.12 -0.043999999999999997 1 0.016118999999999998 0.086482022400000011 0
# rec 144 class 11 nop 0 nob 0 draws 1 float 0
# rec 145 class 0 nop 9 nob 33 draws 509 float 273
145 0 8 -1 1.9547687622336491 26.109000606536867 0.224 0.040800000000000003 0.99450000000000005 0.024912 26.086830992698669 0
145 1 9 -1 2.7227136331111539 32.848001213073729 0.037999999999999999 0.043999999999999997 0.99450000000000005 0.186 53.231002155632964 0
145 2 6 -1 5.6199601914217414 92.395003032684329 0.12 0.098000000000000004 0.99750000000000005 0.178176 115.83582057019369 0.40089600000000003
145 3 3 -1 3.1066860685499065 165.88000606536866 -1.788 -0.183 0.94699999999999995 0.019535999999999998 225.04443455036142 0
145 4 2 -1 0.43633231299858238 275.55301031112668 -0.85199999999999998 0.17499999999999999 0.88149999999999995 0.02172 441.40193220842417 0
145 5 9 -1 0.10471975511965978 422.87401576995848 -0.95199999999999996 0.51359999999999995 0.80800000000000005 0.35549999999999998 1137.7393925263914 0
145 6 4 -1 1.7627825445142729 594.71302244186404 -8.3140000000000001 0.80220000000000002 0.76249999999999996 0.02316 2192.0285759637936 0
145 7 4 -1 5.98647933434055 798.59003032684325 2.9060000000000001 0.82820000000000005 0.60450000000000004 0.024839999999999997 4403.5220415374397 0
145 8 2 -1 0.97738438111682457 1043.4750394248963 -8.5299999999999994 -0.3478 0.505 0.023279999999999999 9173.2281535328439 0
145 9 3 2 4.1713369122664474 0.35599999999999998 0 0 1 0.015642 2.0411842559999998 0
145 10 4 2 0.38397243543875248 0.47499999999999998 0 -0.0040000000000000001 1 0.019709999999999998 4.0193084620799997 0
145 11 5 2 5.8468529941810043 0.67200000000000004 0 -0.0040000000000000001 1 0.015408 6.9398330710425595 0
145 12 4 2 4.6076692252650302 1.137 -0.040000000000000001 -0.012 1 0.020070000000000001 9.1922733375783174 0
145 13 0 2 2.8099800957108707 1.6799999999999999 0 0.0060000000000000001 1 0.012474000000000001 9.6501013916005203 0
145 14 1 2 1.3962634015954636 2.2309999999999999 0 0.034000000000000002 0.99950000000000006 0.0063449999999999999 9.8684140218939689 0
145 15 3 2 6.0213859193804371 3.1400000000000001 0.35999999999999999 0.002 0.99950000000000006 0.017127 8.9722655172177639 0
145 16 2 2 2.6703537555513241 4.2670000000000003 -0.20000000000000001 0.028000000000000001 0.999 0.01512 13.449365942821577 0
145 17 5 2 1.1868238913561442 5.2919999999999998 0.41999999999999998 -0.016 1 0.015552 17.575668666905472 0
145 18 5 2 2.5830872929516078 6.7450000000000001 0.52000000000000002 0.002 0.99750000000000005 0.012672000000000001 17.261131560957875 0
145 19 2 2 5.2883476335428181 8.1059999999999999 -1.3600000000000001 0.10000000000000001 0.999 0.014400000000000001 17.378110375540146 0
145 20 3 2 0.05235987755982989 9.7750000000000004 -0.10000000000000001 0.050000000000000003 0.99750000000000005 0.016136999999999999 20.187454242583733 0
145 21 5 2 5.8643062867009474 11.742000000000001 0.26000000000000001 -0.085999999999999993 0.995 0.012312 20.475370539573539 0
145 22 4 2 4.3807764225057673 13.567 -0.66000000000000003 -0.098000000000000004 0.996 0.0126 14.42277910460046 0
145 23 5 2 0.78539816339744828 15.81 1.8400000000000001 0.024 0.99950000000000006 0.012959999999999999 14.393863019354074 0
145 24 2 2 4.6425758103049164 18.061 -1.46 -0.089999999999999997 0.99950000000000006 0.01188 18.462288401774508 0
145 25 1 4 3.1764992386296798 0.42400000000000004 -0.040000000000000001 -0.0040000000000000001 1 0.0073170000000000006 0.27773798399999994 0
145 26 5 4 1.1868238913561442 1.3700000000000001 0.059999999999999998 -0.0040000000000000001 1 0.0097920000000000004 0.72470319513599979 0
145 27 6 5 2.6005405854715509 1.9300000000000002 -0.12 -0.0060000000000000001 1 0.11980800000000001 5.1692543999999998 0
145 28 5 5 3.717551306747922 1.9000000000000001 0.040000000000000001 0.002 1 0.016704 10.108440576 0
145 29 2 5 2.1642082724729685 3.3100000000000001 0.17999999999999999 0.043999999999999997 0.999 0.020070000000000001 25.974804418560002 0
145 30 6 5 4.0142572795869578 5.1300000000000008 0.38 0.028000000000000001 0.999 0.078336000000000003 22.302609504052835 0
145 31 1 6 0.73303828583761843 0.25 0 0 1 0.0065880000000000001 0.24990566399999997 0
145 32 1 6 2.2863813201125716 0.375 0 -0.002 1 0.0056700000000000006 0.64633638451199993 0
# rec 146 class 7 nop 0 nob 0 draws 1 float 0
# rec 147 class 6 nop 0 nob 0 draws 1 float 0
# rec 148 class 10 nop 1 nob 1 draws 19 float 9
148 0 6 -1 1.1693705988362009 173.33999748229979 -2.21 -0.0033999999999999998 0.94499999999999995 0.17280000000000001 145.82919593811036 0.38880000000000003
# rec 149 class 9 nop 0 nob 0 draws 1 float 0
# rec 150 class 5 nop 3 nob 5 draws 87 float 43
150 0 2 -1 2.9845130209103035 8.4449999284744255 0.040000000000000001 -0.0064000000000000003 0.99750000000000005 0.02376 9.1234998774528506 0
150 1 1 -1 2.6529004630313811 14.149999856948853 0.024 -0.014999999999999999 0.995 0.0062639999999999996 18.448462252199651 0
150 2 4 -1 3.3684854563490561 29.68499964237213 0.051999999999999998 -0.039399999999999998 0.99650000000000005 0.01932 35.426447074150801 0
150 3 0 2 0.54105206811824214 0.062000000000000006 0 0 1 0.017136000000000002 0.28068096000000003 0
150 4 7 2 2.4260076602721181 0.12000000000000001 0 0 1 0.018630000000000001 0.48415487232000004 0
# rec 151 class 0 nop 0 nob 0 draws 4 float 0
# rec 152 class 9 nop 2 nob 2 draws 49 float 18
152 0 6 -1 1.8151424220741028 14.593000011444092 0.053999999999999999 0.0014 0.999 0.19276799999999999 20.0069500207901 0
152 1 9 -1 4.9392817831439526 30.506000022888184 -0.14399999999999999 0.042200000000000001 0.99399999999999999 0.189 46.226149798035621 0
# rec 153 class 0 nop 7 nob 24 draws 376 float 199
153 0 8 -1 5.2359877559829888 19.312999839782716 0 0.019 0.99450000000000005 0.025775999999999997 31.07726969718933 0
153 1 2 -1 4.2935099599060509 43.77599967956543 0.17399999999999999 -0.015800000000000002 0.97999999999999998 0.023519999999999999 62.576028290271758 0
153 2 5 -1 5.1312680008633285 89.554999198913578 -0.017999999999999999 0.0070000000000000001 0.97699999999999998 0.023423999999999997 122.2688806976366 0
153 3 3 -1 5.8119464091411173 165.42999839782715 0.26000000000000001 -0.18379999999999999 0.92949999999999999 0.035243999999999998 255.25021016055425 0
153 4 3 -1 1.5358897417550099 294.23099727630614 1.9099999999999999 0.15040000000000001 0.87549999999999994 0.032075999999999993 551.92516915653573 0
153 5 9 -1 6.2482787221397 428.8179958343506 0.72199999999999998 0.21779999999999999 0.85950000000000004 0.34049999999999997 1007.4319528680174 0
153 6 6 -1 4.7472955654245768 615.20099407196039 0.77000000000000002 -0.023 0.77449999999999997 0.10368000000000001 2276.075568727113 0
153 7 1 2 0.05235987755982989 0.15800000000000003 0 0 1 0.0035100000000000001 0.27314257919999996 0
153 8 1 3 6.003932626860494 0.33800000000000002 0.02 -0.0040000000000000001 1 0.0050490000000000005 0.3983417856 0
153 9 5 4 5.6374134839416845 0.50600000000000001 -0.02 0.0040000000000000001 1 0.013679999999999999 0.54359838719999987 0
153 10 5 5 2.3561944901923448 1.4039999999999999 0.17999999999999999 0.014 1 0.015768000000000001 4.6024703999999996 0
153 11 6 5 0.4537856055185257 1.845 -0.12 0.014 1 0.12153599999999999 7.6705050623999993 0
153 12 3 5 2.0769418098732522 2.6579999999999999 -0.12 0.01 0.99950000000000006 0.021087000000000002 11.425754942668799 0
153 13 1 5 0.78539816339744828 3.3029999999999999 -0.28000000000000003 -0.021999999999999999 0.999 0.0043200000000000009 19.352651009684276 0
153 14 3 5 4.6774823953448035 6.71 -0.80000000000000004 -0.091999999999999998 0.997 0.025443 17.540288744476886 0
153 15 4 5 1.4311699866353502 8.2289999999999992 0.40000000000000002 -0.062 0.997 0.018090000000000002 17.181088020731011 0
153 16 1 5 1.9896753472735358 12.300000000000001 -1.5 -0.094 0.99550000000000005 0.0067499999999999999 24.27092724401075 0
153 17 5 6 0.41887902047863912 0.62 0.02 -0.0060000000000000001 1 0.018576000000000002 1.6243752960000004 0
153 18 1 6 5.9690260418206069 0.71499999999999997 0.02 0 1 0.0042660000000000007 2.9485278167040003 0
153 19 4 6 4.7647488579445199 1.25 -0.12 -0.0060000000000000001 1 0.01404 6.0062072407326736 0
153 20 3 6 3.5081117965086026 2.145 -0.040000000000000001 -0.0060000000000000001 1 0.020195999999999999 5.6872259521874611 0
153 21 5 6 5.2185344634630457 2.8599999999999999 -0.10000000000000001 0.0060000000000000001 1 0.013535999999999999 6.9526645792534048 0
153 22 0 6 3.3684854563490561 4.2750000000000004 0.66000000000000003 -0.029999999999999999 1 0.014742 9.0733558125817826 0
153 23 4 6 2.0943951023931953 5.9799999999999995 -0.02 -0.048000000000000001 0.99850000000000005 0.02232 12.455561082880765 0
# rec 154 class 6 nop 0 nob 0 draws 1 float 0
# rec 155 class 0 nop 4 nob 7 draws 122 float 60
155 0 1 -1 5.6025068989017974 25.13800006866455 0.218 0.002 0.99750000000000005 0.007415999999999999 31.912400126457214 0.016685999999999999
155 1 2 -1 3.0892327760299634 34.796000137329102 -0.47999999999999998 0.045999999999999999 0.99099999999999999 0.027960000000000002 59.45496743559837 0.041940000000000005
155 2 2 -1 3.3161255787892263 102.41000034332275 1.4259999999999999 0.13139999999999999 0.98799999999999999 0.035639999999999998 126.98122026638032 0
155 3 3 -1 6.213372137099813 177.86000068664552 1.3520000000000001 0.25 0.95350000000000001 0.013463999999999999 221.76404338476053 0
155 4 1 2 2.4085543677521746 0.26600000000000001 0 0 1 0.0058320000000000004 0.38092031999999998 0
155 5 1 3 2.4085543677521746 0.18200000000000002 0 0 1 0.0045630000000000002 0.16458393600000001 0
155 6 5 3 6.1959188445798699 0.16500000000000001 0 0 1 0.019368 0.43126161408000002 0
# rec 156 class 0 nop 1 nob 1 draws 23 float 9
156 0 6 -1 0.034906585039886591 27.922999725341796 0.080000000000000002 0.0091999999999999998 0.99399999999999999 0.13670399999999999 28.870749473571777 0
# rec 157 class 9 nop 8 nob 76 draws 1121 float 616
157 0 1 -1 1.3264502315156905 13.204999885559083 0.26000000000000001 -0.0086 1 0.0095399999999999999 16.034374833106995 0
157 1 6 -1 5.9515727493006638 31.229999771118162 -0.38200000000000001 -0.0104 0.98799999999999999 0.155136 32.435249662399293 0
157 2 1 -1 4.4331363000655974 65.904999427795417 0.44 0.021600000000000001 0.97150000000000003 0.0080999999999999996 65.659115691590301 0.024299999999999999
157 3 6 -1 2.0245819323134224 110.56999885559082 1.6359999999999999 -0.052400000000000002 0.94750000000000001 0.18585599999999999 153.11652343579416 0
157 4 9 -1 4.3807764225057673 197.6949980545044 0.35599999999999998 -0.11600000000000001 0.97250000000000003 0.28799999999999998 340.68532427456199 0
157 5 6 -1 4.782202150464463 296.68999702453613 3.2160000000000002 0.25340000000000001 0.92300000000000004 0.189696 764.03181700219591 0
157 6 6 -1 2.8448866807507573 409.93499576568604 4.2779999999999996 -0.27460000000000001 0.80800000000000005 0.15129599999999999 1571.0247673210729 0.34041599999999994
157 7 6 -1 4.8345620280242931 551.32999427795414 7.6120000000000001 -0.17699999999999999 0.95099999999999996 0.22272 3535.8067334038042 0.50112000000000001
157 8 5 2 0.59341194567807209 0.13400000000000001 0 0 1 0.019799999999999998 0.087091199999999994 0
157 9 0 3 3.5604716740684323 0.51600000000000001 -0.02 -0.0040000000000000001 1 0.0079380000000000006 2.3004512256000003 0
157 10 0 3 0.64577182323790194 0.47000000000000003 -0.02 -0.002 1 0.012852000000000001 4.1131996545024005 0
157 11 3 3 3.0892327760299634 0.56200000000000006 0.02 0 1 0.020789999999999999 6.990123105681409 0
157 12 4 3 0.31415926535897931 1.1020000000000001 -0.059999999999999998 0.01 1 0.018720000000000001 11.230238579946342 0
157 13 4 3 5.4105206811824216 1.54 0.14000000000000001 0.016 1 0.01512 8.4977855377603628 0
157 14 2 3 1.5009831567151235 2.3960000000000004 -0.040000000000000001 -0.014 1 0.017639999999999999 9.9109966965468121 0
157 15 0 4 3.8571776469074681 0.13599999999999998 0 0 1 0.013608 3.1666175999999999 0
157 16 3 4 6.1261056745000966 0.26000000000000001 0 0.002 1 0.025541999999999999 5.036967935999999 0
157 17 8 4 2.3038346126325151 0.622 -0.02 0.002 1 0.024948000000000001 11.033906577407997 0
157 18 1 4 1.7453292519943295 0.85199999999999998 0.080000000000000002 0.0080000000000000002 1 0.0058320000000000004 13.465121357469448 0
157 19 1 4 0.87266462599716477 1.49 -0.040000000000000001 0 1 0.0046979999999999999 14.933677970402588 0
157 20 2 4 2.0071286397934789 2.2959999999999998 0.32000000000000001 0.025999999999999999 1 0.018810000000000004 20.777387805792007 0
157 21 2 4 3.7000980142279785 3.0800000000000001 0.10000000000000001 0.02 1 0.013950000000000001 18.388819303638158 0
157 22 5 4 1.6929693744344996 3.8219999999999996 0.5 0 0.999 0.010728 14.925298568435656 0
157 23 6 4 2.4609142453120048 5.1319999999999997 0.40000000000000002 0.01 1 0.14860800000000002 25.331728454871342 0
157 24 1 4 5.5676003138619112 6.46 -0.16 0.085999999999999993 0.99750000000000005 0.00297 21.917727958773391 0
157 25 6 4 2.7750735106709841 7.7859999999999996 -0.93999999999999995 -0.056000000000000001 0.99750000000000005 0.12038399999999999 20.115537434471818 0
157 26 0 4 5.0963614158234423 9.1899999999999995 -1 0.035999999999999997 0.999 0.011025 32.012947361884919 0
157 27 8 4 5.6374134839416845 10.952 -1.3400000000000001 0.108 0.999 0.021276000000000003 30.307249916173404 0
157 28 5 4 0.75049157835756175 12.751999999999999 0.38 -0.16400000000000001 0.99450000000000005 0.016704 28.252582194829369 0
157 29 1 4 3.1415926535897931 14.789999999999999 2.4399999999999999 -0.17599999999999999 0.99650000000000005 0.0038610000000000003 21.405516189871062 0
157 30 2 4 4.4331363000655974 16.936 -1.5 -0.26400000000000001 0.99250000000000005 0.019350000000000003 28.313981466006869 0
157 31 5 5 5.6199601914217414 1.1819999999999999 0.040000000000000001 -0.0060000000000000001 1 0.016128000000000003 1.7482383360000002 0
157 32 5 5 1.9547687622336491 1.165 -0.080000000000000002 0.012 1 0.00792 4.5271602954240002 0
157 33 8 5 3.9095375244672983 2.0939999999999999 -0.12 -0.016 1 0.025704000000000001 8.8775775800524794 0
157 34 1 5 3.5779249665883754 4.3689999999999998 -0.26000000000000001 -0.017999999999999999 0.999 0.0049950000000000003 10.970381200177025 0
157 35 8 5 1.0122909661567112 5.3700000000000001 -0.68000000000000005 0.0080000000000000002 0.999 0.024732000000000001 10.996580385171127 0
157 36 2 5 0.034906585039886591 9.1769999999999996 0 -0.014 0.997 0.018000000000000002 13.273191780461122 0
157 37 1 5 1.1693705988362009 11.949999999999999 -2.1800000000000002 0.056000000000000001 0.99950000000000006 0.0041850000000000004 10.568214534420195 0
157 38 3 5 3.7699111843077517 16.178999999999998 -0.56000000000000005 -0.064000000000000001 0.99950000000000006 0.023858999999999998 12.502707308138367 0
157 39 2 5 5.9515727493006638 20.634 -1.9199999999999999 0.114 0.995 0.018720000000000001 19.549325963196154 0
157 40 8 5 0.6108652381980153 25.434999999999999 -1.1799999999999999 0.29999999999999999 0.99950000000000006 0.013392000000000001 20.981932760779042 0
157 41 2 5 1.1693705988362009 31.311999999999998 3.8599999999999999 0.104 0.998 0.016649999999999998 16.179278783061775 0
157 42 5 5 4.0840704496667311 37.875 4.9199999999999999 0.46000000000000002 0.97950000000000004 0.0096480000000000003 20.438713944970448 0
157 43 1 5 0.78539816339744828 44.774000000000001 5.2999999999999998 -0.58799999999999997 0.98899999999999999 0.0056430000000000004 16.133678896164781 0
157 44 0 5 3.1415926535897931 52.359000000000002 8.5800000000000001 -0.434 0.99150000000000005 0.014175 23.127943238958622 0
157 45 2 5 3.6302848441482056 61.199999999999996 -2.9399999999999999 -0.312 0.97199999999999998 0.018000000000000002 17.354600328238611 0
157 46 1 5 0.54105206811824214 69.406999999999996 -2.9199999999999999 -0.53000000000000003 0.96550000000000002 0.0042929999999999999 21.055465896772855 0
157 47 1 5 3.595378259108319 78.859999999999999 0.62 -0.68200000000000005 0.98099999999999998 0.00513 24.248086382072149 0
157 48 8 6 0.50614548307835561 0.7360000000000001 0.040000000000000001 -0.0080000000000000002 1 0.022572000000000002 1.6732127232 0
157 49 3 6 0.27925268031909273 0.54000000000000004 -0.02 -0.0040000000000000001 1 0.019998000000000002 4.5014224994304 0
157 50 5 6 1.6406094968746698 1.032 0.10000000000000001 -0.0080000000000000002 1 0.014472 8.3058933991735291 0
157 51 5 6 4.8869219055841224 2.262 -0.080000000000000002 0.014 1 0.011736 7.3956401591913519 0
157 52 0 6 5.742133239061344 2.7700000000000005 -0.28000000000000003 -0.016 1 0.012914999999999999 10.385228963569917 0
157 53 2 6 0.99483767363676789 4.0960000000000001 0 -0.014 0.99950000000000006 0.015750000000000004 8.1164608492395782 0
157 54 4 6 2.6878070480712677 5.9600000000000009 0.69999999999999996 0.062 0.999 0.017100000000000001 12.728666481912519 0
157 55 2 6 3.8746309394274117 7.3720000000000008 -1.1799999999999999 0.002 1 0.021780000000000001 10.087399290870605 0
157 56 8 6 4.9916416607037828 10.002000000000001 0.02 -0.028000000000000001 0.99550000000000005 0.022464000000000001 11.005804497850299 0
157 57 7 6 4.6251225177849733 12.360000000000001 -1.6200000000000001 -0.01 0.99850000000000005 0.018792 17.863246135348373 0
157 58 2 6 0.3490658503988659 14.756000000000002 0.56000000000000005 0.048000000000000001 0.998 0.01332 14.389893256904973 0
157 59 7 6 4.1887902047863905 18.280000000000001 -2.54 0.124 0.99350000000000005 0.016281 18.488369201683046 0
157 60 2 6 0.59341194567807209 21.292000000000002 -2.0800000000000001 -0.064000000000000001 0.99150000000000005 0.02052 13.692693884175974 0
157 61 1 6 5.497787143782138 24.652000000000005 1.8600000000000001 -0.02 0.99150000000000005 0.0044819999999999999 16.957415666564497 0
157 62 2 6 2.5132741228718345 28.940000000000005 -0.17999999999999999 0.14799999999999999 0.99350000000000005 0.021780000000000001 21.648396754604473 0
157 63 7 6 5.7770398241012311 32.966000000000001 2.8799999999999999 0.11 0.997 0.009639 23.804862781862507 0
157 64 8 6 1.8151424220741028 37.370000000000005 3.0600000000000001 0.096000000000000002 0.99099999999999999 0.016092000000000002 12.732665595871065 0
157 65 2 7 2.7750735106709841 1.03 -0.02 -0.002 1 0.018179999999999998 2.8451143679999999 0
157 66 8 7 3.6826447217080354 0.96999999999999997 -0.080000000000000002 0.014 1 0.013932000000000002 7.1540885422080001 0
157 67 2 7 4.0142572795869578 1.45 0.16 -0.0040000000000000001 1 0.02043 12.618718569824257 0
157 68 2 7 3.3859387488689991 2.8900000000000001 0.12 -0.032000000000000001 0.999 0.01512 17.323303757135811 0
157 69 1 7 2.3038346126325151 4.3300000000000001 0.47999999999999998 -0.0060000000000000001 1 0.0066150000000000002 13.466867441753985 0
157 70 2 7 2.3038346126325151 6.2000000000000002 -0.76000000000000001 -0.064000000000000001 1 0.01899 16.433767971032854 0
157 71 8 7 0.64577182323790194 8.8499999999999996 0.14000000000000001 0.043999999999999997 1 0.028728000000000004 24.918735471688169 0
157 72 8 7 4.3633231299858242 11.449999999999999 -0.040000000000000001 -0.0040000000000000001 1 0.016308 21.640102929845398 0
157 73 4 7 3.5604716740684323 14.470000000000001 -1.26 -0.066000000000000003 0.99850000000000005 0.02061 24.439761318592222 0
157 74 5 7 4.0317105721069009 18.670000000000002 -1.74 0.045999999999999999 0.99950000000000006 0.013104000000000001 31.894698055833775 0
157 75 7 7 4.7123889803846897 22.620000000000001 0.40000000000000002 0.36199999999999999 0.99350000000000005 0.018386999999999997 24.999567936658128 0
# rec 158 class 9 nop 17 nob 80 draws 1310 float 657
158 0 9 -1 5.6548667764616276 17.639999942779539 -0.091999999999999998 0.016400000000000001 0.99650000000000005 0.30299999999999999 15.843149907588959 0
158 1 6 -1 4.6600291028248595 25.869999885559082 -0.17799999999999999 -0.0060000000000000001 0.999 0.12979199999999999 35.090533295321464 0.19468799999999997
158 2 9 -1 6.0213859193804371 53.859999713897707 0.23599999999999999 0.052600000000000001 0.996 0.29849999999999999 75.290441397340615 0.89549999999999996
158 3 0 -1 4.5727626402251431 104.27999942779542 0.318 -0.0032000000000000002 0.98899999999999999 0.016799999999999999 147.27907061354477 0
158 4 9 -1 2.0420352248333655 175.68999902725218 0.021999999999999999 0.2356 0.96799999999999997 0.32700000000000001 317.9689550449159 0
158 5 9 -1 3.2637657012293961 260.74999851226806 1.6020000000000001 -0.20039999999999999 0.94499999999999995 0.22799999999999998 767.67937565630382 0
158 6 9 -1 1.9024088846738192 363.16999788284301 -2.3140000000000001 -0.086199999999999999 0.85150000000000003 0.34199999999999997 1605.2102806315293 0
158 7 6 -1 0.69813170079773179 496.88999713897704 -1.48 0.67720000000000002 0.89000000000000001 0.18124799999999999 2789.9462508383017 0
158 8 6 -1 1.2042771838760873 645.78999628067015 4.798 -0.85160000000000002 0.85550000000000004 0.189696 6370.8064952475852 0
158 9 9 -1 1.7802358370342162 814.03999530792237 -0.22 -0.1074 0.85999999999999999 0.32400000000000001 8785.9884706488356 0.48599999999999999
158 10 9 -1 1.6406094968746698 998.41999422073366 9.484 0.96599999999999997 0.8155 0.28349999999999997 10461.820739304909 0.63787499999999997
158 11 9 -1 5.6025068989017974 1202.869993019104 20.850000000000001 -1.0054000000000001 0.754 0.33749999999999997 13539.816419258888 0.50624999999999998
158 12 9 -1 2.3387411976724017 1424.6399917030335 -2.9260000000000002 0.91339999999999999 0.60399999999999998 0.222 16701.580737742715 0.4995
158 13 9 -1 5.026548245743669 1673.449990272522 -13.962 1.3386 0.54249999999999998 0.19650000000000001 21545.414038160132 0.58950000000000002
158 14 1 -1 1.3613568165555769 1933.4999887275696 -8.2899999999999991 1.1328 0.92449999999999999 0.0086400000000000001 21865.058044379213 0
158 15 6 -1 2.6703537555513241 2217.9099870681762 -15.657999999999999 -2.9382000000000001 0.55300000000000005 0.11059200000000001 31917.350445373497 0.24883200000000003
158 16 9 -1 1.0995574287564276 2527.3299852943419 -11.970000000000001 3.2126000000000001 0.97350000000000003 0.28649999999999998 40346.258847228914 0.85949999999999993
158 17 8 2 6.0388392119003802 0.28800000000000003 0 0.002 1 0.020412 3.0566400000000002 0
158 18 3 2 3.1415926535897931 0.22500000000000001 -0.02 0.002 1 0.017325 6.8155430399999997 0
158 19 1 2 4.5902159327450871 0.40600000000000003 -0.02 -0.002 1 0.0057239999999999999 13.953149717759999 0
158 20 5 2 2.1816615649929121 0.74099999999999999 0 -0.012 1 0.014760000000000002 18.563772095406488 0
158 21 1 2 3.7000980142279785 1.1799999999999999 0.080000000000000002 -0.0080000000000000002 1 0.0068310000000000003 19.336920009680398 0
158 22 1 3 2.2514747350726849 0.308 -0.02 -0.002 1 0.0072630000000000012 0.17439744000000001 0
158 23 6 4 4.9392817831439526 0.314 -0.02 0 1 0.085823999999999998 5.4077951999999998 0
158 24 8 4 2.8448866807507573 0.26000000000000001 -0.02 -0.002 1 0.0135 8.6724292607999995 0
158 25 2 4 3.9968039870670147 0.41800000000000004 -0.02 -0.0040000000000000001 1 0.018630000000000001 14.576127919718397 0
158 26 2 4 3.473205211468716 0.84800000000000009 -0.040000000000000001 0.0080000000000000002 1 0.020880000000000003 20.695468444745853 0
158 27 4 4 1.7976891295541595 1.3500000000000001 0.02 -0.014 1 0.019350000000000003 25.783184764117919 0
158 28 3 4 5.497787143782138 1.8240000000000001 -0.10000000000000001 -0.0080000000000000002 1 0.024353999999999997 20.550695751572576 0
158 29 1 4 2.4434609527920612 2.6100000000000003 0.040000000000000001 0.012 1 0.0055890000000000002 28.479358911714844 0
158 30 5 4 5.1836278784231586 3.6180000000000003 -0.29999999999999999 0.024 0.99950000000000006 0.018432 34.875413269453382 0
158 31 2 5 4.6251225177849733 0.048000000000000001 0 0 1 0.015570000000000001 2.8191744000000001 0
158 32 8 5 4.9916416607037828 0.059999999999999998 0 0 1 0.029592 5.0720157695999992 0
158 33 0 5 1.5707963267948966 0.096000000000000002 0 0 1 0.0080640000000000017 7.8585720532991994 0
158 34 2 5 5.3930673886624785 0.14599999999999999 0 0 1 0.015300000000000001 9.1905479141087962 0
158 35 0 5 6.0737457969402664 0.23000000000000001 0 0 1 0.0078750000000000018 10.837173488875793 0
158 36 2 6 5.9341194567807207 0.064000000000000001 0 0 1 0.024210000000000002 4.7890944000000006 0
158 37 8 6 3.5081117965086026 0.070000000000000007 0 0 1 0.023543999999999999 8.1766914048000015 0
158 38 6 6 0.69813170079773179 0.13800000000000001 0 0 1 0.10483200000000001 19.1470979284992 0
158 39 8 6 4.2236967898262776 0.19800000000000001 0 0 1 0.0189 20.190986607794059 0
158 40 4 6 0.83775804095727824 0.34000000000000002 0.02 0 1 0.018179999999999998 25.020526046341985 0
158 41 6 6 0.24434609527920614 0.44400000000000001 -0.02 -0.0040000000000000001 1 0.14112 18.148087410094551 0
158 42 2 6 4.3284165449459371 0.62 0.02 -0.0060000000000000001 1 0.021329999999999998 31.875701789795265 0
158 43 6 6 2.4434609527920612 0.83799999999999997 0.14000000000000001 0 1 0.097920000000000007 28.086623495947521 0
158 44 1 6 1.0471975511965976 1.1080000000000001 -0.02 -0.0040000000000000001 1 0.005535 36.333850371118636 0
158 45 2 6 1.3613568165555769 1.3700000000000001 0.059999999999999998 0 1 0.02232 30.187204688300451 0
158 46 5 7 0.47123889803846897 2.1539999999999999 0.17999999999999999 0.012 0.99950000000000006 0.011808000000000001 2.0044578816 0
158 47 2 7 3.5255650890285457 1.8300000000000001 -0.059999999999999998 -0.021999999999999999 0.99950000000000006 0.022680000000000002 4.2984856879104001 0
158 48 8 8 5.2883476335428181 0.52400000000000002 0.080000000000000002 0.0060000000000000001 1 0.012204000000000001 2.6806321152000003 0
158 49 8 8 0.50614548307835561 0.255 0 0 1 0.020412 6.3144037711871999 0
158 50 0 8 1.1868238913561442 0.75800000000000001 -0.040000000000000001 0.0040000000000000001 1 0.013986 10.223714494316544 0
158 51 0 8 2.5132741228718345 1.3230000000000002 -0.059999999999999998 0.0060000000000000001 1 0.013482000000000001 10.208542273544085 0
158 52 4 9 0.087266462599716474 1.8679999999999999 -0.10000000000000001 0 1 0.020160000000000001 4.3047936 0
158 53 1 9 2.6529004630313811 1.52 0.12 -0.002 1 0.0053460000000000001 10.235364249600002 0
158 54 4 9 2.1467549799530254 3.286 -0.12 -0.01 0.99950000000000006 0.01404 17.080245074534407 0
158 55 7 9 3.7873644768276953 5.0859999999999994 0.059999999999999998 0.0080000000000000002 0.999 0.011258999999999998 20.757724245802677 0
158 56 7 9 5.7770398241012311 7.5699999999999994 1.02 0.104 1 0.011663999999999999 18.698470905272565 0
158 57 2 9 6.003932626860494 10.827999999999999 -0.73999999999999999 -0.080000000000000002 0.99950000000000006 0.02061 20.428328002691877 0
158 58 7 9 0.87266462599716477 15.09 -0.34000000000000002 0.014 0.99450000000000005 0.011663999999999999 33.535679174432424 0
158 59 7 9 4.4680428851054836 19.326000000000001 -0.26000000000000001 -0.075999999999999998 0.99150000000000005 0.013122 42.713689226209844 0
158 60 7 9 5.5501470213419681 24.085999999999999 -0.81999999999999995 0.034000000000000002 0.99399999999999999 0.019035 25.988211025796353 0
158 61 5 10 2.5830872929516078 1.6040000000000001 0.16 0.024 1 0.014832000000000001 2.9611008000000001 0
158 62 2 10 5.1138147083433854 2.8799999999999999 0 -0.01 0.99950000000000006 0.0135 6.0495289344000005 0
158 63 4 10 3.961897402027128 3.258 -0.29999999999999999 -0.0040000000000000001 0.999 0.018720000000000001 16.8609992656896 0
158 64 6 10 2.6529004630313811 5.6680000000000001 0.059999999999999998 -0.048000000000000001 0.99950000000000006 0.15667200000000001 12.316709702877512 0
158 65 7 10 5.5501470213419681 8.7200000000000006 -0.59999999999999998 0.058000000000000003 0.998 0.013850999999999999 17.577281988773947 0
158 66 7 10 6.1959188445798699 12.464 -0.38 -0.10000000000000001 1 0.013689 19.50928062608131 0
158 67 7 10 5.4454272662223078 16.940000000000001 -2.52 0.16600000000000001 0.999 0.020573999999999999 24.565232793021949 0
158 68 7 10 5.0789081233034992 22.588000000000001 3.6400000000000001 -0.186 0.98850000000000005 0.014903999999999999 15.841726984692842 0
158 69 7 10 0.4014257279586958 30.878 1.8200000000000001 -0.22600000000000001 0.98699999999999999 0.011745 26.991816125098385 0
158 70 7 10 4.9043751981040664 37.350000000000001 -0.34000000000000002 -0.012 0.98850000000000005 0.014418 29.692496788282277 0
158 71 7 10 5.5152404363020811 45.414000000000001 -6.7199999999999998 -0.34599999999999997 0.995 0.013689 33.114786200264014 0
158 72 7 10 0.43633231299858238 55.369999999999997 6 -0.33400000000000002 0.99199999999999999 0.008990999999999999 26.27302227182312 0
158 73 7 10 5.5850536063818543 64.597999999999999 6.1399999999999997 0.57999999999999996 0.995 0.013041000000000001 33.358275686603207 0
158 74 7 10 5.9166661642607767 75.278000000000006 2.8399999999999999 0.49199999999999999 0.98650000000000004 0.015389999999999997 24.770201073432965 0
158 75 7 10 1.3788101090755203 86.969999999999999 -0.22 -1.294 0.98950000000000005 0.013689 38.286565300015667 0
158 76 7 10 4.3807764225057673 100.17400000000001 -10.800000000000001 -0.20399999999999999 0.96699999999999997 0.012312 28.937779345425859 0
158 77 7 10 0.33161255787892263 113.69 -1.8999999999999999 -0.52000000000000002 0.97899999999999998 0.010367999999999999 34.40283196678854 0
158 78 8 11 3.8571776469074681 6.4319999999999995 0.40000000000000002 0.089999999999999997 0.998 0.02214 3.4559999999999995 0
158 79 0 11 2.5656340004316642 5.1749999999999998 -0.81999999999999995 -0.032000000000000001 0.998 0.010521000000000001 6.8351039999999994 0
# rec 159 class 5 nop 2 nob 2 draws 38 float 18
159 0 4 -1 6.0213859193804371 4.6010001373291018 0.016 0.00020000000000000001 1 0.031079999999999997 6.4357702064514166 0
159 1 4 -1 3.4557519189487724 12.762000274658202 -0.059999999999999998 -0.0070000000000000001 0.996 0.024 15.009272101478578 0
# rec 160 class 2 nop 2 nob 2 draws 38 float 18
160 0 4 -1 5.6548667764616276 21.009999871253967 0.014 0.001 1 0.024719999999999999 30.757919683456421 0
160 1 1 -1 1.1868238913561442 25.419999742507933 -0.021999999999999999 -0.001 0.99950000000000006 0.0054719999999999994 64.694980614194876 0
# rec 161 class 7 nop 1 nob 1 draws 19 float 9
161 0 9 -1 1.9722220547535925 131.28000097274781 -0.106 0.0014 0.998 0.30599999999999999 235.95858337640763 0.91799999999999993
# rec 162 class 1 nop 7 nob 36 draws 542 float 295
162 0 4 -1 0.36651914291880922 87.66400146484375 0.40799999999999997 0.1532 0.97750000000000004 0.033360000000000001 114.46624267578125 0.10008
162 1 4 -1 3.0194196059501901 163.22800292968751 1.0860000000000001 0.14899999999999999 0.92400000000000004 0.0246 204.02062044921874 0.055350000000000003
162 2 1 -1 1.0821041362364843 356.52000732421874 -1.998 0.31819999999999998 0.92349999999999999 0.0077399999999999995 368.36929990833988 0
162 3 6 -1 5.3058009260627621 668.13001464843751 -6.2560000000000002 0.51839999999999997 0.66400000000000003 0.13670399999999999 848.26948938892792 0.30758399999999997
162 4 6 -1 1.9198621771937625 1101.5180249023438 11.862 0.79100000000000004 0.94950000000000001 0.152064 1652.6821801025835 0.342144
162 5 8 -1 1.3264502315156905 1691.2940380859375 -25.564 1.2178 0.77400000000000002 0.038159999999999999 2877.4246077605094 0
162 6 6 -1 4.7298422729046328 2345.6780541992189 22.800000000000001 -3.4742000000000002 0.875 0.11212799999999999 6835.9970665412575 0.16819199999999998
162 7 8 3 0 0.62 -0.040000000000000001 0 1 0.019440000000000002 2.2467575807999998 0
162 8 0 3 5.9690260418206069 0.84999999999999998 0.059999999999999998 -0.01 1 0.014426999999999999 4.9197761691647992 0
162 9 5 3 3.2637657012293961 1.28 0.059999999999999998 0.021999999999999999 1 0.012816000000000001 10.021971723760434 0
162 10 5 3 1.7627825445142729 2.0800000000000001 -0.040000000000000001 0.01 0.99950000000000006 0.013392000000000001 12.061826015724733 0
162 11 5 4 5.9341194567807207 1.3499999999999999 0.02 0.002 1 0.017423999999999999 1.8529910784000001 0
162 12 5 4 0.47123889803846897 1.4199999999999999 -0.02 0.016 1 0.013032 2.6899824771072001 0
162 13 8 4 3.7699111843077517 1.53 0.20000000000000001 -0.014 1 0.024192000000000002 6.6451381816393731 0
162 14 3 4 0.26179938779914941 3.02 0.12 0 0.999 0.021977999999999998 6.8131667303791703 0
162 15 5 4 5.7072266540214578 4.4699999999999998 0.47999999999999998 -0.032000000000000001 0.999 0.0094319999999999994 8.4285649187474032 0
162 16 1 4 2.1816615649929121 6.1600000000000001 -0.38 0 0.99950000000000006 0.0061289999999999999 9.5807238090942697 0
162 17 0 4 2.7576202181510405 8.5399999999999991 -0.76000000000000001 0.029999999999999999 0.997 0.010647 11.199664855588855 0
162 18 2 4 1.9547687622336491 11.109999999999999 -0.68000000000000005 -0.11 0.996 0.011970000000000001 13.11869406570603 0
162 19 8 6 5.5850536063818543 0.18800000000000003 0 0 1 0.024192000000000002 1.0448535552 0
162 20 4 6 1.2217304763960306 0.12000000000000002 0 0 1 0.024030000000000003 2.5445743460351995 0
162 21 1 6 2.1816615649929121 0.35600000000000004 0.02 0 1 0.0056970000000000007 3.3313537577189374 0
162 22 5 6 5.6723200689815707 0.63600000000000001 0.02 0 1 0.010728 4.8819858769453237 0
162 23 4 6 2.4085543677521746 0.98000000000000009 0.059999999999999998 -0.0080000000000000002 1 0.013950000000000001 6.8156428430858274 0
162 24 2 6 1.9373154697137058 1.528 -0.17999999999999999 -0.014 1 0.024299999999999999 6.5686747190197314 0
162 25 5 6 3.7000980142279785 2.04 -0.14000000000000001 -0.016 1 0.016848000000000002 5.5447284000090358 0
162 26 0 6 4.4680428851054836 2.8360000000000003 -0.17999999999999999 -0.025999999999999999 1 0.012096000000000001 8.9691380363951012 0
162 27 8 6 5.5676003138619112 3.6160000000000001 -0.17999999999999999 -0.034000000000000002 1 0.017927999999999999 7.0746851477353516 0
162 28 5 6 5.532693728822025 4.4800000000000004 -0.85999999999999999 0.080000000000000002 0.998 0.016200000000000003 9.7637542562912856 0
162 29 0 6 3.0892327760299634 5.4780000000000006 0.28000000000000003 0.0040000000000000001 0.99950000000000006 0.0095760000000000012 8.9869103024090844 0
162 30 1 6 0.26179938779914941 6.3900000000000006 -0.28000000000000003 0.02 0.999 0.0062370000000000004 12.11445996753101 0
162 31 7 6 5.3407075111026483 7.7160000000000011 0 -0.070000000000000007 0.998 0.020978999999999998 12.749195396903707 0
162 32 2 6 6.1610122595399837 9.016 0.68000000000000005 0.14799999999999999 0.99750000000000005 0.01755 10.476520424292007 0
162 33 1 6 0.41887902047863912 10.430000000000001 -1.04 -0.014 0.996 0.0044550000000000006 10.223068850844832 0
162 34 1 6 1.0821041362364843 11.978000000000002 -1.3799999999999999 0.035999999999999997 0.99550000000000005 0.0062910000000000006 10.463055392118417 0
162 35 7 6 4.0840704496667311 13.520000000000001 -0.17999999999999999 -0.075999999999999998 1 0.011583 13.605378074138377 0
# rec 163 class 1 nop 13 nob 59 draws 901 float 485
163 0 4 -1 3.8920842319473548 107.54700164794922 -0.308 0.1192 0.95850000000000002 0.023040000000000001 132.39954299926757 0
163 1 5 -1 0.38397243543875248 186.63400329589842 1.546 -0.17119999999999999 0.96599999999999997 0.019199999999999998 272.92153122253416 0
163 2 3 -1 4.4156830075456535 430.71500823974611 -1.0680000000000001 -0.17100000000000001 0.95199999999999996 0.030755999999999999 482.86109258000789 0
163 3 9 -1 0.4537856055185257 730.4600164794922 0.071999999999999995 -0.0872 0.75800000000000001 0.35099999999999998 1173.9637981847795 1.0529999999999999
163 4 9 -1 0.069813170079773182 1258.7790280151366 -11.492000000000001 -0.8498 0.47849999999999998 0.29099999999999998 2744.5224464405965 0.4365
163 5 5 -1 6.0562925044203233 1920.6620428466797 14.571999999999999 2.7816000000000001 0.23050000000000001 0.014688 4494.257033726476 0
163 6 5 -1 6.1086523819801535 2732.8990609741213 11.198 2.4136000000000002 0.105 0.023231999999999999 10270.165788211267 0
163 7 1 -1 3.4906585039886591 3699.2100823974611 25.978000000000002 2.1301999999999999 -0.77749999999999997 0.0073439999999999998 21287.415471236542 0.011016
163 8 1 -1 0.57595865315812877 4747.045107116699 -0.90800000000000003 0.61419999999999997 -0.125 0.0067320000000000001 44708.909112716727 0
163 9 2 -1 5.6897733615015147 6037.1941351318355 2.4940000000000002 -0.78600000000000003 -0.88949999999999996 0.016559999999999998 47868.400432841285 0
163 10 4 -1 4.2586033748661638 7393.8471664428707 -4.6399999999999997 -0.39660000000000001 -0.99050000000000005 0.02316 60365.211650452882 0
163 11 8 -1 2.2689280275926285 8912.3842010498047 0.51400000000000001 1.0666 0.53849999999999998 0.028223999999999999 78507.715901734904 0
163 12 7 -1 1.4137166941154069 10619.275238952636 9.5079999999999991 1.0700000000000001 -4.0484999999999998 0.025271999999999999 97137.035689376688 0
163 13 1 2 1.7627825445142729 0.56200000000000017 0.02 0.0080000000000000002 1 0.0063449999999999999 0.48146672639999999 0
163 14 1 3 3.9269908169872414 0.27199999999999996 0.02 -0.002 1 0.0054000000000000003 4.3804800000000004 0
163 15 4 3 6.1086523819801535 0.29499999999999998 -0.02 0 1 0.019799999999999998 6.1580563200000009 0
163 16 2 3 6.1086523819801535 0.52399999999999991 0 -0.002 1 0.023310000000000001 16.32403124352 0
163 17 1 3 3.1590459461097367 0.87899999999999989 0.02 0 1 0.0066960000000000006 18.87613449690609 0
163 18 3 3 3.1590459461097367 1.47 -0.20000000000000001 -0.017999999999999999 1 0.016038 15.693115310213674 0
163 19 8 3 6.0737457969402664 2.0569999999999999 0 -0.0060000000000000001 0.99950000000000006 0.025596000000000001 18.179135839626028 0
163 20 1 3 5.1487212933832724 2.9399999999999999 -0.059999999999999998 0.01 0.999 0.0053730000000000002 29.266633065274032 0
163 21 2 3 1.2217304763960306 3.8489999999999998 -0.10000000000000001 -0.017999999999999999 1 0.022950000000000002 34.720636875176226 0
163 22 0 3 5.4803338512621949 5.0439999999999996 -0.059999999999999998 -0.0040000000000000001 0.999 0.013419 30.843506245987502 0
163 23 3 3 4.5029494701453698 6.2449999999999992 0.73999999999999999 0.068000000000000005 1 0.020195999999999999 27.925466441939509 0
163 24 5 3 4.8869219055841224 7.4919999999999991 0.02 0.12 0.99750000000000005 0.010944000000000001 40.130105698308761 0
163 25 0 3 5.7072266540214578 8.9450000000000003 -0.059999999999999998 0.062 0.99850000000000005 0.0098910000000000005 34.642459848818788 0
163 26 1 3 4.6949356878647466 10.773999999999999 0.46000000000000002 0.034000000000000002 0.99750000000000005 0.0047790000000000003 28.946122355859014 0
163 27 2 3 3.2288591161895095 12.629 0.35999999999999999 -0.126 0.996 0.01179 37.094210289217379 0
163 28 8 3 5.3930673886624785 14.579999999999998 -0.62 -0.024 0.99550000000000005 0.0135 25.047679676135683 0
163 29 1 3 3.5430183815484888 16.887 -0.26000000000000001 -0.29799999999999999 0.99299999999999999 0.0035639999999999999 41.850073466606332 0
163 30 4 3 5.3407075111026483 18.939999999999998 2.96 0.188 0.99850000000000005 0.01908 39.543513807270635 0
163 31 3 3 0.85521133347722145 21.358999999999998 -0.10000000000000001 0.14799999999999999 0.99150000000000005 0.022175999999999998 36.446079785869465 0
163 32 2 3 4.4680428851054836 23.863999999999997 -0.40000000000000002 0.0080000000000000002 0.99099999999999999 0.01719 46.443709057421259 0
163 33 2 4 0.6108652381980153 4.2700000000000005 0.5 0.014 0.999 0.01602 3.5534592000000003 0
163 34 1 4 5.9690260418206069 2.5 0.14000000000000001 -0.01 1 0.0071009999999999997 7.7367895296000002 0
163 35 2 4 5.7072266540214578 5.9199999999999999 -0.32000000000000001 -0.066000000000000003 0.99850000000000005 0.0126 16.2462827254272 0
163 36 4 4 0.10471975511965978 12.360000000000001 1.24 -0.037999999999999999 0.995 0.020880000000000003 18.559275306376481 0
163 37 0 4 0.52359877559829882 14.4 0.059999999999999998 -0.25800000000000001 0.998 0.017136000000000002 16.946284957286714 0
163 38 1 4 4.4680428851054836 23.200000000000003 1.52 -0.11799999999999999 0.995 0.005751 19.590924106892452 0
163 39 6 4 0.24434609527920614 32.039999999999999 -0.71999999999999997 0.14000000000000001 0.98850000000000005 0.077184000000000003 30.931949184826738 0
163 40 2 4 5.3232542185827052 41.580000000000005 0.059999999999999998 0.63 0.97750000000000004 0.01737 20.575163071206049 0
163 41 3 4 3.7000980142279785 54.360000000000007 2.04 0.48999999999999999 0.97999999999999998 0.020987999999999996 21.514335764081675 0
163 42 5 4 5.2534410485029319 66.660000000000011 -1.6000000000000001 -0.17000000000000001 0.99299999999999999 0.016775999999999999 31.385508781197899 0
163 43 0 4 2.6179938779914944 82.010000000000005 -1.8999999999999999 0.068000000000000005 0.98399999999999999 0.01323 33.534813264346305 0
163 44 1 4 2.4434609527920612 100.7 3.1200000000000001 0.92000000000000004 0.99650000000000005 0.0062100000000000002 28.949535932253848 0
163 45 1 4 1.8675022996339325 118.74000000000001 4.0999999999999996 0.20599999999999999 0.999 0.0073709999999999999 30.519932554188593 0
163 46 1 4 3.473205211468716 139.80000000000001 -18.34 -0.41799999999999998 0.99750000000000005 0.0061020000000000007 25.220501243978905 0
163 47 5 4 5.3930673886624785 161.88 -6.7199999999999998 -0.68400000000000005 0.99250000000000005 0.012528000000000001 32.809884542490707 0
163 48 0 4 1.2391837689159739 182.37 30.960000000000001 1.6319999999999999 0.97199999999999998 0.01008 34.959963245067037 0
163 49 4 4 1.7453292519943295 208.19 4.2800000000000002 1.248 0.91349999999999998 0.01341 48.66343753591358 0
163 50 6 4 3.12413936106985 232.88000000000002 19.760000000000002 4.3879999999999999 0.91749999999999998 0.10656 41.231715993947695 0
163 51 8 4 4.6425758103049164 262.49000000000001 -23.120000000000001 -1.21 0.98050000000000004 0.019331999999999998 29.166163179477913 0
163 52 1 5 3.351032163829113 4.6120000000000001 -0.40000000000000002 0 0.99950000000000006 0.0057780000000000001 0.25098854400000004 0
163 53 5 6 1.9198621771937625 5.4199999999999999 0.26000000000000001 -0.012 0.998 0.008352 0.3889594368 0
163 54 1 9 4.9916416607037828 2.0640000000000001 -0.29999999999999999 0.012 0.99950000000000006 0.0037799999999999999 0.13459968 0
163 55 1 9 3.6826447217080354 1.855 -0.29999999999999999 0.032000000000000001 0.99950000000000006 0.004725 0.25334097408 0
163 56 1 11 0.17453292519943295 3.6100000000000003 0.56000000000000005 0.017999999999999999 0.99950000000000006 0.0049410000000000001 0.32188907519999999 0
163 57 5 11 1.7802358370342162 4.0250000000000004 0.17999999999999999 0.053999999999999999 0.99850000000000005 0.01908 0.71048252620800001 0
163 58 1 11 0.017453292519943295 4.8900000000000006 0.14000000000000001 -0.0060000000000000001 0.999 0.0056160000000000003 1.3755214969896961 0
# rec 164 class 6 nop 0 nob 0 draws 1 float 0
# rec 165 class 0 nop 8 nob 11 draws 200 float 96
165 0 2 -1 4.9043751981040664 26.887999668121338 -0.252 -0.0252 0.99299999999999999 0.023519999999999999 25.202159528732299 0.035279999999999999
165 1 1 -1 1.4137166941154069 50.285999336242675 -0.28399999999999997 0.0033999999999999998 0.98750000000000004 0.0070920000000000002 64.149908160428993 0
165 2 0 -1 6.1435589670200397 101.83999834060668 0.14999999999999999 0.0722 0.95150000000000001 0.016715999999999998 131.6577983195854 0.050147999999999998
165 3 1 -1 1.064650843716541 182.43999668121339 -2.4039999999999999 0.021000000000000001 0.9335 0.0065880000000000001 282.41477836847878 0
165 4 4 -1 3.5255650890285457 317.95599435806275 -1.97 -0.21640000000000001 0.90400000000000003 0.033480000000000003 494.6283094687596 0
165 5 6 -1 2.2514747350726849 466.37799137115479 -3.9780000000000002 -0.21060000000000001 0.89949999999999997 0.21503999999999998 1136.5620463418966 0.32255999999999996
165 6 1 -1 6.0737457969402664 673.87598772048955 0.98599999999999999 -0.26540000000000002 0.76949999999999996 0.0079919999999999991 1945.6113046716405 0
165 7 1 -1 5.5152404363020811 899.41998340606688 -6.9260000000000002 0.114 0.77500000000000002 0.0078119999999999995 4820.8027949513962 0
165 8 1 2 3.351032163829113 0.32000000000000001 -0.02 0.0040000000000000001 1 0.0072360000000000002 0.1333000704 0
165 9 5 3 5.2359877559829888 0.77000000000000002 0.080000000000000002 0 1 0.019944 0.071508787200000007 0
165 10 1 4 0.017453292519943295 0.33400000000000002 0 0.002 1 0.0066960000000000006 0.47439820800000004 0
# rec 166 class 6 nop 0 nob 0 draws 1 float 0
# rec 167 class 5 nop 1 nob 1 draws 19 float 9
167 0 2 -1 1.2391837689159739 5.3209998226165771 -0.029999999999999999 -0.00059999999999999995 1 0.025319999999999999 6.4221297049522397 0
# rec 168 class 2 nop 7 nob 7 draws 131 float 63
168 0 1 -1 2.7576202181510405 16.969999778270722 0.017999999999999999 -0.00040000000000000002 1 0.0068399999999999997 35.794799458980556 0
168 1 8 -1 4.0491638646268449 42.439999556541437 0.021999999999999999 0.0051999999999999998 1 0.032544000000000003 66.224682199048985 0
168 2 2 -1 3.8920842319473548 74.249998891353613 -0.029999999999999999 -0.0074000000000000003 0.99850000000000005 0.026159999999999999 153.84203436275905 0
168 3 2 -1 4.2236967898262776 155.49999778270723 0.124 0.0035999999999999999 0.99850000000000005 0.020759999999999997 260.17369660882827 0.062279999999999988
168 4 6 -1 6.2308254296197561 256.48999623060229 -0.124 -0.0011999999999999999 0.99750000000000005 0.17049600000000001 559.59645373464537 0
168 5 9 -1 0.13962634015954636 391.81999423503873 -0.378 0.033799999999999997 0.995 0.26700000000000002 1102.4893974494812 0
168 6 4 -1 5.7072266540214578 556.08999179601665 -0.28799999999999998 0.078799999999999995 0.99650000000000005 0.024119999999999999 2270.4548487398047 0
# rec 169 class 3 nop 0 nob 0 draws 1 float 0
# rec 170 class 8 nop 5 nob 20 draws 307 float 165
170 0 4 -1 3.6651914291880923 25.354999370574951 -0.312 0.0112 0.999 0.018960000000000001 57.725997734069828 0.042660000000000003
170 1 10 -1 3.839724354387525 38.909998741149906 0.53200000000000003 3.1000000000000001 0.98199999999999998 15.239999999999998 669.05714173736578 0
170 2 10 -1 2.7576202181510405 95.754996852874754 -0.17599999999999999 4.3999999999999995 0.97399999999999998 12.779999999999999 4675.1569591411253 0
170 3 6 -1 4.2935099599060509 162.45999370574953 -0.38600000000000001 0.035400000000000001 0.97799999999999998 0.12134399999999999 5258.9960530399567 0
170 4 10 -1 0.12217304763960307 273.93498929977414 1.242 21.260000000000002 0.86399999999999999 12.360000000000001 65272.040423085607 27.810000000000002
170 5 6 1 4.4680428851054836 0.246 0 0.002 1 0.083520000000000011 225.50323200000003 0
170 6 6 1 5.3058009260627621 0.155 0 0 1 0.15264 437.39824128000004 0
170 7 6 2 3.3859387488689991 0.086000000000000007 0 0 1 0.12556800000000001 166.85568000000001 0
170 8 1 2 3.12413936106985 0.13 0 0 1 0.0040500000000000006 319.53517056000004 0
170 9 5 2 1.2391837689159739 0.16200000000000001 0 0 1 0.015047999999999999 714.97233561600001 0
170 10 6 2 0.31415926535897931 0.35199999999999998 0 -0.002 1 0.07776000000000001 665.13746387386368 0
170 11 0 2 2.0594885173533091 0.52000000000000002 -0.02 0.002 1 0.015687000000000003 553.78426999267401 0
170 12 1 4 6.0213859193804371 0.58400000000000007 0.059999999999999998 0 1 0.0070740000000000004 148.55731200000002 0
170 13 1 4 0.15707963267948966 1.0350000000000001 -0.17999999999999999 -0.0040000000000000001 1 0.00513 246.33254553600005 0
170 14 9 4 0.27925268031909273 1.5880000000000001 0.080000000000000002 -0.016 1 0.14962500000000001 684.1820497720322 0
170 15 5 4 1.3788101090755203 3.8230000000000004 0.20000000000000001 0.002 1 0.019584000000000001 579.3021295998833 0
170 16 1 4 1.2566370614359172 5.04 -0.59999999999999998 -0.032000000000000001 0.99950000000000006 0.0042120000000000005 802.67147737005746 0
170 17 4 4 1.7453292519943295 8.2090000000000014 0.35999999999999999 0.114 0.998 0.021780000000000001 818.65934014462766 0
170 18 1 4 5.6199601914217414 10.940000000000001 0.16 0.085999999999999993 0.99750000000000005 0.0064530000000000004 1081.8286155663577 0
170 19 0 4 3.2288591161895095 14.323 -1.0800000000000001 0.078 0.99450000000000005 0.014553 986.90219229811066 0
# rec 171 class 7 nop 1 nob 1 draws 19 float 9
171 0 9 -1 0.33161255787892263 72.830000972747811 -0.043999999999999997 -0.0050000000000000001 0.99850000000000005 0.25650000000000001 242.21133366823196 0
# rec 172 class 11 nop 0 nob 0 draws 1 float 0
# rec 173 class 0 nop 12 nob 47 draws 734 float 388
173 0 2 -1 2.9146998508305302 34.822999954223633 0.24399999999999999 -0.0104 0.98499999999999999 0.017159999999999998 32.384439926147465 0
173 1 5 -1 2.3736477827122884 42.355999908447266 0.17999999999999999 0.025000000000000001 0.99350000000000005 0.024192000000000002 64.259293293457034 0
173 2 9 -1 5.8119464091411173 106.54499977111817 -0.61199999999999999 -0.088800000000000004 0.95699999999999996 0.2505 168.21766195430052 0
173 3 2 -1 2.6354471705114375 211.56999954223633 3.8940000000000001 0.2198 0.95350000000000001 0.023519999999999999 303.68609020936805 0.052919999999999995
173 4 3 -1 0.76794487087750496 352.78099922180178 -5.3959999999999999 -0.33500000000000002 0.879 0.036959999999999993 627.88859217517927 0
173 5 8 -1 5.6897733615015147 539.52799880981445 -2.766 0.28860000000000002 0.86350000000000005 0.027215999999999997 1311.0638885959809 0
173 6 9 -1 5.6374134839416845 758.45099830627441 1.0580000000000001 -0.20860000000000001 0.73450000000000004 0.35999999999999999 3011.0316348025954 1.0800000000000001
173 7 4 -1 1.5707963267948966 1023.4399977111816 11.988 1.0158 0.5575 0.01848 5762.9620917142029 0
173 8 2 -1 4.1887902047863905 1307.0349970245361 -3.3559999999999999 0.92600000000000005 0.41649999999999998 0.030479999999999997 12740.632227861901 0
173 9 4 -1 5.532693728822025 1660.0759962463378 9.5280000000000005 -0.89359999999999995 0.60599999999999998 0.01512 11548.432206268688 0
173 10 5 -1 4.3284165449459371 2033.4029953765869 -18.789999999999999 0.78300000000000003 0.60850000000000004 0.023231999999999999 18391.031326386452 0
173 11 9 -1 4.8869219055841224 2449.6359944152832 5.3760000000000003 3.2881999999999998 0.92849999999999999 0.27000000000000002 24493.506025971979 0.60750000000000004
173 12 8 2 2.0769418098732522 0.55200000000000005 -0.059999999999999998 0.002 1 0.024732000000000001 2.6933760000000007 0
173 13 6 2 2.5830872929516078 0.31 0 0.002 1 0.060479999999999999 5.7581813760000005 0
173 14 2 2 3.9269908169872414 0.64400000000000002 0 0 1 0.017729999999999999 15.878137946112002 0
173 15 5 2 4.782202150464463 1.1340000000000001 -0.12 -0.0040000000000000001 1 0.0093600000000000003 14.539893972459849 0
173 16 2 2 4.1713369122664474 1.99 -0.02 0.017999999999999999 1 0.017280000000000004 14.11408775214279 0
173 17 8 2 3.1590459461097367 2.6320000000000001 0.12 0.034000000000000002 0.99950000000000006 0.02214 19.722101614323478 0
173 18 1 2 5.497787143782138 4.0700000000000003 0.47999999999999998 0.045999999999999999 0.999 0.0073980000000000001 22.370575839386287 0
173 19 2 2 1.8500490071139892 5.0540000000000003 0.57999999999999996 0.035999999999999997 0.998 0.019980000000000001 21.303133307879278 0
173 20 1 4 3.1939525311496229 1.038 -0.040000000000000001 -0.002 1 0.0057780000000000001 0.55587839999999999 0
173 21 1 5 5.6199601914217414 3.2160000000000002 0.12 0.029999999999999999 0.99950000000000006 0.0052919999999999998 0.3967875072 0
173 22 1 5 3.6477381366681487 2.0350000000000001 0.20000000000000001 0.029999999999999999 1 0.0067499999999999999 0.95006919167999992 0
173 23 6 6 1.5707963267948966 2.1420000000000003 0.22 0.035999999999999997 0.99950000000000006 0.108864 6.0456959999999995 0
173 24 7 6 0.33161255787892263 2.46 0.14000000000000001 0 1 0.015227999999999998 14.158761984 0
173 25 3 6 2.7576202181510405 4.0140000000000002 -0.16 0.037999999999999999 0.999 0.018612 20.222153256959999 0
173 26 0 6 1.0995574287564276 6.8540000000000001 0.26000000000000001 0.002 1 0.015939000000000002 25.250660879472228 0
173 27 2 6 5.6374134839416845 11.510000000000002 -0.38 0.053999999999999999 0.99450000000000005 0.0207 29.240043027239224 0
173 28 1 6 1.5707963267948966 15.512 0.14000000000000001 -0.186 0.996 0.00513 31.312206782054808 0
173 29 2 6 4.1015237421866741 21.09 0.73999999999999999 -0.22600000000000001 0.98999999999999999 0.016380000000000002 43.015643643480267 0
173 30 6 6 3.4906585039886591 27.154000000000003 -0.54000000000000004 0.374 0.999 0.12268800000000001 38.769187348391931 0
173 31 1 6 0.26179938779914941 37.774000000000001 -0.52000000000000002 -0.040000000000000001 0.98799999999999999 0.0042929999999999999 52.416057431798571 0
173 32 6 6 0.83775804095727824 45.520000000000003 2.96 0.57999999999999996 0.98850000000000005 0.066816 59.754537485512714 0
173 33 8 6 5.742133239061344 54.982000000000006 0.14000000000000001 -0.13800000000000001 0.98399999999999999 0.023220000000000001 41.527437686540118 0
173 34 1 6 5.3756140961425354 67.859999999999999 -0.46000000000000002 0.42799999999999999 0.97550000000000003 0.005751 57.898260792708754 0
173 35 5 6 3.3859387488689991 80.054000000000002 -7.1799999999999997 0.35399999999999998 0.96350000000000002 0.018360000000000001 46.743922807746124 0
173 36 1 6 4.310963252425994 91.754000000000005 -1.1799999999999999 -0.46200000000000002 0.96050000000000002 0.0066150000000000002 57.843762090240929 0
173 37 8 6 4.782202150464463 108.23 3.6400000000000001 -1.514 0.96250000000000002 0.023652000000000003 45.087463784442399 0
173 38 5 7 4.9392817831439526 4.2240000000000002 -0.040000000000000001 -0.0060000000000000001 0.99850000000000005 0.016920000000000001 0.23559782400000001 0
173 39 7 7 5.0090949532237259 6.9199999999999999 -0.80000000000000004 0.037999999999999999 0.99750000000000005 0.016847999999999998 0.50849674444800008 0
173 40 1 8 4.1189770347066181 2.73 -0.10000000000000001 0 0.99950000000000006 0.0049140000000000008 0.50835763199999995 0
173 41 1 9 2.7227136331111539 5.3899999999999997 -0.81999999999999995 -0.0080000000000000002 0.99850000000000005 0.0070740000000000004 0.18637516800000004 0
173 42 6 11 2.2514747350726849 1.194 -0.02 -0.0080000000000000002 1 0.12556800000000001 3.5942400000000005 0
173 43 6 11 5.4105206811824216 0.77000000000000002 0 0 1 0.10310400000000002 7.7552640000000004 0
173 44 7 11 1.4835298641951802 2.1880000000000002 0.16 0.002 1 0.016928999999999996 17.011524096000002 0
173 45 7 11 2.4783675378319479 4.3879999999999999 -0.28000000000000003 0.016 1 0.016442999999999999 16.998508873543681 0
173 46 7 11 1.7278759594743862 5.8399999999999999 -0.29999999999999999 0.012 0.998 0.016361999999999998 22.38074892826911 0
# rec 174 class 0 nop 12 nob 23 draws 393 float 196
174 0 2 -1 4.1189770347066181 36.153999404907225 0.059999999999999998 0.056800000000000003 0.98999999999999999 0.034680000000000002 33.965118980407716 0
174 1 1 -1 5.497787143782138 41.707998809814455 -0.33000000000000002 -0.054399999999999997 0.98150000000000004 0.0068399999999999997 78.999034108543384 0.02052
174 2 3 -1 5.3756140961425354 103.89999702453613 0.38200000000000001 0.1014 0.98299999999999998 0.031415999999999999 133.88580747306801 0
174 3 1 -1 0.69813170079773179 211.62999404907225 1.748 0.060999999999999999 0.9405 0.006156 304.80016597194538 0
174 4 3 -1 2.9845130209103035 341.88798988342285 2.8420000000000001 -0.36399999999999999 0.96399999999999997 0.016631999999999997 551.36278838624105 0
174 5 0 -1 1.9198621771937625 528.42398452758789 9.4199999999999999 -0.36280000000000001 0.95699999999999996 0.019823999999999998 1055.3931570394689 0
174 6 5 -1 5.532693728822025 737.9679779815674 -5.1740000000000004 0.495 0.89800000000000002 0.022175999999999998 2042.4277381420393 0
174 7 2 -1 1.1170107212763709 995.33997024536131 10.172000000000001 0.7288 0.50600000000000001 0.034680000000000002 3802.0186805806838 0
174 8 1 -1 4.2411500823462207 1297.4999613189698 11.75 2.5082 0.52349999999999997 0.00792 7722.492682592645 0
174 9 2 -1 2.1118483949131388 1639.0479512023926 -4.2960000000000003 0.019599999999999999 0.59399999999999997 0.028080000000000001 9968.4770609776224 0
174 10 7 -1 2.6703537555513241 2006.2439398956299 -7.0940000000000003 1.4294 0.378 0.028079999999999997 13061.05688743726 0
174 11 2 -1 2.0943951023931953 2424.2579273986817 -40.200000000000003 -4.0118 -0.106 0.02052 15422.994559149747 0.061560000000000004
174 12 1 2 5.5152404363020811 0.36399999999999999 -0.02 0.002 1 0.0051570000000000001 0.36955269120000001 0
174 13 1 2 5.3232542185827052 0.26000000000000001 0 0.002 1 0.003699 0.67521780479999993 0
174 14 1 2 5.1487212933832724 0.51800000000000002 0.02 0.002 1 0.006777 1.2428830592639999 0
174 15 1 3 0.89011791851710809 0.04200000000000001 0 0 1 0.0056160000000000003 0.086282496 0
174 16 1 4 2.5656340004316642 0.45400000000000001 -0.040000000000000001 0.002 1 0.0064260000000000003 0.24503592959999998 0
174 17 1 4 1.5358897417550099 0.67000000000000004 0.059999999999999998 0.0040000000000000001 1 0.0037530000000000003 0.43731888076800002 0
174 18 0 5 0.57595865315812877 1.278 0.14000000000000001 0.0080000000000000002 1 0.014931000000000002 0.31337779200000004 0
174 19 1 7 2.1467549799530254 1.482 0.02 -0.002 1 0.0043470000000000002 0.53579212800000009 0
174 20 1 8 2.9845130209103035 3.516 0.44 0.016 0.999 0.0077759999999999999 0.105735168 0
174 21 1 9 4.0142572795869578 4.258 -0.26000000000000001 0.080000000000000002 0.99950000000000006 0.0034290000000000002 0.44532633600000004 0
174 22 7 11 4.1015237421866741 1.4079999999999999 -0.12 0.017999999999999999 1 0.016685999999999999 0.33331046399999997 0
# rec 175 class 0 nop 10 nob 21 draws 354 float 178
175 0 2 -1 5.6723200689815707 21.869000148773193 -0.025999999999999999 -0.0064000000000000003 0.99050000000000005 0.026759999999999999 28.07649025440216 0
175 1 2 -1 5.8293997016610604 40.158000297546387 -0.316 0.032000000000000001 0.98299999999999998 0.016799999999999999 56.772086274414065 0
175 2 3 -1 0.12217304763960307 90.715000743865971 -0.36799999999999999 -0.064600000000000005 0.99199999999999999 0.028643999999999996 107.38839297537037 0
175 3 5 -1 2.0769418098732522 172.01000148773193 0.46200000000000002 -0.071199999999999999 0.99450000000000005 0.018047999999999998 232.33888399776615 0
175 4 8 -1 0.017453292519943295 281.2330025291443 1.52 0.1444 0.95899999999999996 0.039023999999999996 489.90388546490033 0.058535999999999991
175 5 5 -1 0.43633231299858238 433.09400386810302 -2.4340000000000002 0.0041999999999999997 0.86099999999999999 0.020351999999999999 998.35542356769702 0
175 6 5 -1 5.9515727493006638 615.62300550460816 8.2200000000000006 -0.018800000000000001 0.95899999999999996 0.014592000000000001 1963.4825647358955 0.032832
175 7 2 -1 4.2760566673861078 835.21000743865966 -5.6639999999999997 0.76959999999999995 0.77349999999999997 0.026040000000000001 4442.3909439159397 0
175 8 4 -1 3.595378259108319 1083.2450096702576 0.57199999999999995 0.35620000000000002 0.96999999999999997 0.020280000000000003 8245.9207873771284 0
175 9 1 -1 2.3736477827122884 1360.1780121994018 -2.2639999999999998 0.33040000000000003 0.61450000000000005 0.0071640000000000002 10251.617830859224 0
175 10 5 2 3.2637657012293961 0.24199999999999999 0.02 0 1 0.015264 0.31238000639999997 0
175 11 1 2 3.7350045992678651 0.34499999999999997 -0.02 0 1 0.0073440000000000007 0.76525915361279995 0
175 12 1 3 6.213372137099813 0.53400000000000003 -0.02 0.002 1 0.0044550000000000006 0.2511126528 0
175 13 5 4 1.6057029118347832 0.45000000000000001 -0.02 0 1 0.018072000000000001 0.55545200639999992 0
175 14 1 4 2.7925268031909272 0.52500000000000002 -0.02 -0.002 1 0.004104 1.2648960884735998 0
175 15 1 5 2.0071286397934789 0.39200000000000002 -0.02 -0.002 1 0.0045630000000000002 0.33214463999999999 0
175 16 1 5 5.0090949532237259 0.495 -0.02 0 1 0.0037260000000000006 0.57783398399999997 0
175 17 5 6 0.27925268031909273 2.4060000000000001 0.41999999999999998 -0.034000000000000002 1 0.011520000000000001 0.19275448320000002 0
175 18 1 7 0.89011791851710809 0.77200000000000013 0 0.012 1 0.0049410000000000001 0.20632012800000005 0
175 19 5 8 6.0737457969402664 2.0620000000000003 -0.12 -0.0040000000000000001 1 0.01332 0.22531891200000004 0
175 20 1 9 3.7000980142279785 2.8299999999999996 0.28000000000000003 -0.025999999999999999 1 0.0065070000000000006 0.1018778112 0
# rec 176 class 4 nop 16 nob 60 draws 980 float 496
176 0 5 -1 1.4835298641951802 68.979001464843748 0.40400000000000003 -0.037600000000000001 0.97899999999999998 0.017184000000000001 74.25512207031251 0
176 1 4 -1 0.41887902047863912 123.3480029296875 0.81599999999999995 -0.1164 0.998 0.027480000000000001 158.58372202148436 0
176 2 4 -1 0.73303828583761843 304.90500732421873 0.35599999999999998 0.0094000000000000004 0.89600000000000002 0.0246 313.99576960253904 0
176 3 6 -1 4.6774823953448035 569.94001464843745 0.22600000000000001 0.25640000000000002 0.79049999999999998 0.17049600000000001 681.34518772978709 0.51148800000000005
176 4 5 -1 0 930.7130249023437 6.8399999999999999 -0.25840000000000002 0.96499999999999997 0.019392 1428.8988569979649 0
176 5 8 -1 1.6231562043547265 1384.8340380859374 4.3559999999999999 -1.7270000000000001 0.64949999999999997 0.023903999999999998 2777.5793847938558 0
176 6 2 -1 0.41887902047863912 1964.5730541992189 5.2380000000000004 2.3683999999999998 0.64900000000000002 0.01968 4837.4673879958391 0
176 7 4 -1 2.2165681500327987 2658.2200732421875 -6.4199999999999999 -0.98939999999999995 0.876 0.028080000000000001 9655.2314841647712 0
176 8 2 -1 4.1887902047863905 3454.6450952148439 48.805999999999997 -0.56720000000000004 -0.089999999999999997 0.026879999999999998 22376.682704120478 0
176 9 2 -1 3.7699111843077517 4315.7981201171879 13.602 0.57140000000000002 -0.86799999999999999 0.03252 22444.012901452017 0
176 10 6 -1 0.31415926535897931 5328.199147949219 -3.456 1.1060000000000001 0.11650000000000001 0.19737600000000002 32444.765796833683 0.44409600000000005
176 11 9 -1 2.9146998508305302 6417.8181787109379 0.059999999999999998 0.00020000000000000001 -0.11799999999999999 0.39000000000000001 43046.495144841938 0
176 12 4 -1 4.6774823953448035 7667.665212402344 8.2040000000000006 -0.1648 -1.258 0.024719999999999999 42950.802378988396 0
176 13 0 -1 6.0562925044203233 8939.2702490234369 -3.0179999999999998 -0.63980000000000004 -1.0934999999999999 0.011087999999999999 52297.101504286649 0
176 14 2 -1 3.3161255787892263 10362.80328857422 0.46999999999999997 1.2936000000000001 -0.36749999999999999 0.02172 77014.300164712753 0
176 15 1 -1 6.1610122595399837 11924.374331054687 -2.694 0.064600000000000005 -1.198 0.0083879999999999996 89697.255195442369 0
176 16 1 3 3.9444441095071849 0.76400000000000012 0.059999999999999998 -0.0080000000000000002 1 0.0051840000000000002 1.822261248 0
176 17 8 3 5.2185344634630457 1.7400000000000002 -0.080000000000000002 0.014 1 0.014688000000000001 4.5172001341439998 0
176 18 2 3 1.5358897417550099 1.8880000000000003 -0.02 -0.014 1 0.021780000000000001 7.9934579508510719 0
176 19 5 3 0.26179938779914941 4.3180000000000005 0.02 0.028000000000000001 0.99850000000000005 0.014832000000000001 9.4051769351561578 0
176 20 8 3 3.1415926535897931 5.8100000000000005 0.080000000000000002 0.017999999999999999 0.999 0.028188000000000001 12.09499686004995 0
176 21 0 3 3.4906585039886591 7.8040000000000012 -0.28000000000000003 -0.050000000000000003 0.99750000000000005 0.013482000000000001 11.373566370145623 0
176 22 0 3 3.717551306747922 11.450000000000001 0.54000000000000004 0.034000000000000002 0.99550000000000005 0.012789 15.292070435984613 0
176 23 2 3 3.0892327760299634 15.318000000000001 0.92000000000000004 0.014 0.998 0.018179999999999998 16.695449114796695 0
176 24 5 3 0.24434609527920614 19.148000000000003 -2.2799999999999998 0.025999999999999999 0.99550000000000005 0.012672000000000001 14.985478630294056 0
176 25 5 3 4.066617157146788 24.000000000000004 4.1600000000000001 0.16600000000000001 0.99250000000000005 0.01404 18.203461692513507 0
176 26 5 3 0.66322511575784526 29.734000000000002 0.44 0.024 0.99250000000000005 0.017064000000000003 20.772026582169616 0
176 27 1 4 1.4486232791552935 1.3460000000000001 -0.080000000000000002 -0.002 1 0.0044819999999999999 0.21520465920000001 0
176 28 1 4 2.0245819323134224 2.835 -0.26000000000000001 -0.0040000000000000001 0.99950000000000006 0.0062100000000000002 0.48520310538240002 0
176 29 1 6 1.3439035240356338 0.65600000000000003 0.059999999999999998 0.0040000000000000001 1 0.0068310000000000003 0.30102528000000006 0
176 30 8 10 0.73303828583761843 12.69 -0.17999999999999999 -0.14599999999999999 0.99450000000000005 0.018792 2.4758845440000004 0
176 31 2 10 0.47123889803846897 10.824999999999999 -1.48 -0.040000000000000001 0.99650000000000005 0.019440000000000002 4.772191666176 0
176 32 2 10 4.9392817831439526 27.149999999999999 -1.0800000000000001 -0.16800000000000001 0.99350000000000005 0.018270000000000002 7.4481606257541131 0
176 33 7 10 3.5604716740684323 43.725000000000001 -1 -0.056000000000000001 0.98499999999999999 0.012797999999999999 10.2522058221411 0
176 34 7 10 5.8643062867009474 67.560000000000002 2.02 0.71599999999999997 0.999 0.012636 14.242543981756342 0
176 35 7 10 4.7647488579445199 97.795000000000002 -4.3200000000000003 -1.0900000000000001 0.97350000000000003 0.015065999999999998 13.512384793902047 0
176 36 7 10 1.6580627893946132 130.06 3.4399999999999999 1.0660000000000001 0.94099999999999995 0.017010000000000001 20.17858987902822 0
176 37 7 10 1.7278759594743862 181.85499999999999 24.719999999999999 -0.36799999999999999 0.96399999999999997 0.018386999999999997 16.679774685249097 0
176 38 7 10 4.2236967898262776 232.09 -12.380000000000001 -1.554 0.98299999999999998 0.014418 14.719444010352063 0
176 39 7 10 2.2689280275926285 289.70499999999998 18.199999999999999 1.55 0.94999999999999996 0.015065999999999998 20.92101942779836 0
176 40 7 11 3.1066860685499065 1.0820000000000001 -0.02 0 1 0.019763999999999997 4.6775040000000008 0
176 41 5 11 4.6076692252650302 5.46 -0.46000000000000002 -0.02 0.998 0.012312 6.6139407360000009 0
176 42 7 11 1.1868238913561442 6.7039999999999997 0.32000000000000001 -0.042000000000000003 0.99850000000000005 0.020250000000000001 18.384009106944006 0
176 43 7 11 4.9741883681838388 9.7539999999999996 -0.040000000000000001 0.11799999999999999 0.99750000000000005 0.011826 18.138224838085449 0
176 44 7 11 4.0840704496667311 17.809999999999999 0.10000000000000001 0.28999999999999998 0.99150000000000005 0.011096999999999999 17.462865323945987 0
176 45 7 11 5.1836278784231586 26.952000000000002 4.5 0.17999999999999999 0.99050000000000005 0.020330999999999998 28.065122647325609 0
176 46 2 11 1.3439035240356338 35.380000000000003 1.46 0.498 0.98950000000000005 0.021239999999999998 25.972694537760393 0
176 47 7 11 6.0388392119003802 45.304000000000002 1.4199999999999999 0.48999999999999999 0.99050000000000005 0.021465000000000001 31.498151703194907 0
176 48 7 11 3.2288591161895095 60.103999999999999 -4.3200000000000003 -0.066000000000000003 1 0.016361999999999998 38.343154554164954 0
176 49 7 11 5.0614548307835561 73.650000000000006 -2.5 -0.628 0.96250000000000002 0.017819999999999999 31.979463223780115 0
176 50 7 11 3.9095375244672983 91.292000000000002 -1.8999999999999999 0.51000000000000001 0.95650000000000002 0.016928999999999996 40.105996228295254 0
176 51 7 11 4.1887902047863905 110.5 3.5 0.376 0.996 0.021465000000000001 36.25191521247212 0
176 52 7 11 2.2514747350726849 132.494 -13.619999999999999 -0.080000000000000002 0.98850000000000005 0.015065999999999998 38.931258300204227 0
176 53 7 11 5.6897733615015147 154.22399999999999 -6.04 -1.3180000000000001 0.93400000000000005 0.022598999999999998 32.882651617282527 0
176 54 7 11 4.2760566673861078 177.19999999999999 21.300000000000001 2.2679999999999998 0.92400000000000004 0.016442999999999999 30.213342106221454 0
176 55 7 11 2.5481807079117211 204.09200000000001 12.039999999999999 0.54800000000000004 0.99350000000000005 0.019278 34.730645689649172 0
176 56 1 13 0.47123889803846897 12.244 -0.85999999999999999 -0.017999999999999999 0.99950000000000006 0.0059130000000000007 0.19231027199999998 0
176 57 1 14 3.5779249665883754 14.390000000000001 -0.47999999999999998 0.0060000000000000001 0.996 0.0060749999999999997 0.27885004799999996 0
176 58 0 14 0.54105206811824214 18.68 0.080000000000000002 0.094 1 0.010017000000000002 0.68104717670399995 0
176 59 1 15 0.12217304763960307 60.571999999999996 -2.5800000000000001 -0.48199999999999998 0.97699999999999998 0.0053730000000000002 0.106829568 0
# rec 177 class 1 nop 5 nob 8 draws 138 float 69
177 0 1 -1 3.5430183815484888 86.729000320434565 -0.34999999999999998 -0.0071999999999999998 0.98750000000000004 0.0081720000000000004 130.34395556449888 0
177 1 1 -1 5.4279739737023647 172.39800064086913 -0.40999999999999998 -0.29899999999999999 0.92449999999999999 0.0084599999999999988 251.37602549366949 0
177 2 5 -1 0.71558499331767511 378.09500160217283 -4.21 -0.037999999999999999 0.8115 0.020256 545.4377801196041 0
177 3 4 -1 3.717551306747922 805.80000320434567 -5.7759999999999998 0.32979999999999998 0.94999999999999996 0.025679999999999998 960.13210420461269 0
177 4 6 -1 3.1066860685499065 1323.1130054473876 -0.26200000000000001 0.3614 0.82650000000000001 0.142848 2312.1955958039093 0
177 5 1 2 2.5830872929516078 0.11399999999999999 0 0 1 0.0061830000000000001 0.28598231040000005 0
177 6 1 3 4.2935099599060509 2.0020000000000002 -0.17999999999999999 -0.0060000000000000001 0.99950000000000006 0.005535 0.383597568 0
177 7 1 3 2.7052603405912108 2.7500000000000004 0.41999999999999998 0.017999999999999999 1 0.0042120000000000005 0.64035910963199993 0
# rec 178 class 6 nop 0 nob 0 draws 1 float 0
# rec 179 class 6 nop 0 nob 0 draws 1 float 0
# rec 180 class 6 nop 0 nob 0 draws 1 float 0
# rec 181 class 6 nop 0 nob 0 draws 1 float 0
# rec 182 class 6 nop 0 nob 0 draws 1 float 0
# rec 183 class 9 nop 12 nob 71 draws 1107 float 580
183 0 9 -1 5.0090949532237259 37.709000205993654 0.252 0.058000000000000003 0.99199999999999999 0.28499999999999998 38.860185370445251 0
183 1 6 -1 5.7072266540214578 62.698000411987302 0.45200000000000001 -0.0011999999999999999 0.98750000000000004 0.145152 82.811955399427404 0.43545600000000001
183 2 6 -1 5.6548667764616276 128.18500102996825 1.788 0.052200000000000003 0.94750000000000001 0.14668799999999999 156.74101826651625 0
183 3 1 -1 1.5533430342749532 234.63000205993652 -0.622 0.2014 0.88549999999999995 0.0058319999999999995 342.41226556450607 0
183 4 9 -1 5.4803338512621949 388.91300350189209 3.528 0.18240000000000001 0.90449999999999997 0.29399999999999998 740.25915891213344 0.66149999999999998
183 5 6 -1 5.2883476335428181 574.664005355835 5.8979999999999997 -0.064399999999999999 0.90049999999999997 0.13286399999999998 1475.3371605523071 0
183 6 1 -1 5.2010811709431017 804.22300762176519 7.8099999999999996 0.63339999999999996 0.65349999999999997 0.0047160000000000006 3300.4298193255486 0
183 7 1 -1 2.5656340004316642 1085.6200102996827 10.224 0.26040000000000002 0.95799999999999996 0.0052560000000000003 6179.0394302979412 0.0078840000000000004
183 8 9 -1 5.6199601914217414 1407.8850133895874 -7.0940000000000003 -0.42480000000000001 0.65249999999999997 0.375 13970.00567925036 0
183 9 9 -1 5.3407075111026483 1772.1980168914795 14.582000000000001 -2.9384000000000001 0.64449999999999996 0.28499999999999998 16952.412660570484 0.64124999999999999
183 10 1 -1 5.9166661642607767 2199.5290208053589 -0.024 -3.2406000000000001 0.027 0.0086400000000000001 18790.896106245676 0
183 11 1 -1 1.8325957145940461 2655.9380251312255 -0.54800000000000004 -2.3969999999999998 -0.078 0.0065520000000000005 24476.565765947293 0
183 12 1 2 2.6878070480712677 0.17600000000000002 0 0 1 0.0047520000000000001 1.9057704959999997 0
183 13 8 2 6.1610122595399837 0.80000000000000004 -0.040000000000000001 0.012 1 0.021923999999999999 3.4201727139839995 0
183 14 1 2 2.7576202181510405 0.98199999999999998 -0.040000000000000001 -0.0060000000000000001 1 0.0037260000000000006 8.2624714026516468 0
183 15 5 2 0.76794487087750496 1.3220000000000001 0.02 -0.021999999999999999 1 0.0084240000000000009 5.802092694237956 0
183 16 8 2 1.9547687622336491 2.3999999999999999 0.12 0.012 1 0.027972 8.6779061663720949 0
183 17 2 2 3.3859387488689991 3.5660000000000003 -0.46000000000000002 0.056000000000000001 1 0.018450000000000001 8.4030185511727922 0
183 18 2 2 4.0142572795869578 4.46 -0.26000000000000001 0.040000000000000001 0.99850000000000005 0.021420000000000002 12.363339342519236 0
183 19 1 3 1.7976891295541595 1.046 -0.12 0 1 0.0039420000000000002 0.066214195199999992 0
183 20 8 4 1.0821041362364843 0.19400000000000001 0 0 1 0.021060000000000002 3.3868800000000001 0
183 21 0 4 5.0963614158234423 0.18000000000000002 0 0 1 0.009954000000000001 8.2011417600000005 0
183 22 2 4 3.4033920413889427 0.23800000000000004 0.02 0 1 0.016560000000000002 11.329201658880001 0
183 23 6 4 0.97738438111682457 0.40800000000000003 -0.02 0.002 1 0.15264 13.234894959579957 0
183 24 1 4 5.8643062867009474 0.72000000000000008 0.040000000000000001 -0.0040000000000000001 1 0.0065880000000000001 19.89091881603192 0
183 25 2 4 4.2586033748661638 1.0740000000000001 -0.040000000000000001 0.012 1 0.01341 13.859501820133149 0
183 26 1 4 5.2359877559829888 1.3900000000000001 -0.080000000000000002 -0.01 1 0.0056700000000000006 21.700843879468913 0
183 27 0 4 0.94247779607693793 1.9280000000000002 -0.059999999999999998 0.01 0.99950000000000006 0.013608 28.521353404832325 0
183 28 5 4 2.2689280275926285 2.4780000000000002 0.10000000000000001 0.024 1 0.0126 32.121210335287749 0
183 29 6 4 1.0297442586766545 3.0400000000000005 -0.20000000000000001 -0.002 0.999 0.081792000000000004 31.162806490940977 0
183 30 5 4 4.0142572795869578 3.8140000000000005 0.38 -0.050000000000000003 1 0.013464000000000002 30.916375218937329 0
183 31 2 4 6.1086523819801535 4.4500000000000002 0.46000000000000002 0.051999999999999998 0.99950000000000006 0.02196 32.635936818759923 0
183 32 8 4 2.2689280275926285 5.3880000000000008 -0.10000000000000001 0.045999999999999999 1 0.012959999999999999 27.003834581686519 0
183 33 3 4 1.9896753472735358 6.2680000000000007 -0.41999999999999998 0.017999999999999999 0.99850000000000005 0.022076999999999999 35.153800065575304 0
183 34 5 4 1.3089969389957472 7.1500000000000012 -0.88 -0.11799999999999999 0.99650000000000005 0.012240000000000001 28.334007963137925 0
183 35 2 4 1.0471975511965976 8.2140000000000004 -0.66000000000000003 0.070000000000000007 1 0.021600000000000001 41.314386339248799 0
183 36 8 4 2.7227136331111539 9.3600000000000012 1.3999999999999999 0.066000000000000003 0.99950000000000006 0.013392000000000001 34.005485975210263 0
183 37 2 5 5.5152404363020811 1.9260000000000002 0.14000000000000001 0.0040000000000000001 1 0.022769999999999999 1.6020209663999998 0
183 38 1 5 3.3161255787892263 1.095 -0.02 0 1 0.0068580000000000004 3.2069024415743996 0
183 39 1 5 1.0821041362364843 4.0720000000000001 -0.47999999999999998 0.012 1 0.0052919999999999998 7.8049895469613046 0
183 40 4 5 5.0614548307835561 4.7270000000000003 -0.23999999999999999 0.066000000000000003 1 0.01719 6.5079625030549266 0
183 41 5 5 3.3684854563490561 7.2999999999999998 -0.78000000000000003 0.016 0.998 0.008352 9.2143932764535084 0
183 42 1 5 1.8325957145940461 10.601000000000001 -0.59999999999999998 -0.002 0.99950000000000006 0.003186 10.070160306875678 0
183 43 5 5 5.2883476335428181 15.880000000000001 -1.8200000000000001 0.032000000000000001 0.996 0.011016000000000001 8.5595220265883878 0
183 44 4 5 2.3736477827122884 20.827000000000002 0.97999999999999998 -0.28599999999999998 0.99050000000000005 0.01251 9.4166987047134949 0
183 45 2 5 0.19198621771937624 25.442 -0.040000000000000001 -0.17399999999999999 0.99150000000000005 0.015480000000000001 16.736530439142875 0
183 46 3 5 4.9218284906240095 32.984999999999999 -1.76 -0.184 0.98799999999999999 0.017721000000000001 13.785802027378889 0
183 47 8 5 4.310963252425994 40.166000000000004 2.9199999999999999 0.58399999999999996 0.995 0.027 14.269177368398825 0
183 48 2 5 0.41887902047863912 48.414999999999999 6.2000000000000002 0.58799999999999997 0.99299999999999999 0.02205 12.795669421302311 0
183 49 4 5 5.7595865315812871 58.102000000000004 -1.9199999999999999 -0.29799999999999999 0.99350000000000005 0.018360000000000001 13.148441605418011 0
183 50 2 5 2.3561944901923448 67.837000000000003 8.1999999999999993 0.27600000000000002 0.98550000000000004 0.021510000000000001 16.116037806706228 0
183 51 2 5 3.8920842319473548 77.820000000000007 -7.3200000000000003 -0.55600000000000005 0.98550000000000004 0.01602 17.516531618883207 0
183 52 0 5 1.2391837689159739 89.091000000000008 -1.4199999999999999 -0.75 0.99750000000000005 0.012789 15.353557432499571 0
183 53 2 8 4.2062434973063345 2.0260000000000002 0.02 -0.012 1 0.024299999999999999 6.1728000000000005 0
183 54 1 8 5.9515727493006638 3.2650000000000001 0.12 -0.028000000000000001 0.99950000000000006 0.0037799999999999999 9.6450912000000013 0
183 55 8 8 4.4854961776254267 5.2220000000000004 -0.57999999999999996 -0.056000000000000001 0.99850000000000005 0.024084000000000001 25.566185088000005 0
183 56 2 8 4.3458698374658802 6.8769999999999998 0.59999999999999998 -0.058000000000000003 0.99850000000000005 0.014760000000000002 17.195915056066564 0
183 57 7 8 2.7576202181510405 12.67 1.3799999999999999 0.068000000000000005 0.99399999999999999 0.020330999999999998 26.393076797720191 0
183 58 1 9 1.3788101090755203 3.4880000000000004 -0.38 -0.021999999999999999 1 0.0056430000000000004 2.7396479999999994 0
183 59 2 9 5.270894341022875 4.8200000000000003 -0.40000000000000002 -0.0080000000000000002 0.99950000000000006 0.020250000000000001 7.1413904639999988 0
183 60 0 9 4.1189770347066181 8.2960000000000012 -0.20000000000000001 -0.050000000000000003 0.998 0.011970000000000001 14.002554810239998 0
183 61 0 9 6.213372137099813 12.686000000000002 1.04 0.085999999999999993 0.997 0.012789 11.118031225138251 0
183 62 7 9 1.9024088846738192 21.720000000000002 -0.080000000000000002 -0.087999999999999995 0.99650000000000005 0.016847999999999998 20.993712652283396 0
183 63 7 9 3.4557519189487724 27.368000000000002 1.76 -0.0080000000000000002 1 0.017738999999999998 21.445598594834319 0
183 64 7 9 5.8293997016610604 37.650000000000006 -2.7599999999999998 0.44600000000000001 0.98799999999999999 0.016928999999999996 16.205533377286734 0
183 65 7 9 0.57595865315812877 52.126000000000005 -4.1600000000000001 -0.024 0.97850000000000004 0.016847999999999998 16.152909748074137 0
183 66 7 9 2.6005405854715509 62.536000000000001 -1.9199999999999999 -0.014 0.97250000000000003 0.015308999999999998 24.626065936989818 0
183 67 7 9 5.7246799465414009 83.02000000000001 9.3200000000000003 -1.0940000000000001 0.97150000000000003 0.015633000000000001 25.742867596947047 0
183 68 7 9 1.2042771838760873 97.628 -9.6600000000000001 0.73799999999999999 0.98799999999999999 0.012797999999999999 20.271296227027463 0
183 69 1 10 0.54105206811824214 2.1339999999999999 0.17999999999999999 0.0040000000000000001 1 0.0059130000000000007 0.12021350400000001 0
183 70 7 11 5.1138147083433854 5.6000000000000005 0.57999999999999996 -0.016 0.999 0.011258999999999998 0.078246604800000008 0
# rec 184 class 1 nop 3 nob 21 draws 309 float 171
184 0 5 -1 5.0090949532237259 74.432997436523436 -0.122 -0.088400000000000006 0.96750000000000003 0.016704 95.698765411376954 0.050112000000000004
184 1 4 -1 4.066617157146788 123.41599487304687 -1.452 0.1512 0.97099999999999997 0.0276 187.76062131713869 0
184 2 6 -1 4.066617157146788 269.18498718261719 -4.226 -0.33860000000000001 0.9345 0.164352 401.62440428762693 0
184 3 8 2 1.4137166941154069 0.38 -0.02 0 1 0.024516 1.8680905728000001 0
184 4 4 2 5.9690260418206069 0.89500000000000002 -0.10000000000000001 0.002 1 0.01485 4.2974834589696007 0
184 5 0 2 1.3089969389957472 1.26 -0.17999999999999999 0.0060000000000000001 1 0.016317000000000002 9.9810205155459091 0
184 6 5 2 1.7104226669544429 2.0350000000000001 0.17999999999999999 -0.01 0.99950000000000006 0.010872000000000001 6.3239573985482531 0
184 7 1 2 5.6374134839416845 3.0600000000000001 0.57999999999999996 -0.002 1 0.0061289999999999999 10.011133564850219 0
184 8 5 2 3.8746309394274117 4.5149999999999997 0.12 -0.02 0.999 0.016560000000000002 12.387098902019332 0
184 9 2 2 6.0562925044203233 6.1699999999999999 0.56000000000000005 -0.085999999999999993 0.997 0.011970000000000001 13.662657440379391 0
184 10 5 2 2.1991148575128552 8.2449999999999992 -0.16 0.080000000000000002 0.999 0.0092880000000000011 20.025180867975141 0
184 11 8 2 3.246312408709453 10.5 -0.95999999999999996 0.154 0.99550000000000005 0.021384 18.855300487630423 0
184 12 1 2 3.717551306747922 12.925000000000001 0.56000000000000005 -0.021999999999999999 0.998 0.0060480000000000004 14.90058772861016 0
184 13 2 2 2.3561944901923448 15.82 1.8 -0.222 0.99650000000000005 0.01908 22.03652711770853 0
184 14 2 2 5.2010811709431017 19.565000000000001 0.56000000000000005 -0.104 0.99050000000000005 0.015750000000000004 17.727081318670077 0
184 15 2 2 2.1467549799530254 23.059999999999999 1.02 0.087999999999999995 0.99850000000000005 0.01341 17.779306474699894 0
184 16 2 2 4.8694686130641793 26.475000000000001 -3.7200000000000002 -0.056000000000000001 0.98999999999999999 0.018450000000000001 18.27674177503723 0
184 17 2 2 1.2391837689159739 30.859999999999999 -0.81999999999999995 -0.012 0.98799999999999999 0.010530000000000001 21.783327071333648 0
184 18 4 2 1.5707963267948966 35.365000000000002 1.04 -0.122 0.99050000000000005 0.0126 19.228168410138537 0
184 19 5 2 5.4105206811824216 40.100000000000001 3.8999999999999999 0.19800000000000001 0.98550000000000004 0.0126 28.097515292417228 0
184 20 1 2 0.62831853071795862 45.505000000000003 -8.8000000000000007 -0.27600000000000002 0.99850000000000005 0.0049140000000000008 19.173870832922571 0
# rec 185 class 11 nop 1 nob 1 draws 24 float 9
185 0 6 -1 2.3038346126325151 1.4589999735355377 0.014 0.001 1 0.152064 23.022999197244644 0
# rec 186 class 4 nop 4 nob 5 draws 90 float 44
186 0 1 -1 2.7401669256310974 75.118000640869141 -0.032000000000000001 0.039199999999999999 0.995 0.0065880000000000001 89.924801158905026 0
186 1 4 -1 5.6897733615015147 123.85600128173829 -1.992 0.0032000000000000002 0.99099999999999999 0.02784 178.68016550273896 0
186 2 1 -1 5.4628805587422518 296.34000320434569 1.6539999999999999 0.19739999999999999 0.86750000000000005 0.0051480000000000007 363.78694160030074 0.0077220000000000014
186 3 1 -1 5.9515727493006638 508.9100064086914 -2.286 -0.2356 0.79149999999999998 0.0092519999999999998 771.77839016713483 0
186 4 1 3 0.10471975511965978 1.9380000000000002 0.16 -0.002 1 0.0077489999999999998 0.091306137600000004 0
# rec 187 class 8 nop 4 nob 19 draws 289 float 156
187 0 10 -1 5.4628805587422518 49.006001396179201 0.02 0.38 0.998 9.6600000000000001 538.27790826797491 28.98
187 1 4 -1 2.3212879051524582 77.212002792358405 -0.13 0.067599999999999993 0.98099999999999998 0.027480000000000001 561.70052997802736 0
187 2 10 -1 1.9896753472735358 149.20000698089601 -1.222 5.8399999999999999 0.92649999999999999 13.68 7255.204895461191 0
187 3 5 -1 2.3736477827122884 275.13001396179197 -1.6799999999999999 -0.23499999999999999 0.95599999999999996 0.021600000000000001 8477.5785517145669 0.048600000000000004
187 4 4 0 3.4557519189487724 0.033999999999999996 0 0 1 0.02358 136.75468800000002 0
187 5 3 2 0.69813170079773179 0.114 0 0 1 0.020393999999999999 173.528064 0
187 6 3 2 1.4311699866353502 0.14000000000000001 0 0 1 0.021384 440.32229683200001 0
187 7 4 2 5.6374134839416845 0.17800000000000002 0 0 1 0.017910000000000002 799.99972188364802 0
187 8 5 2 4.4680428851054836 0.34800000000000003 0.040000000000000001 -0.002 1 0.0080640000000000017 976.98957751367368 0
187 9 0 2 3.2812189937493397 0.58000000000000007 0 0.0040000000000000001 1 0.011655 985.15579445476419 0
187 10 9 2 3.7873644768276953 0.76400000000000001 0.02 0.002 1 0.23175000000000001 1381.4677149922109 0
187 11 8 2 4.1364303272265612 1.05 -0.080000000000000002 0.002 1 0.016308 1517.7017195141127 0
187 12 2 2 0.83775804095727824 1.3380000000000001 -0.17999999999999999 0.01 1 0.01899 1506.4882189451196 0
187 13 9 2 5.8817595792208905 1.7780000000000002 -0.16 -0.02 1 0.201375 2158.6597138755264 0
187 14 8 2 4.8345620280242931 2.2000000000000002 0.40000000000000002 -0.02 1 0.028836000000000001 1812.0528430900515 0
187 15 5 2 0.43633231299858238 2.7540000000000004 0.16 -0.029999999999999999 0.999 0.014256 1832.2797126453258 0
187 16 2 2 0.92502450355699462 3.2100000000000004 0.35999999999999999 -0.025999999999999999 0.999 0.02358 1761.8705182982194 0
187 17 1 3 3.595378259108319 0.69600000000000006 -0.080000000000000002 0 1 0.0073440000000000007 0.26182656000000004 0
187 18 1 3 1.2915436464758039 0.77000000000000013 0.059999999999999998 0.002 1 0.0054000000000000003 0.69926022144000022 0
# rec 188 class 4 nop 7 nob 15 draws 245 float 127
188 0 2 -1 5.8992128717408336 94.948997573852537 -0.017999999999999999 -0.033599999999999998 0.998 0.01932 90.945465641021727 0
188 1 9 -1 1.6057029118347832 141.98799514770508 -1.294 -0.18840000000000001 0.95099999999999996 0.23999999999999999 193.01681821878429 0.54000000000000004
188 2 2 -1 3.9444441095071849 258.5249878692627 0.14999999999999999 0.254 0.9335 0.022079999999999999 383.79702556850839 0
188 3 4 -1 0.8028514559173916 516.4299757385254 -0.104 0.36020000000000002 0.86599999999999999 0.02496 649.83539985241123 0
188 4 1 -1 3.3335788713091694 873.09295875549321 -3.5579999999999998 1.0864 0.98350000000000004 0.0046439999999999997 1408.9695037633321 0
188 5 4 -1 5.2883476335428181 1328.333936920166 17.463999999999999 -0.73760000000000003 0.72650000000000003 0.020039999999999999 2794.0636337464753 0
188 6 4 -1 4.3284165449459371 1899.612910232544 -14.254 -0.53159999999999996 0.30049999999999999 0.01704 6098.2322129086842 0
188 7 1 2 3.351032163829113 0.36200000000000004 0.02 -0.0040000000000000001 1 0.0047790000000000003 0.26086195200000001 0
188 8 1 2 3.3859387488689991 0.66500000000000004 0 -0.002 1 0.0052919999999999998 0.53859457843199998 0
188 9 1 3 3.246312408709453 0.062000000000000006 0 0 1 0.0048329999999999996 0.310222848 0
188 10 1 4 1.6231562043547265 2.2640000000000002 0.17999999999999999 -0.012 0.99950000000000006 0.006156 0.065565849600000004 0
188 11 1 5 1.9722220547535925 3.1800000000000002 -0.02 -0.040000000000000001 0.99950000000000006 0.0060480000000000004 0.34552166400000006 0
188 12 5 5 4.3807764225057673 6.3049999999999997 0.71999999999999997 0 0.99950000000000006 0.015624000000000001 0.56350350950400008 0
188 13 5 6 1.6057029118347832 0.036000000000000004 0 0 1 0.016416 0.19019366399999998 0
188 14 5 6 4.8171087355043491 0.070000000000000007 0 0 1 0.015552 0.25641595699199998 0
# rec 189 class 4 nop 2 nob 2 draws 38 float 18
189 0 1 -1 3.6826447217080354 58.268998489379882 -0.50800000000000001 -0.024799999999999999 0.97750000000000004 0.0071279999999999998 94.598142499923696 0
189 1 8 -1 5.6199601914217414 166.57799697875976 0.502 0.048599999999999997 0.92400000000000004 0.036720000000000003 217.2034321396637 0
# rec 190 class 6 nop 0 nob 0 draws 1 float 0
# rec 191 class 6 nop 0 nob 0 draws 1 float 0
# rec 192 class 10 nop 2 nob 2 draws 38 float 18
192 0 2 -1 3.7350045992678651 146.62500183105467 0.80200000000000005 0.082799999999999999 0.94599999999999995 0.01644 163.60080322265625 0
192 1 6 -1 2.8797932657906435 246.28000366210938 -0.38 0.034799999999999998 0.97299999999999998 0.15744 334.45209658813485 0.23615999999999998
# rec 193 class 8 nop 7 nob 23 draws 362 float 191
193 0 9 -1 3.7524578917878086 48.33899974822998 0.42599999999999999 -0.043200000000000002 0.98499999999999999 0.36749999999999999 95.862689065933225 1.1025
193 1 10 -1 2.8972465583105871 74.987999496459963 0.82599999999999996 -4.7800000000000002 0.98750000000000004 10.92 1090.8641732308388 0
193 2 10 -1 2.0594885173533091 138.6949987411499 -0.82199999999999995 14.16 0.98050000000000004 13.739999999999998 7716.0582941555986 0
193 3 3 -1 0.97738438111682457 274.48999748229983 -3.3439999999999999 0.081600000000000006 0.97050000000000003 0.029171999999999997 10508.041816911757 0
193 4 10 -1 1.2042771838760873 445.74299571990969 0.10199999999999999 22.379999999999999 0.83450000000000002 12.9 117644.63837221521 29.025000000000002
193 5 2 -1 1.2217304763960306 681.46399345397947 -5.6760000000000002 0.75239999999999996 0.70399999999999996 0.021360000000000001 147564.35659094036 0
193 6 6 -1 2.3212879051524582 961.60299068450922 13.446 0.54279999999999995 0.96299999999999997 0.13286399999999998 264776.53530018282 0.39859199999999995
193 7 1 2 3.6826447217080354 0.17600000000000002 0 0 1 0.0052110000000000004 147.55660799999998 0
193 8 8 2 2.9321531433504737 0.16 0 0 1 0.024084000000000001 359.65261209599993 0
193 9 5 2 2.7227136331111539 0.312 -0.02 0.0040000000000000001 1 0.018216000000000003 677.61657033523193 0
193 10 4 2 5.6199601914217414 0.49200000000000005 0.059999999999999998 -0.0060000000000000001 1 0.02367 765.92399895330016 0
193 11 8 2 1.2391837689159739 0.68000000000000005 0 -0.0060000000000000001 1 0.019440000000000002 873.43221017883616 0
193 12 1 2 2.0769418098732522 0.96600000000000008 0.02 -0.002 1 0.0034020000000000001 840.97820942807357 0
193 13 9 2 5.270894341022875 1.3600000000000001 0.02 0.002 1 0.30375000000000002 1105.5787876527545 0
193 14 5 2 4.0491638646268449 1.7220000000000002 0 -0.016 1 0.013896 1046.5613989148421 0
193 15 3 2 3.5779249665883754 2.3720000000000003 -0.34000000000000002 -0.025999999999999999 1 0.017918999999999997 1609.436144443757 0
193 16 5 3 0.89011791851710809 0.70800000000000007 -0.040000000000000001 -0.012 1 0.011376000000000001 0.3674271744 0
193 17 1 3 3.473205211468716 0.70000000000000007 0 0.0080000000000000002 1 0.0046710000000000007 0.71638142484479994 0
193 18 5 3 5.7770398241012311 1.5660000000000001 0.22 -0.014 1 0.017639999999999999 1.5388139704025088 0
193 19 1 5 3.717551306747922 0.53200000000000003 0.02 0.002 1 0.0080460000000000011 0.26766643200000001 0
193 20 8 6 4.4156830075456535 2.1379999999999999 -0.20000000000000001 -0.0060000000000000001 0.99950000000000006 0.018468000000000002 1.7618829311999997 0
193 21 0 6 4.4156830075456535 2.2799999999999998 0.20000000000000001 0.016 0.99950000000000006 0.01512 3.5698809372671994 0
193 22 7 6 0.54105206811824214 3.476 0.080000000000000002 0.01 0.999 0.012473999999999999 6.5612507228798957 0
# rec 194 class 2 nop 2 nob 2 draws 38 float 18
194 0 4 -1 2.4958208303518914 29.390000021457674 0.032000000000000001 -0.0038 0.99950000000000006 0.021840000000000002 39.124480056762692 0
194 1 1 -1 6.0737457969402664 29.880000042915341 -0.02 -0.002 1 0.0086759999999999997 81.628494838428495 0
# rec 195 class 10 nop 2 nob 2 draws 37 float 18
195 0 5 -1 1.9722220547535925 176.6720027923584 -1.4139999999999999 0.0184 0.96950000000000003 0.022944000000000003 156.63636478424073 0
195 1 5 -1 5.7246799465414009 262.74400558471677 0.82199999999999995 0.48199999999999998 0.9395 0.017951999999999999 321.98463695457463 0
# rec 196 class 6 nop 0 nob 0 draws 1 float 0
# rec 197 class 3 nop 4 nob 22 draws 328 float 180
197 0 5 -1 5.6374134839416845 90.518000869750978 0.71399999999999997 -0.067199999999999996 0.96150000000000002 0.02256 138.97032142639159 0
197 1 2 -1 5.270894341022875 213.87600173950196 -0.29199999999999998 -0.12 0.92849999999999999 0.020639999999999999 238.73067509033203 0
197 2 1 -1 2.5132741228718345 480.20000434875487 4.694 -0.42320000000000002 0.90800000000000003 0.009755999999999999 512.18489499274665 0
197 3 9 -1 1.8849555921538759 905.53000869750974 17.103999999999999 1.0396000000000001 0.96350000000000002 0.219 1106.3873531450661 0.49275000000000002
197 4 4 3 2.1293016874330819 3.8500000000000001 -0.040000000000000001 -0.0080000000000000002 0.99950000000000006 0.02529 3.1339776000000006 0
197 5 4 3 4.782202150464463 2.4300000000000002 -0.14000000000000001 0.012 0.99950000000000006 0.016649999999999998 6.2577851904000008 0
197 6 3 3 0.41887902047863912 6.5000000000000009 -0.16 0.016 0.99750000000000005 0.021087000000000002 8.5242789904896004 0
197 7 1 3 0.38397243543875248 9.1300000000000008 -0.52000000000000002 -0.14199999999999999 0.999 0.0057780000000000001 10.613954644214781 0
197 8 8 3 4.7996554429844061 12.900000000000002 -0.88 0.16200000000000001 0.99450000000000005 0.018036 14.665449436483302 0
197 9 5 3 6.1784655520599268 20.760000000000002 -0.040000000000000001 -0.11600000000000001 0.999 0.0126 20.15174190108873 0
197 10 5 3 1.0297442586766545 29.530000000000001 -0.16 0.26400000000000001 0.98950000000000005 0.011592000000000002 21.059324351818539 0
197 11 2 3 5.2883476335428181 35.490000000000002 -2.3799999999999999 -0.17599999999999999 0.98899999999999999 0.02376 19.458600627129503 0
197 12 0 3 5.1138147083433854 48.110000000000007 -5.9000000000000004 0.021999999999999999 0.98250000000000004 0.0090720000000000002 16.636957702674685 0
197 13 1 3 3.8571776469074681 57.760000000000005 3.0600000000000001 0.28399999999999997 0.98499999999999999 0.0060210000000000003 24.402694812928964 0
197 14 2 3 0.99483767363676789 72.590000000000003 -11.279999999999999 -0.048000000000000001 0.98599999999999999 0.014310000000000002 24.213947512072913 0
197 15 2 3 0.31415926535897931 88.430000000000007 8.2200000000000006 -0.39400000000000002 0.98899999999999999 0.01584 26.622564862782703 0
197 16 6 3 2.7227136331111539 102.92000000000002 8.9199999999999999 1.6000000000000001 0.95550000000000002 0.14918399999999998 32.130864120069674 0
197 17 2 3 2.4434609527920612 119.65000000000001 2.8599999999999999 0.33200000000000002 0.98450000000000004 0.019980000000000001 30.307148300163963 0
197 18 5 3 0.4014257279586958 141.09 -11.380000000000001 2.1800000000000002 0.98850000000000005 0.012168000000000002 20.70655212828958 0
197 19 2 3 3.9793506945470716 159.83000000000001 -8.2200000000000006 -0.32000000000000001 0.94499999999999995 0.01494 25.73051494492082 0
197 20 2 3 5.0963614158234423 181.62 5.5 1.1499999999999999 0.99399999999999999 0.018450000000000001 26.5520076815544 0
197 21 4 3 5.3581608036225914 205.11000000000001 21.879999999999999 0.34599999999999997 0.90949999999999998 0.019799999999999998 31.726779849595147 0
# rec 198 class 2 nop 8 nob 8 draws 147 float 72
198 0 2 -1 0 16.639999735355378 0.0080000000000000002 0.0022000000000000001 1 0.020639999999999999 32.719679236412048 0.030959999999999998
198 1 1 -1 5.8643062867009474 32.279999470710756 0.01 -0.00020000000000000001 1 0.0050759999999999998 65.918783421635624 0.0076139999999999992
198 2 4 -1 4.4680428851054836 57.999998676776883 0.058000000000000003 -0.0038 1 0.026279999999999998 110.06220650728869 0
198 3 4 -1 0.3490658503988659 114.39999735355377 -0.091999999999999998 -0.0050000000000000001 0.99550000000000005 0.030359999999999998 239.41854979653661 0
198 4 2 -1 4.4680428851054836 198.97999550104143 0.073999999999999996 0.00040000000000000002 0.998 0.021840000000000002 464.96516014498172 0.065520000000000009
198 5 9 -1 6.1784655520599268 301.23999311923978 0.30399999999999999 -0.0246 0.98999999999999999 0.23399999999999999 1134.8192272165663 0.52649999999999997
198 6 1 -1 5.3756140961425354 429.779990208149 0.61199999999999999 0.018200000000000001 0.98050000000000004 0.0065160000000000001 2051.1277387446721 0.019547999999999999
198 7 9 -1 5.3058009260627621 576.69998676776891 0.048000000000000001 -0.019 0.97450000000000003 0.29699999999999999 4843.6352869370648 0.44550000000000001
# rec 199 class 6 nop 0 nob 0 draws 1 float 0
