#ordinal	x	y	z	name	classtag	bodies
0	4342128	-4559934	-807862	FENIA	0	1,2,3,4,5,6,7,8,9,10,11,12,13,14,15,16,17,18,19,20,21,22,23,24,25
1	4311056	-4586995	-631821	UNFRUITFUL	0	1,2,3
2	4273200	-4648925	-986128	DIALIS	0	1,2,3,4,5,6,7,8,9,10,11,12,13,14,15,16,17,18,19,20,21,22,23,24,25
4	3797488	-4355365	-1030058	LYONESSE	0	1,2,3,4,5,6,7,8,9,10,11,12,13,14,15
7	3997488	-4363426	-1144751	LLANFAIR	0	1,2,3,4,5,6,7,8,9,10,11,12,13,14,15,16,17,18,19,20,21,22,23,24,25,26
9	4142128	-4582625	-648170	AIRA	0	1,2,3,4,5,6,7,8,9,10,11,12,13,14,15,16,17
11	4273200	-4565722	-747991	FAIRY	2	1
14	4642128	-4525898	-1103723	SILENT KING	0	1,2
16	4373200	-4547211	-883866	CORAL	9	1,2,3,4,5,6,7,8,9,10,11,12,13,14,15,16,17,18,19,20,21,22,23,24,25,26,27,28,29,30,31,32,33,34,35,36,37,38,39,40,41,42,43,44,45,46,47,48,49,50,51,52,53,54,55,56,57,58,59,60,61,63,64,65,66,67,68,69,70,71,72,73,74,75,76,77,78,79,80
25	4066416	-4619160	-1022930	TWINKLE	0	1,2,3,4,5,6,7,8,9,10,11,12,13,14,15,16,17,18,19,20,21,22,23,24
27	4479984	-4563093	-636603	MOUSE	6	
28	4479984	-4463093	-575170	CHARON'S SHIP	6	
29	4379984	-4531379	-714766	BEACON	11	1,2
30	4204272	-4597716	-1038541	ELECTRA	1	1,2
34	4579984	-4773244	-735859	LAST HOPE	0	1,2,3,4,5,6,7,8,9,10,11,12,13,14,15,16,17,18,19,20,21,22,23,24
37	4304272	-4664874	-1062549	TORCH	5	1,2,3
41	4517840	-4425313	-473575	OBSTACLE	0	1,2,3,4,5,6,7,8,9,10,11,12,13,14,15,16,17,18,19,20,21,22,23,24,25,26,27,28,29,30,31,32,33,34,35
55	4211056	-4491175	-595767	ELMYRA	0	1,2,3,4,5,6,7,8,9,10,11,12,13,14,15,16,17,18,19,20,21,22,23,24,25
58	3666416	-4731653	-785554	VANESIA	0	1,2,3,4,5,6,7,8
61	4035344	-4684112	-921463	SOPHIA	0	1,2,3,4,5,6,7,8,9,10,11,12,13
62	3935344	-4324120	-784352	PORTAL	0	1,2,3,4,5,6,7,8,9,10,11,12,13,14,15,16,17,18,19,20,21,22
64	3497488	-4108808	-724805	ADRASTHEA	0	4,5
67	4517840	-4925313	-453040	GREY WIDOW	6	
68	4104272	-5030559	-914575	WILLOW	6	
70	4197488	-5171488	-1373321	ARCADIA	0	1,2,4,5,10
75	4373200	-4747211	-850301	GROAK	6	
77	4111056	-4595355	-531038	QUEEN	0	1,2,4,10
81	3973200	-4621255	-443356	SIBILLA	0	1,2,3,4,5
85	3979984	-5143407	-98451	MIRACLE	3	4
87	4362480	-5219787	451177	CHILD OF THE DAMNED	0	3,4,5
90	4079984	-5322487	-148429	NORWAY	0	1,2,3,4,5,6,7
93	5131408	-4786922	-285255	REMIGIA	0	5,7
95	4717840	-4843207	-729075	DILECTA SCRAMBLED	0	5
97	4066416	-4445367	-1188702	AREPONE	0	1,3,5,8,9,14,15
101	4266416	-4655884	-1181596	DESDEMONA	0	2,5
103	4279984	-4628393	-549462	SPYRA	0	2,3,4,6,7,10,17,18
106	1952848	-5085046	61557	BLUE FURY	1	1,2,3,4,5,6,7,8,9,10,11,24
108	3259632	-4697415	-785262	AMATERASU	0	1,2,3,4,5,6,7,8,9,10
114	4424624	-5286076	-32632	ATZEL	0	1,3,4,7
119	4642128	-5025898	-1054674	LANTERN	0	1
123	4366416	-5139783	-1340666	BLINK	11	1,2,3,4,5,6,7,8,9,10,11,12,13,14,15,16,17,18
124	4173200	-4684233	-677795	HEATER	0	3,4
133	4355696	-4964845	-249621	FORTUNE	0	3
135	-18928	-29680	-67336	BALASTRACKONASTREYA	0	1,2,3,4,5,6,7,8,9,10,11,12,13,14,15,16,17,18,19,20,21,22
155	3652848	-4721750	-1527226	AMARILLA	4	5,6,15,18,20,21
162	3846064	-5800261	-1971425	BEAUTY JUNIOR	9	6
177	3377136	-4558630	-1790935	GLIMMER II	4	5,10,17,32,33,34,35,36,37,38,39,40,41,42,59
178	4177136	-4758332	-2550808	INFANTUS	9	1,3,10,22,38
182	3963568	-4820590	-3218725	BLAETH	11	1,2,3,4,5,6
184	3236432	-4900864	-3865708	FIRST-ZERO	0	1,2,3,4,5
185	2674288	-5035112	-3169307	DISAPPOINTMENT	0	1
186	1216080	-5223402	-3128874	MASSARAI	0	4
188	246064	-544425	1557082	MOTHER	4	1
211	1373200	-778257	2089632	BOUNTY	0	1,2,3,4,5,6,7,8,9,10,11,12,13,14,15,16,17,18,19,20,21,22,23,24,25
217	2355696	-920154	2032037	SPANIANA	0	1,2
219	2786768	-993580	1300493	UNSUITABLE	6	
220	4776048	-1351212	873306	BARREN	0	
222	4193552	-1728711	281299	FERTILIA	0	5
223	3129648	-4755058	-4219207	EMMA YA	6	
224	4181072	-4821938	-4274269	LIGHTNING	1	3
229	4348912	-3923012	-386959	PRODIGE	9	1,2,3,4,5,6,7,8,9,10,11,12,13,14,15,16,17,18,19,20,21,22,23,24,25,26,27,28
243	1962480	-818203	2606087	GOLIATH	4	1
293	3866416	-4813508	-735695	ROTOR IGNE	8	1,2,3,4,5,6,7,8,9,10,11,12,13,14,15,16,17,18,19,20,21,22,23
296	2952848	-4848045	-883575	ENGIROTORTES MAJOR	8	1,2,3,4
320	4142128	-4282625	-592209	FRISOFORA	0	1,2,3,4,5,6,7,8,9,10,11,12,13,14,15,16,17,18,19,20,21,22,23,24,25,26,27,28,29,30,31,32,33
322	3121776	-4855657	-847391	BENNY MAJOR	8	1,2,3,4,5,6,7,8,9,10,11,12,13,14,15,16,17,18,19,20,21
361	3552848	-4533415	-1460079	ATANOR	6	
362	3383920	-4384937	-1358521	MUNICH	0	1,2,3,4,5
369	3252848	-4375194	-1151718	ANDRAMON	2	1,2,3
372	2521776	-5015370	-132554	COCA E RHUM	8	1,2,3,4,5,7,8,9,10,11,12,13,14,15,16,17,18,19,20,21,22,23,24,25,26,27,28,29,30,31,32,33,34,35,36,37,38,39,40,41,42,43,44,45
394	-56784	-15693	-129542	YLASTRAVENYA	0	1,2,3,4,5,6,7
441	174288	-44389	-688771	IDEAL	0	1
480	239280	-632515	1210717	GEMINI PRIMUS	8	1
507	4217840	-4251864	-191307	ATHLASSIA	2	1,2,3,4
511	3159632	-5861048	-488959	CANPHORA I	8	1,2
525	1701424	-5489661	-530841	LONELY GIANT	4	
526	3008208	-5683926	-1431904	BIG BROTHER	8	1,2,3,4,5,6,7,8,9,10,11
538	1970352	-5270044	-562318	UNTRUELY MULTIPLE	8	
539	2459632	-5106073	-5509	UPHRET ALPHA	8	1,2,3
543	4048912	-4271060	-89414	KONNRAD'S FIRE	4	1,2,3,4,5,6,7,8,9,10,11,12,13,14,15,16,17,18,19,20,21,22,23,24,25,26,27,28,29,30,31,32
545	4673200	-4422749	-1215685	QUENCH	6	
547	5179984	-4424194	-1495125	MONDAY	1	1,2,3
550	4755696	-4989030	-530150	LIGHTTOWER	11	1,2,3,4,5
557	4142128	-5182625	-629021	TRIUMVIRATE - CAESAR	8	1,2,3
560	4511056	-5078635	-871082	WITCH	10	1,2
564	4162480	-6132645	587893	RETREAT	0	1,2,3,4,5,6,7
565	4889616	-8798910	1335199	SHELL STATION	6	
566	3542128	-4319626	-23198	AZURE	8	1,2,3,4,5,6,7,8,9,10,11,12,13,14,15,16,17,18,19,20,21
577	3648912	-4732863	353992	TREASURY	0	1,2,3,4,5,6,7,8,9,10,11,12,13,14,15,16,17,18,19,20,21,22,23,24,25
588	3466416	-4409260	-647355	ACHATES	6	
591	3459632	-4362483	-1005168	LYON'S PRIDE	3	1,2,3,4,5,6,7,8,9,10,11,12,13,14,15,16,17,28,29,32,33,34,35,36,37
592	3552848	-4245109	-1290363	HYPNOS	8	1,2,3,4,5,6,7,8,9,10,11,12,13,14,15,16
609	2846064	-4721160	-1042736	ASTARIA	0	1,2,3,4,5,6,7,8,9,10,11,12,13,14,15,16,17,18,19,20,21,22,23,24,25,26,27,28,29,30
614	3266416	-4234407	-205776	DESTINY	0	1,2,3,4,5,6,7,8
620	3828560	-4347754	-1069241	AARAU	1	1,3,6,11
622	22864	-5412632	-1498963	LENTIL	11	
623	-1021776	-5360925	-963062	SNOOKER BALL	10	
630	-1032496	-5288368	353369	TANGERINE	4	
633	-839280	-4633030	-282228	PEPPER SPEAR	0	1,2
637	3683920	-4221661	-1662156	ROGUE I	2	1
638	3608208	-4273476	-2115401	COLD STAR	8	1
640	3601424	-4345494	-2419251	BASSALEG	1	2
642	3087856	-4383737	-2767901	MILLENCOLIN	11	2
644	3835344	-4433056	-746195	TWO DAUGHTERS	0	1,2
647	156784	-84958	479267	DEPOT	6	
652	3014992	-4469307	-1109646	ZARSH	0	3,4,9,10
653	4073200	-4400279	-797583	TVIP	0	
655	3535344	-5122009	-387026	PALANDRIA	0	1,2,3,4,5,6,7
664	-1132496	-30467	201715	THALASK	0	3,5,6,22
674	3283920	-4372695	-1275337	OSSE	6	
675	-156784	-37190	-85076	SHTAMAN	0	1,2,3,4,5,6,7,8,9,10,11,21
691	3452848	-4418536	-1229104	DECONSTRUCTION	2	1,2,3
694	3352848	-4291963	-1128113	REIKYUUSHA	6	
697	3321776	-4423134	-972480	PETRA	0	1,3
699	3659632	-4375081	-973353	USSHER	8	1,2,3
700	3766416	-4377313	-926318	CLEPSYDRA	4	1,2
702	3697488	-4416870	-865835	RABBIT LEAP	5	1
705	4132496	-4198862	-3097695	MALAKIS	0	1
707	3656784	-4128231	-3131101	RABBIT HOP	6	
708	2750000	-4184912	-2582183	HANNAKA	0	
709	3463568	-4138523	-2428710	MANOLO	11	
710	3125712	-4146492	-2490746	MANAGA	1	1
712	2656784	-3863163	-2075846	BLACK CURTAIN	1	
713	2801424	-3939203	-1655792	BLACK ICE	1	1,2,3,9,12,15,16
715	3170352	-4039313	-1817825	ZATATAKOWSKI	0	1
717	3232496	-4109312	-2131775	KARINE	3	1
720	270352	13563	884672	GALVANA	0	1,2,3,4,5,6
725	-136432	-45069	1070467	TYRANT	0	1,2,3,4,5,6,7,8,9,10,11,12,13,14,15,16,17,18,19,20,21,22,23,24,25,26
727	3004272	-3998610	186034	KANE	0	1,2,3,4
732	3266416	-4034407	-194481	PROXIMO	0	4,5,11
735	2766416	-3796421	167479	CHECKMATE	0	1,2,3,4,16
740	4097488	-4332993	-1292308	GNOME	5	
741	3859632	-4323690	-1390548	CURIAN	2	1,2,3,4,5,6,7,8
756	3890704	-4320850	-1439499	QUAERIAN	8	1,2,3,4,5,6,7,8,9,10,11,12,13,14,15,16,17,18,19,20,21,22,23,24,25,26,27,28,29,30,31,32,33,34,35,36,37,38,39,40,41,44
777	3966416	-4699706	-1094185	LI-1	6	
778	3452848	-4714008	-1406861	HAVEN	0	3,4,5,7
784	3828560	-4747754	-1135269	ROMA	0	1,2,3,4,5,6,7,8,9,10,11,12,13,14,15,17,18,19,20,21,22,23,24
788	4035344	-4784112	-864143	TIFERET	3	3,12,15
790	4379984	-4752941	-462900	WRAECA	10	1
792	4686768	-4939542	-603207	SPENT	6	
793	4793552	-4997362	-232985	WILL O' WISP	11	1
795	4617840	-4849796	-572610	DEPOT2	6	
796	3759632	-4375620	-1297103	TANDERUS	6	
797	3146064	-4414890	-1328862	METRIIA	0	3,5,7,9,11,21
804	3835344	-4633056	-665323	SOLITARIA	11	
822	3766416	-4629610	-721972	SOLARIS LUPUS	0	1,2,3,4,5,6,7,8,9,10,11,12,13,14,15,16,17,18,19,20,21,22,23,24,25,26,27,28,29,32,33
833	256784	-20787	374538	PESHT	7	
834	425712	-34229	248688	LUTHIEN	6	
835	770352	-131847	665208	CHANDLER	10	1
837	508208	-149311	1051647	BENJAMIN	9	
838	163568	-107470	773613	CAMLANN	5	1,2,3,4,5
840	3470352	-4125558	-2108445	SOMBA	0	
842	4042128	-4393971	-537189	RED MASK	9	
843	3466416	-4809260	-635953	FELANA	0	2,4,5
845	4011056	-4899534	-416736	NYMA	6	
846	4224624	-5110857	265322	SAMARKAND	0	1
848	18928	-40432	159913	JULIA	0	1
849	470352	-227341	756293	ABI	9	
850	532496	-240661	581056	EMILIE	9	2,3
853	1239280	-487133	187162	MARIE EVE	5	1,2
856	732496	-621830	298907	MICHELLE	2	1,2
859	501424	-961296	581245	LIGEIA	7	
860	1052848	-1236149	1272524	GABRIELLE	1	6,15
862	587856	-70599	-335898	ENTOMERIS	1	1,2,3,4,5,6,7,8,9,10,11,12,14,15,16,17,18,19,20,21,22,23,24,25,26,27,28,29,30,31,32
876	856784	-115105	-490277	SAVITAR	6	
884	4855696	-5021075	-427237	AURALA	0	1,2,3,6,9
890	4066416	-4345367	-1213037	PRIMEIRO	6	
891	3883920	-4546144	-1942429	DARK STAR	5	1
929	339280	-101762	1148923	LOS	2	1,2,3,4,5,6,7
937	232496	-156762	766748	RED EYE	3	
938	446064	-140246	1406798	NEW AVALON	8	1,3,4,5,6,7,8,9,11,12,13,14,15,17,19,20
940	521776	-95961	1811900	COME HERE NEXT	7	1
956	408208	-141826	1103489	HALBWOLFS QUASAR	11	
957	3535344	-4622009	-336319	SKYE	0	
958	3328560	-4728964	-571556	SUMU	0	
959	3290704	-4837570	-933229	ZZ9-PLURAL Z-ALPHA	0	1,2,3,4,5,6,7,8,9,10,11,12,13,14,15,16,17,18,19,20,21
981	3935344	-4824120	-724426	OUTREACH	4	
1003	4366416	-4339783	-1219192	KRYANNI	1	1,2,3,4,5,6,7,8
1008	3552848	-4333415	-1509004	LIANE	6	
1009	3070352	-4346159	-1684178	GRISAILLE	6	
1010	2825712	-4348582	-2160308	MORNE	6	
1011	2818928	-4348493	-2551282	STEPPE	6	
1012	2543216	-4381058	-2840885	FRIENDLY INN	6	
1017	4059632	-4388757	-1624134	ISHTAR	9	1,2,4,6,7,8,11,12,20,38,39,42,45,46,47,49,50,51,52,53,56,70,71
1048	4104272	-4330559	-852568	ABRAXIS	1	1,2,3
1052	3721776	-4227015	-1407043	DEAMOND	11	1
1053	3659632	-4227550	-1146095	JULIUS	4	1,2,4
1062	4304272	-4864874	-1110519	RED SISTERS	8	1,2,3,4,5,6,7,8,11,16,17,18,19
1065	4073200	-4600279	-799854	GYN	4	1,2,3,4,5,6,7,14
1074	3904272	-4365172	-679394	LIGHTHOUSE	4	1,2
1079	4686768	-4339542	-574721	XNO 1	6	
1080	4255696	-4326031	-110887	LISTA 1	6	
1081	4117840	-4327381	-111080	CLYSTRA	10	1,2
1096	4273200	-4348925	-1047278	SARIKA	8	1,2,3,4,5,6,7,8,9,10,11,12,13,14,15,16,17,18,19,20,21,22,23
1097	4059632	-4333879	-1442615	XANDAR	2	1,2
1100	4373200	-4523248	-1133268	CORNELIA	10	
1101	4811056	-4866096	-1190366	SAN CRISTOBAL	6	
1102	4973200	-4867216	-1427823	ALUNDRA	3	1,2,3,4,5,6,7,8,9,10,11
1114	4979984	-4913850	-1102867	JAVALATH	2	1,2,3,4,5,6,7,8
1123	5773200	-4956989	-2473711	WIT	6	
1124	6073200	-5011030	-2735168	POSEIDON	1	1,2,3,4
1129	6048912	-5024188	-2079836	ARID	0	1,2,3,5,6
1135	6555696	-4832326	-2337595	NEW FELYSIA	0	4,10
1139	3077136	-4447919	-1286006	TOURRESH	0	1,2,3,4,5,6,7,8,9,10,11,12,13,14,15,16,17,18,19,20,21,22,23,24,25,27,28,29,31,32,33,34,35,36,37,38,39,40,41,42,43,44,45
1182	3308208	-4544237	-1774859	THE UNDERDOGS	11	1,2,4,14
1187	3408208	-4320650	-1944684	LAP931	7	
1188	3194640	-4015176	-2454232	GAMESPY	8	1,2,3,4,14,15,24,40,41,43
1199	2512144	-3989701	-2674709	ORIONBLADE	3	1
1201	1974288	-3727656	-2263043	HOF 1	0	1,2,3,4,5
1207	2374288	-3844078	-2706797	HOF 2	0	1,4
1210	2550000	-3850000	-2650000	ABANDONMENT	11	
1212	2974288	-3903174	-3326370	CELESTIAL	1	1,6,26,27
1221	4613904	-4279877	1160764	HALLOWEEN	4	1,2,3,4,5,6,7,8,9,10,11,12,13,14,15,16,17,18,19,20,21,22,23,24,25,26,27,28,29,30,31,32,33,34,35,36,37
1255	4855696	-5027844	-732805	ARIES	0	4
1257	-132496	103272	-565955	LEBRIZ	0	4
1262	39280	-262948	1450474	KALANTA	5	
1263	-122864	-281953	1858744	ZEROA	8	1,2,3,7,8
1270	4259632	-4344350	-1559886	GELBEN	0	3,6,7,16
1274	4528560	-4391346	-1746540	YASHMAK	0	3,4,6
1276	3952848	-4679972	-1872131	ZAMMARKAND	0	3,4,23,27
1281	3646064	-4704440	-1773666	LIALTAR	6	
1282	3952848	-4820328	-1619072	BRAS	0	3,4,12
1286	2714992	-4354079	-792717	JIRON	0	1,2
1289	2163568	-4986571	-1193383	GREAT LADY	0	1,2,3,4,5,6,7,8,9,10
1300	3690704	-4370114	-1304184	LAVA LAMP	3	1,2,3,4,5,6,7,8,9,10
1302	3852848	-4360565	-1796331	PYSOTRON	11	1
1304	3908208	-4333788	-2413591	ARTIS	0	1,2
1307	4252848	-4268974	-1981463	MASS FLAME	2	
1308	4697488	-4226106	-1920267	PING PONG	10	
1309	4959632	-4228170	-2470531	MAGFOR	6	
1310	4128560	-4403885	-1377859	VETEREC	8	1
1312	4604272	-4397418	-1321038	BLUE BLAZE	7	
1313	4866416	-4334985	-1779783	CHILLED	9	1,2,5,6,9,10,31
1322	3683920	-4321661	-1688096	DEC	0	5,8
1327	4511056	-4378635	-857833	KATERI	0	4
1330	4879984	-4503699	-961220	RED HARVEST	3	1,4,5,11,13
1335	4831408	-4703641	-20912	TELESME	0	5
1340	-363568	-271605	-221691	PSELEMEME	4	1,2,3,6,30
1347	-701424	-293517	-259154	OMIC	0	1,2,3,4,5,6,7,8,9,10,11,12,13,15,16,17,18,19,20,21,22,23,24,25
1359	3742128	-4428007	-203501	PURPLE HAZE	7	1
1362	3879984	-4433256	20761	LAKESIDE	10	1
1363	4024624	-4435637	397924	FADE TO BLACK	6	
1364	3624624	-4454127	768270	CYLORE	6	
1365	3462480	-4481780	1175915	GAUSS	9	1,2,3,4,5,6,7
1371	3738192	-4502467	1540614	HOLE	6	
1372	4113904	-4534813	1608186	TORQUE	6	
1373	3844976	-4358971	1862310	SOLO	8	
1376	3055696	-4479869	1293181	MISERY	6	
1377	2855696	-4518981	1488964	SANITARIUM	6	
1378	2779984	-4521589	1137544	HOLLOW	6	
1379	2373200	-4524218	1084735	NOX	6	
1380	2804272	-4533223	432307	THE VOID	6	
1381	2979984	-4589577	775650	UNFORGIVEN	6	
1382	3324624	-4625763	1138592	SORROW	6	
1383	2955696	-4633889	1382110	BLACKENED	6	
1384	3131408	-4623621	1755683	POE	11	
1385	2642128	-4521735	863778	SARTRE	6	
1387	4159632	-4836827	-1726052	FOUNDER	0	4
1388	4679984	-4440337	-1043044	PLENDERS' STAR	0	3,4
1391	4773200	-4604238	-1231574	MELOSIN	0	3
1393	-5360	-82929	726943	FUORER	0	1,2,3,4
1398	5055696	-4381963	-636466	BET BLAZE	0	1,16
1400	5324624	-4340098	-894947	FUEL STAR	6	
1401	5555696	-4349718	-1121022	COOL RED	3	
1402	6038192	-4321858	-842897	BROWN ORB	5	
1403	5938192	-4342459	-688652	PURPLE LIGHT	7	
1404	6076048	-4328697	-658534	YELLOW	0	3
1407	4586768	-4338966	-492917	BIBELOT	7	1
1415	3611056	-4316254	69343	MILIUM	2	1,2,3,4,5,6,7
1416	5266416	-4848653	-2334774	OSTGARDR	0	4
1418	5248912	-4847794	-1284999	GRAY 1	6	
1421	5517840	-4407998	-1529357	SAPPHIRE	1	1,8
1422	5779984	-4363991	-1880236	RIMMER	2	1,2,3,4,5
1423	4352848	-4395547	-2049316	VALENCIA	4	1
1425	4452848	-4422120	-2217681	GRAY STAR 2	6	
1426	4446064	-4487721	-2624130	VICEROY	4	30
1428	218928	30906	-48140	RIBELLA 75	0	2,4,6,7
1432	570352	17743	592279	PROMISE	0	1,2,3,4,5,6,7,8,9,10,11,12,13,14,15,16,17,18,19,20,21,22,23,24,25,26,27,28,29,30,31,32,33,34,35,36,37,38,39,40
1492	3490704	-4119378	-1033599	CLAYPOOL	0	1,2,3,4,5,6,7,8,9,10,11,12,13,14,15,16,17,18,19,20,21,22,23,24,25,26,27
1511	3152848	-4238818	-947940	TERGIVERSATION	10	1,2
1514	3479984	-4292650	410844	NEO	9	1
1515	-701424	6483	-300588	LONE SUN	0	
1517	-994640	-73062	432928	RUBY	3	4,7,9,29,33
1522	-1070352	-88798	23473	NINTUIT	0	3
1524	-770352	-114475	-280746	AMENTI	4	1,2,3,4,5,6,7,8,9,10,11,12,13,14,15
1540	-939280	-149204	-374227	GLISTER	0	1,2,3
1545	3897488	-4324932	-1025582	JEHOVABOH	8	4
1546	4448912	-4540329	-496923	LOVECRAFT	0	1,2,4,5,6,12,21,22
1548	4821776	-4404922	-2423773	PAUL'S STAR	0	1,2,3,4,5,6,13,14,15,16,17,18,19,20,27,28
1583	3670352	-4880794	-2276340	KHLER3L	11	1,2,3,4,5
1589	3270352	-4901395	-1877069	PHYIEXL	11	1
1590	3897488	-4424932	-1122386	CORNUCOPIA	6	
1591	3277136	-4429407	-1460385	FRONTIER	0	1,2,3,4,5,6,7,8,9,10,11,12,13,14,15,16,17,18
1592	3352848	-4391963	-1106519	ADELPHE	2	
1593	3290704	-4437570	-887888	ELOHIM	0	1,2,3,4,5,6,7,8,9,10,11,12,13,14,15,16,17,18,19,20,21
1623	3174288	-4345848	-3434396	QUATTUOR	8	1,2,3,4,5,6,7,8,9,10,11,12,13,14,15,16,17,18,19,20,21,22,23,24,25,26,27,28
1652	2736432	-4489518	-3373768	RAVAYA	0	4
1654	4248912	-4705694	-255597	PAKALA	0	2,3,12
1661	3979984	-4519436	-341641	PIPOU	11	1,2,3
1665	3804272	-4598014	-584664	FOORMWAH	0	1
1667	4073200	-4700279	-800989	UBU REX	0	1
1670	2708208	-4423615	-1185378	MARIA	0	1,2,3,4,5,6,7
1679	3535344	-4822009	-330388	DEAD STAR OF DAMATS	6	
1680	2783920	-5342560	-724918	STELLA A MOERTE	11	1,2
1683	4179984	-4732638	-338298	STEREO HEAD ROOM	8	1,2
1686	687856	-4192096	-362824	CHARLANTI ALFA	0	4
1688	994640	-4160238	-343727	CHARLANTI BETA	0	
1689	-47152	-490120	2077531	YOMI	6	
1690	-560720	-816391	2077163	DIAN	0	1,2,3,4,5,6,7,8,9,10,11
1702	4473200	-5028644	-1182231	SURREALISM	0	1,2,3,4,5
1705	263568	-40889	697578	LISTA 2	6	
1736	3477136	-4341968	-1645412	CHEVRON	6	
1738	-325712	-61387	-204494	SHELL	6	
1745	3814992	-4409913	-1856513	LUPUS	0	1,2,3,4,5,6,7,8,9,10,14,15,16
1747	3770352	-4542875	-2364699	ICHTENSTEIN	0	3,4,5,6,23,25
1760	3673200	-6071914	-358756	ACHERON	6	
1761	3459632	-5895682	-830421	OUTPOST	0	
1763	3559632	-5919846	-830792	WISP	0	3
1764	3290704	-5937570	-828541	ZEBULON	0	
1765	3059632	-6036884	-363844	GEM	0	4
1767	3297488	-6100747	-456650	DELIRIUM	0	
1769	3128560	-6135234	-428993	IGNUS	0	4,11,13,14
1773	1752848	-5160015	518853	HOPELESS	0	1,2,3,4,5,6,7,8,9,10,11,12
1774	3666416	-4376784	-608561	SNOWMAN	2	1,2,3,4,5,6,7
1782	3535344	-4422009	-342251	BALBERT 1	6	
1783	3879984	-4733256	-28785	BALBERT 2	6	
1806	3473200	-4782739	43271	GIALDORA	0	1,2,3,4,5,6,7,8,9,11,12,13,14,15,16,17,18,19,20,21,22,23,24,25,26,27,28,29,30,31,32,33
1823	3417840	-4918145	586133	DALB-100	5	1
1825	3773200	-4846237	-462749	DALB-101	5	1
1827	156784	-4245538	225243	CHARLANTI MAIOR	0	32,33,38
1831	163568	-4239378	618780	STERIL I	0	1
1833	456784	-4261371	77674	CHARLANTI ALFA	0	3,14,27
1845	4148912	-4488377	-127177	GORGON	0	1,2,3,4,5,6,7,8,9,10,11,12,13,14,15,16,17,18,19,20,21
1866	3804272	-4498014	-620206	PINACLE	1	1,2,3,4,5,6,7,8,9,10,11,12,13,14,15,16,17,18,19,20
1887	4035344	-4484112	-905031	GLOWER	0	1,2,3,4,5,6,7,8,9,10
1898	4273200	-4448925	-983204	LI+-PALOR	6	
1900	3490704	-4419378	-1073553	TRECHEROUS LIGHT	0	1,2
1902	3373200	-4448945	-113757	GARDEN OF LIGHT	0	1,2,3,4,5,6,7,8,9,10,11
1914	3597488	-5147303	-787501	LET US SLEEP NOW	1	1,2
1917	3197488	-4131180	-379678	SHOMI	0	1,2,3,4,5,6,7,8,9
1928	4404272	-4432031	-1197705	DIARAI	0	1,2
1931	5186768	-4366713	-1035312	MARIANNA	9	2
1933	4348912	-4223012	-412744	SABRINA	1	1,2,3,4,14,15,16,17,18,19,20,21
1947	4842128	-4434279	-1348838	UMBER	0	18,20
1950	4655696	-4329115	-291333	SCHOLAR	0	1,2,3,4,5,6,7,8,9,10,11,12,13,14,15,16,17,18,19,20,21,22,23,24,25,26,27,28,29,30,31,32,33,34,35,36,37,38,39,40,41,42,43,44,45,46,47,48,49
1951	3459632	-4395682	-759830	ARCATERA	1	3,16
1953	4255696	-4526031	-42075	LIP 001	6	
1954	3704272	-4430857	-516066	LIPP 001	6	
1955	3979984	-4443407	-24154	LIPP 002	6	
1957	4693552	-4437051	-215966	LIP 002	6	
1958	4324624	-4432930	94268	LIP 003	6	
1959	4807120	-4451397	579737	LIPP 003	6	
1960	3862480	-4439790	977074	LIP 004	6	
1961	4469264	-4387862	683077	CORINTHIA	0	1,5,6,7,13
1963	4255696	-4407340	93768	BRIGADIER	0	4
1965	3786768	-4347922	287600	LISTA 3	6	
1990	3542128	-4619626	37971	NIFORAN	0	1,2
1993	4586768	-4538966	-543419	GAS STATION	6	
1994	3821776	-4329682	-1490527	NOFILUM	7	
1995	3559632	-4419846	-912889	SENSENBRECHT	9	1,2,3,4,5,6,7,8,9,10,11,12,13,14,15,16,17,18,19,20,21,22,23,24,25,26,27,28,29,30,31,32,33,34,35,36,37,38,39,40
2036	4135344	-4444104	-968264	LONLEY	0	
2037	4524624	-4639221	-108214	TENTALON	0	1
2039	4017840	-4633971	46396	CASTOR III	5	1
2041	4786768	-4771191	-649231	HYPERION	8	1,2,3,4,5,6,7,8,9,10,11,12,13,14,15,16,17,18,19,20,21,22,23,24,25,26,27,28,29,30,31,32,33,34,35,36,37,38,39,40,41,42,43,44,45,46,47,48,49,50,51,52,53,54
2047	5255696	-4742851	-876303	VOYGAER	10	1
2052	4083920	-5039555	-2105840	NIRVANA	0	1,2,3
2053	3859632	-4354480	-1203783	TEKLA	9	
2054	3277136	-4229407	-1505653	EXXON	6	
2056	4573200	-4541260	-1089678	ESTRELA FEIOSA 00001	1	2
2058	4879984	-4603699	-1023471	LUX	11	1
2060	5155696	-4627943	-741144	BOOOM	10	1
2061	6469264	-5056815	-1222128	POSTO DE GASOLINA	6	
2063	6076048	-5028697	-657493	SADOC LADEIRA	3	1,2,3,4,5
2069	6082832	-5024378	-346802	MINER	0	5
2073	6251760	-5044996	-324250	TORMENTA	0	1,2,3,4,5,13,14
2080	5869264	-4701184	-847284	LENORA	0	4
2081	4782832	-4395414	997135	PERIHELION	0	3,9
2105	3966416	-4366334	-852728	HUSSELL'S STAR	0	1,3,9,11,12,13,14,15,16,17,18,19,20,21,22,23,24,25,26,27,28,29,30,38
2111	3973200	-4221255	-548021	IMPOSSIBLE	1	5,8,10,12
2113	4179984	-4032638	-261139	OUT OF GAS	6	
2114	4193552	-4028711	290780	QUATERNARY A	8	1,3,4,21,22,23,30
2127	4473200	-4628644	-1188645	VERNE	1	49
2128	2146064	-2235789	-296096	TACITA	0	3,5,17
2140	1677136	-2175648	-46363	REBOOT	9	1,2,3,4,5,6,7,8,9,10,11,12,13,55
2147	1877136	-2242805	-280969	WELLS	5	
2148	3552848	-4233415	-1467931	PYRO'S STAR	3	1
2151	2005360	-4593961	-2537800	DAINICHI	0	4
2153	659632	-127249	1786696	GODSPEED	0	1,2,3,4
2186	3208208	-4136752	-1650948	DOC'S TRUCKSTOP STAR	6	
2187	2456784	-3449420	-2122039	GOD'S HAND	0	1,2,3,4,5,6,7,8,9
2197	4779984	-4243323	-1040694	TIPHAINE	0	1
2199	5248912	-4247794	-1222268	AYEUR	0	
2200	4855696	-4227844	-714594	LIZERJA	0	
2201	5069264	-4218499	-121843	LI+ZLI	6	
2202	4786768	-4371191	-719039	MARKVERMOTTE	0	
2203	4262480	-4297307	380227	DEULHIA	0	1
2204	3817840	-4285005	246314	AVIALA	0	5
2206	3893552	-4278849	633851	NADALIA	0	
2207	3442128	-4130971	176633	GRYNNAA	0	3
2209	-450000	-17755	572308	NOSYEUR	0	
2210	-91792	-28689	1674230	ASIMOV'S LAIR	0	3
2211	-129648	-35701	1371216	LLUKEPOINT	0	
2212	8208	-36174	1539328	CASIRIMI	0	1,2,3,4
2213	43216	-194196	-309558	NAVRADA	0	
2214	-325712	-231538	-12785	NIDFORSPID	0	
2215	-601424	-221860	-411711	GLADYS	0	2,3,4,5,6,13,19
2218	4097488	-4532993	-1286405	TANK STELA	6	
2219	3866416	-4622974	-953228	SMILJANA	0	2,5,6,7,26,27
2226	4473200	-4428644	-1191852	CAMEL9	6	
2227	4028560	-4341484	-1331484	CECILY	1	7,12,17
2229	4142128	-5082625	-566677	CEC	0	3,12,21,28
2235	3766416	-5077313	-924962	INONOMA	11	2
2241	5262480	-4336210	-502049	CORTA'YO	0	1,2
2244	5476048	-4366316	-28049	ST'TAKSI	0	1,2
2248	5169264	-4383567	-129735	ST'ZEB'HUL-ON	0	1,2,3,4,5,6,7
2253	3355696	-4169919	794913	IMMEMORY	0	1,2,3
2257	4893552	-3826601	-384525	DARK ADAPTATION	1	1,2,3,4,5,6,7,8
2269	3804272	-4198014	-595760	TAHNGARTH	6	
2271	1659632	-114730	793578	SOTELYA	0	4
2278	3890704	-4420850	-1491247	PAULON	0	1,2,3,4,5,6,7,8,9,10,11,12,13,14,15,16,17,18,19,20,21,22
2284	4411056	-4582815	-757700	FIREFLY	10	1,2
2287	4479984	-4934365	-769964	TIRENTE	10	1
2295	4479984	-5134365	-725610	RAIDEN	4	1,2,3,4,5,6,18
2301	4317840	-5176347	-243938	BLU	7	
2302	4324624	-5232930	138604	GARAAN	5	
2303	4469264	-5265950	494019	JARN	8	
2306	4055696	-5346452	377776	ZORN	0	1,2,3,6
2309	4262480	-5376216	477371	LARUNE	0	1,2,3,8,9,10,39
2317	3869264	-5844472	1115467	DIANE	0	1,2
2320	3824624	-5929346	628416	SINNEY	0	9,10,11,33
2325	3462480	-6134435	1303272	WOTAN	0	1
2327	2931408	-6222148	1891299	EMPTY	0	
2328	2938192	-6236203	2326941	BRIEN	0	1,2,3,4,5,6,7,8
2340	4077136	-4486435	-2291692	WARANAS	0	1,3,4
2344	1656784	1904	-1129246	LISTA 4	6	
2345	2018928	35086	-1819660	SUPER	3	1,2,3,4,5,6,7,8,9,10,11,12,13,14,15,16,17,18,19,20,21,22,23,24,26,27,28,29,30,31,32,33,34,35,36,37,38
2346	2550000	29419	-2380940	ALIBI	8	
2347	3512144	22540	-3721022	LISTA 5	6	
2348	4143216	69678	-4404773	BRUCINE	2	1,2
2351	4774288	88467	-5061867	SD LITTERBOX	0	1,2,3,4,5,6,7,8,9,10,11
2363	4936432	65419	-5578437	LISTA 6	6	
2431	1670352	-2252727	-258382	MURCHISON'S EYE	3	6,17
2434	3948912	-4353743	29276	GLENGOS	3	2
2435	4469264	-4587862	757049	CS-31	6	
2436	4476048	-4648525	1139478	RR-82	0	1,3
2439	4200336	-5681208	670626	SEPTOS	5	1
2441	4707120	-5664832	598338	GENIA	0	3
2444	3159632	-4649345	-651088	SYDRIS	0	1,3
2445	2446064	-4929519	-588808	RHYDOS	0	3
2447	2077136	-4941035	-475338	MITHRIL	6	
2449	2346064	-5131609	-479817	MARI	0	3
2450	-163568	-102358	-429910	FREEP	6	
2451	2514992	-4443928	-605468	ESSO	6	
2452	1714992	-4334394	207024	FENNBRIDGE	4	
2453	1639280	-4295194	-192315	DONMARTIN	3	
2454	2570352	-4204679	-1204051	SINCLAIR	6	
2455	3160720	-4132452	-4243297	JOLLIGINKI	8	17,28
2458	2478224	-4137036	-4434968	ARCO	6	
2459	2560720	-4324092	-3683165	EISENHERZ	0	3
2461	4043216	-4320747	-4282607	JACKPOT	0	4,5,7,15,17,23
2468	4163568	-4304169	-3430689	NIGHTFALL	8	
2469	4470352	-4327919	-3283633	FENWICK	4	3,10
2471	5177136	-4515695	-3362491	MARKLAND	1	17,27
2474	4187856	-4758060	-3857377	GREASYKIDSTUFF	8	3,4,5,7,9,20,21,27
2475	36432	-433110	-621435	DESOLATION	1	1,2,3,4,5,6,7,8,9,10,11,12,13,14,15,16,17,18,19,20,21,22,23,24,25
2501	5824624	-3443681	-1387119	NOTHING	0	
2502	6476048	-3466443	-819832	SLEEP	6	
2505	-325712	-361387	-164300	ROJOSOL	4	1,2,3,4,5,6,7,8,9,10,11,12,13,14,15
2519	118928	-354763	160959	LONENLUS	6	
2559	4535344	-5346215	-1341121	BLUE CITRINO	7	
2560	4528560	-5391346	-1821751	QUICK STAR	0	4
2562	4390704	-5394299	-2041809	PHOROUS	0	1,4
2565	4566416	-5635813	-1655322	BLUE KARMA	2	
2566	4114992	-5625140	-2241123	BLUE CALX	2	3,5
2569	4759632	-5627311	-2059434	FATALIST	11	
2570	4835344	-5626190	-1638499	LICHEN	0	3
2572	5155696	-4727943	-820349	OBLIVION	3	4,5,13,17,22,25,28
2580	4755696	-4689030	-619630	SOLUS	0	
2581	4662480	-5105071	-47990	SOLUS II	0	
2582	4969264	-5122360	80050	MONUMENT	0	4
2585	4255696	-5026031	-66654	LOST PASSION	0	5
2586	3566416	-4423957	-437988	TANDRA	0	3
2592	-132496	3272	-631914	QWERT	0	
2593	-421776	-275554	-1607571	DSDGSD	7	
2594	-904272	-504804	-2225571	AAAAAAGH	10	
2595	1608208	-2420927	-98459	KAREN'S DREAM	0	1,2,3
2600	-256784	-127615	15421	TREMIRE	0	4
2603	1808208	-2604825	-242513	SILUS	0	3,5
2605	1852848	-2665639	193509	ZOBROK	6	
2613	363568	-105380	678168	ANGEL	4	1,2,3,4,5,6,7,8
2618	494640	-71584	161522	TEXACO	6	
2619	570352	-82257	668065	ALEIA	3	1,2
2622	4152848	-4542401	-1914748	MULTIPLICA	8	
2623	3908208	-4533788	-2386804	BLUE BALL	11	1
2625	4559632	-4547912	-1942346	BLUE SISTERS	8	
2626	5173200	-4530193	-1742258	CHEVRON 2	6	
2627	3408208	-4220650	-1855031	JIMMY	0	1,2,3,4,5,6,7,8,9,10
2636	3177136	-4191473	-1547012	QUADRUBY	8	1,2,3,4,5,6,7,9
2663	4166416	-4303058	-1074192	XNO4	6	
2664	5211056	-4249377	-1602231	FORMIDABLE	11	1,2,3,4,5
2670	5366416	-4261260	-2294659	LISTA 9	6	
2671	5966416	-4240361	-2921107	LISTA 10	5	1
2693	6159632	-4245248	-3438980	BABY BLUE	9	1,2,3,4,5,6,7,8,9,10,11,12,13,14,15,16,17,18,19,20,21,22,23,24,25,26,27,28,29,30,31,32,33,34,35,36,37,38,39,40,41,42,43,44,45,46,47,48,49,50,51,52,53,54,55,56,57,58,59,60,61,62,63,64,65,67,68,69,70,72,73,74,75,76,77,78,79,80
2752	5966416	-4261492	-3111407	LISTA 11	5	1,2
2755	4421776	-4201041	-2115273	DOMINANCE	3	1,2,3,4
2757	4059632	-4188757	-1533164	LISTA 12	6	
2762	-443216	-735706	871493	NEXTURE	0	1,2,3,4,5,6,7,8,9,10,11,12
2776	194640	-452177	563487	LOVER'S ETERNAL	1	1
2778	908208	-554963	552389	GIANT'S TREASURE	8	1,2,3,4,5,6,7,8,9,10,11,12,13,14,15,16,17,18,19,20,21,22,23,24,25,26,27,28,29,30,31
2811	4466416	-4392609	-1400758	NAIS	5	1,2
2813	4742128	-4245624	-1123118	POCAHONTAS	11	3
2816	4442128	-4248589	-942984	ORBITARIUM	0	1,3,5,7
2822	3804272	-4098014	-631302	NADALITAMBEM	0	1,3,4
2827	577136	-125210	990992	LUZEIRO	10	1
2830	4824624	-4836514	-344964	FALCATRUA	0	2,3,6,16
2832	4455696	-4603659	-288488	NO.FUEL.0001	6	
2833	5424624	-4793243	-964596	FNORD	0	1,2,3,4,5,6,7
2841	5931408	-4786028	-1086844	SOUL	0	1,2,3,4,5,6,7
2850	4793552	-4497362	-336952	LARVA	9	1,2,10
2853	5162480	-4492639	-425772	CLOCKWORK ORANGE	4	
2854	5369264	-4544774	-441678	OMNICRON	10	1
2857	4755696	-4489030	-548211	BEELZABUB	8	1,2,3,4,5
2863	4993552	-4486913	-525769	GAS STATION.2	5	
2864	5169264	-4483567	-192952	NO LUCK HERE	3	
2865	4724624	-4514440	-338582	NOTHING HERE	3	1
2866	3277136	-5075052	-1665551	PLENTYFUL	8	
2867	-601424	-21860	-377354	GAS STATION.3	6	
2868	-946064	156848	-609785	LUCY	11	1,2,3,4
2873	3390704	-4178474	-942087	PORT AUTHORITY	0	1,2,3,4,5,6,7
2881	2821776	-4185513	-517299	LISTA 8	6	
2882	2052848	-4204453	7080	NAPHTHA	11	1,2
2885	1283920	-4190011	765689	APHORISM	0	1,2,3,4,5,6,7,8,9
2895	477136	-4141631	1067236	SHOULDN'T HAVE	3	1,2
2898	277136	-4143401	1323863	LISTA 13	6	
2899	-222864	-4125508	1855459	BEYOND HELP	0	1,2,3,4,5,6,7,8,9,10
2943	-822864	-4092963	2445003	TIBERIUS	0	1,2,3,4,5,6,7,8,9,10,11,12,13,14,15,16,17,18,19,20,21,22,23,24,25,26,27,28,29,30,31,32,33
2944	-647152	-4077628	2889298	LISTA 14	6	
2972	4211056	-4791175	-605208	GILGAMESH	0	3,4,5,6
2974	3728560	-4816425	-1027660	MALICE	0	3,5,10,11
2982	4059632	-4833879	-1388853	RA	0	1,2,3,4,5,6,7,8,11,12
2992	3735344	-5273064	-639164	LYNCH	0	1,3
2993	7358544	-845511	-1096003	ALONE	0	
3002	4852848	-4423564	-2774764	ETHYL	6	
3003	3759632	-4730317	-1059475	BALLHAUS	1	5,27,28
3007	1098576	-4614416	-2059487	MYRIAD	4	4
3012	363568	-22957	390916	LISTA 16	6	
3017	-305360	36478	1063592	GREGO	5	1,2
3020	443216	-339279	-663603	LOOKING GLASS	0	1,2,3,4,5
3026	312144	257153	-523914	WHEN	2	
3027	994640	139762	-233042	CADINALIA	3	1,2
3030	1170352	-1373898	-11566	CEEL	2	1,2,3,4,5,6
3037	-12144	-172689	359639	THASP	0	1,2,3
3041	-625712	-286454	344414	LUUN	7	
3043	-336432	-445967	1075440	SINGLE	8	
3044	-605360	-444115	1341802	RID	9	1
3046	-481072	153	650323	KAYD	0	1,2,3,4,5,6,7,8,9,10,11,13,14
3060	-1187856	-195673	1064757	WIRE	7	1
3062	-494640	-120235	-147167	FUEL ONE	6	
3063	-125712	-174213	-150246	FUEL TWO	6	
3064	-63568	-252198	-604977	FUEL THREE	6	
3065	-732496	-134647	-144096	FUEL FOUR	5	
3066	-394640	-177241	-119869	FUEL FIVE	6	
3067	118928	-254763	108909	FUEL SIX	6	
3068	-63568	-152198	-649273	FUEL SEVEN	6	
3069	-563568	-240853	-67984	FUEL EIGHT	6	
3070	118928	-454763	81936	FUEL NINE	6	
3071	287856	-437180	76669	FUEL TEN	6	
3072	-112144	148808	464116	FUEL ELEVEN	6	
3073	163568	-39378	605178	FUEL TWELVE	6	
3074	-618928	-172674	468750	FUEL THIRTEEN	6	
3075	-332496	-80307	-370980	FUEL FOURTEEN	6	
3076	56784	-147947	373948	FUEL FIFTEEN	6	
3077	-632496	-121211	-110296	FUEL SIXTEEN	6	
3078	-563568	-140853	-91368	FUEL SEVENTEEN	6	
3079	-463568	-121765	-178005	FUEL EIGHTEEN	6	
3080	-725712	26372	167064	FUEL NINETEEN	6	
3081	-150000	160748	360233	FUEL TWENTY	6	
3082	-32496	-139402	-696218	FUEL 21	6	
3083	625712	-220217	54766	FUEL 22	6	
3084	463568	-38799	507666	FUEL 23	6	
3085	663568	-36709	271752	FUEL 25	6	
3086	563568	-37608	202666	FUEL 26	6	
3087	587856	29401	-330884	FUEL 27	6	
3088	650000	34495	-460241	FUEL 28	6	
3089	-132496	-40917	-828399	FUEL 29	6	
3090	-618928	27326	579909	FUEL 30	6	
3091	-732496	-34647	-245977	FUEL 31	6	
3092	-532496	-36737	-371018	FUEL 32	6	
3093	-670352	-35653	-404175	FUEL 33	6	
3094	-539280	-37210	-533310	FUEL 34	6	
3095	-639280	-23198	-483887	FUEL 35	6	
3096	-608208	-9866	-813388	FUEL 36	6	
3097	-332496	-38827	-576707	FUEL 37	6	
3098	-339280	-27378	-733206	FUEL 38	6	
3099	-201424	-28450	-753799	FUEL 39	6	
3100	-432496	-37632	-263753	FUEL 40	6	
3101	-550000	-310589	701761	FELL	3	
3102	-712144	-353282	985186	LONE BLUE	7	
3103	-1194640	-427978	595529	KEENWISE	2	1
3112	-525712	-733043	-46430	FETITA	5	1
3113	-587856	-840757	357151	RHYDAIN	10	1
3115	-750000	-1296258	967407	JAGNE	11	
3116	-912144	-1341360	1272711	TINIYTA	5	1
3118	-767504	-1426627	1846213	KINDEN	4	1
3120	3959632	-4409715	-1348823	DANTE B92	10	
3129	5017840	-4316655	-930532	PASKOFF	0	1,2,3,4,5,6
3134	2877136	-4366430	-1053033	AMBIENT	9	3,4,6,7,10,20,21,22,28,30,31,32,35,37,38,48,62,65,66,78
3153	-125712	79198	-348529	LORNADERER	0	1
3155	-301424	130966	-695252	METTPHACC	3	1,4
3158	-477136	174230	-971079	FATHER	10	1
3160	3483920	-4297178	-1497655	RUGLEN HOLON	11	
3161	3521776	-4359539	-1148567	ATX 237	4	1,2,3,4,5,17,18,20,21,24
3172	3246064	-4412800	-1430942	KORAN	7	
3173	3377136	-4458630	-1795513	POEM	8	1,2
3176	2970352	-4448819	-1726659	ARIA	1	1,2
3179	2739280	-4419060	-1283371	DAYLIGHT	2	1
3181	2770352	-4428842	-1448862	BYZANTIUM	10	
3182	2532496	-4432003	-1540265	RUIN	8	1,2,3,5,7,13,14,15,16,17
3193	2839280	-4419379	-1380016	CONSENSUAL WORLD	0	
3194	2832496	-4384829	-1823141	METAMORPHOSIS	3	4,7,8,9,19,27,28,32,34
3203	2387856	-4364330	-2067032	TURMOIL	7	
3204	2556784	-4378082	-2148356	SPIRIT	1	2
3206	2718928	-4334162	-2459888	AWAKENING	4	1,2,3,4,8,22
3213	2850000	-4292078	-2699176	LHASA	11	
3214	2787856	-4319246	-2484980	PLAN 94	2	
3215	2374288	-4344078	-2741157	VOYAGER	9	4,5,9,12,13,15,19,29
3224	-398576	-1138327	1488572	PARESI	1	1,2
3227	-85008	-1143030	1966563	SEVSO	0	1,2,3,4,5,6,10,11,12,13,14,15,16,17
3238	-143216	-8545	755825	JACKLIGHT	0	1,2,3
3242	-843216	-21055	1259908	BENIGNITY	2	1,2,3,4,5,6
3281	-1167504	-2144	2251524	TEMPUS FUGIT	0	1,2,3,4,5,6,7,8,9,10,11,12,13,14,15,16,17,18,19,20,21,22,23,24,25,26
3346	2839280	-5119379	-1347871	POOLSUN	0	1,2,3,4,5,6,7,8,9,10,11,12,13,14
3348	2287856	-5142833	-1994505	MANUIA	0	4
3363	2501424	-5264880	-1367090	FULMIRENS	3	4
3364	2646064	-4925340	-809686	STATORPERT	6	
3365	2677136	-5584941	-898884	SOLAFARENSIS	0	
3366	2601424	-5543702	-1443982	SOLISEE	0	
3367	1956784	-5537178	-1563820	SOLLVERNE	0	3
3369	705360	-6128595	-1315005	SOLLTISSAN	0	3
3371	25712	-24397	664745	SOLLSETRENS	0	1
3373	566416	-112242	2293631	PERDINE	0	3
3375	466416	-435510	2454955	LUANI	4	9
3377	1379984	-741804	2273781	SOLLUSEN	0	5,14
3386	3252848	-4475194	-1237292	NYQUIST 04001	4	1,3,4
3391	3052848	-4443317	-802373	NAUSEUM	0	1,2
3393	3428560	-4060293	-686548	FERRIUM-N002	0	2
3395	3359632	-4045485	-825306	FOOLSFUEL	6	
3396	2570352	-4504679	-1124147	FUEL	6	
3397	2601424	-4543702	-1457171	SOLEM	0	
3400	2777136	-4626086	-1230145	VITADONNA	0	1,5,34,36,37,39
3406	4879984	-4546309	-1156168	BEBECEE	0	1,2,3,4,5,6,7,8,9,10,11,12,13,14,15,16,17,18,19,20,21,22,23,24,25,26,27
3409	5431408	-4570202	-525500	LONEWOLF	10	1
3413	5969264	-4564576	-830164	PALE	0	1,2
3415	6651760	-4614084	-596667	FUEL-NO604	6	
3416	6682832	-4627664	-949488	NEW GATEWAY	3	1
3420	6913904	-4736889	-1244650	FATIMA'S EYE	9	1,2
3421	1611056	-768778	1968943	ISSEI	10	1,2
3424	525712	22777	143187	VILA	0	1,2,3,4
3429	236432	267209	-920508	IMMORTAL	11	1
3431	-859632	254576	-1458795	VEIN	4	1,2,3,4,5,6,7,8,9,10,11,12,13,14,15,16,17,18
3450	-852848	246653	-1145099	FUELSTOP	6	
3451	3773200	-5327206	-226142	KRZAKK	0	
3452	3735344	-5373064	-622706	ORSINAI	0	4,5,6,8,22,23
3459	3904272	-5465172	-666611	DIABLERO	3	1,2,3
3463	3390704	-5478474	-954877	KAGANEK	5	1
3465	3183920	-5560454	-1209816	MOTHER GOOSE	4	1,2,3
3469	2708208	-5523615	-1144671	FERRAYAH	11	1,2
3472	2563568	-5804467	-1750822	PRINCESS CARRAH	3	1
3474	2570352	-5898082	-1391976	SHAYNE	0	1,2,3,4,5,6
3481	2870352	-5993903	-1732830	TABACO	0	1,2,3,4
3486	3997488	-4663426	-1238922	ANCIENT WISDOM	0	1,2
3489	4166416	-4703058	-1033495	KAMIS	0	1,2,3,4,5,6,7,8,20
3499	3904272	-4765172	-710492	TRALFAMAGORIA	8	1,2,3,4,5,6,7,8,9,10,11,12,13,14,15,16,17,18,19,20,21,22,23,24,25,26,27,28,29,30,31,32,33,34,35,36,37,38,39,40
3508	3546064	-4606530	-1639650	JULKA	0	1,2
3511	3521776	-4659539	-1136283	URABURRARA	0	
3512	3690704	-4770114	-1241100	ATOG	10	
3513	2777136	-4875685	-958490	MILLER	1	1,2,3,4,5,6,7,8
3528	-332496	-238827	-579572	CARAGOND	1	1,2,3,4,7
3534	-332496	-138827	-643676	KRY	3	1,2,3,5,6,7,8,9,10,11,12,13,14,15
3549	3714992	-4504837	-1815290	PHOSPIS	0	1,2,3,4,5,6,7,8,9
3550	4090704	-4502659	-1683424	DIPSON-TYGARA	8	2,3,15,16
3557	4051760	-4476756	2070096	TABRAM	9	1,2
3577	5079984	-4521208	-1365907	YOBOP	6	
3578	118928	-54763	135882	DORISIA	0	
3583	7461392	-4749744	980082	XNO9	6	
3587	4069264	-4767857	1180513	LISTA 23	6	
3602	4404272	-4332031	-1225315	ALONESS	0	
3603	4166416	-4322099	-1305235	HARIDAS	4	3,18
3605	3766416	-4329610	-657766	GOVINDA	4	1
3607	3835344	-4333056	-655559	KUNTIDEVI	1	2,18
3609	3535344	-4322009	-410753	BALARAM	3	2
3611	3804272	-4298014	-560218	GAURANGA	9	
3612	3866416	-4313508	-809541	ARJUNA	8	
3613	4073200	-4302744	-547130	RAMA	3	
3614	4035344	-4284112	-888600	RADHARANI	4	2
3616	3928560	-4310155	-1229625	SYAMASUNDAR	0	2
3617	4390704	-4294299	-2024260	SUKRITI	4	
3618	4452848	-4322120	-2158611	TIRTHA	0	5
3620	3959632	-4440688	-1525898	THANOS	6	
3621	3966416	-4599706	-1118705	RIMDELL	8	1,2,3,4,5,6
3628	2601424	-4843702	-1427000	ARBOREA	0	1,2,3,4
3633	2308208	-4917962	-807668	THE GYPSY	10	1
3635	2108208	-4934064	-601836	CALVARY	1	1,2,3,4,5,6,7,8,9,10,11,12,13,14,15,16,17,18,19,20,21
3657	1770352	-4945881	-410751	D'HARGA	0	1,2,3,4,5,6,7,8
3667	2959632	-5084278	-484861	KARINA	1	1
3668	3066416	-5164474	-234173	VASSARI	2	1,2,3
3672	2897488	-5184624	-101273	ORPHAN	0	
3673	2559632	-5522851	117433	LONE WOLF	0	
3675	2659632	-5571140	-153485	CARMILLIA	0	1
3676	2921776	-5619252	-564886	ERG	0	
3677	3177136	-4391473	-1641045	CARTIOUS	11	1,2
3680	2977136	-4457174	-1185882	BIG RED	3	3,4,5,6,7,25,26
3688	3177136	-4491473	-1556990	GLOWESE	9	
3689	3170352	-4589723	-2010247	LOWEN	1	
3690	3070352	-4634807	-1844017	LUNURIOUS	3	
3691	3163568	-4776122	-2203306	WEDIRUS	9	
3692	3770352	-5281363	-2577971	USELESS GREY	6	
3693	3770352	-5242875	-2412732	EDORIAN	0	2
3695	3463568	-5096107	-2664694	QUERIS	0	5
3697	3977136	-5395690	-2198216	GREY STAR 1	6	
3698	3783920	-5333902	-1807549	GREY STAR 2	6	
3699	3859632	-5423690	-1381198	GREY STAR 3	6	
3700	4173200	-5284233	-740468	GREY STAR 4	6	
3701	4386768	-5375669	-267023	GREY STAR 5	6	
3702	4655696	-5629115	-305289	GREY STAR 6	6	
3703	4962480	-5674426	-191700	CATZ	0	4
3705	5800336	-6162999	-854981	REDEMPTION	0	4
3707	5638192	-6304262	-343498	WARMFILLING	0	3
3715	-236432	-411650	1252183	HARD TIMES	3	14
3716	-767504	-626627	1838039	GRAND	3	
3717	-622864	-28231	2472121	NUMBER 18	5	
3722	4152848	-4342401	-1921549	VAMANA	2	
3723	3373200	-4348945	-124213	LILA	3	
3724	3673200	-4371914	-362360	GANGA	5	1,2
3725	3808208	-4326302	-2243413	SANATANA	7	
3726	3877136	-4307596	-2248909	SRIVAS	11	
3727	3025712	-4103498	-2447926	NANDA	2	
3728	3332496	-4049897	-2335163	NIMAI	0	
3729	3877136	-4207596	-2239261	BHAGAVAN	0	3,6
3732	4239280	-4182059	-2754402	YAMUNA	0	1,4,5
3736	3877136	-4204946	-2043728	VINA	1	
3737	4059632	-4233879	-1374725	KATHA	8	2
3739	3777136	-4214201	-1924549	MADANAMOHANA	9	12,13,35
3741	3821776	-4429682	-1462658	DAPHNE	8	2,3,4,5,6
3747	4059632	-4533879	-1447325	LITHINIUS	6	
3748	4297488	-4541055	-1442103	SYLLAB	4	1,2,3,4,5,6,7,8,9
3758	1160720	-4627984	-2440257	FLYING A	6	
3759	-28560	-4607999	-2560039	WHAD'YAKNOW	0	4,10,25,30,37
3764	-1076048	-4642017	-4165830	TRIPLE ZERO	8	
3765	-1189616	-4842327	-4929114	UNION 76	6	
3766	-920688	-4849920	-4913827	RURITANIA	8	3
3768	-720688	-4821874	-5040323	CONOCO	6	
3769	-44976	-5036632	-5238704	MAGLIOZZI	0	4,5
3772	268592	-5068886	-4969992	RICHFIELD	6	
3773	1244304	-5039060	-5313024	ASTURIAS	0	
3774	1575376	-4741973	-5699916	AQUITAINE	0	
3788	2856784	-3834820	-2289199	PROTEUS	0	1,2,3,4,5,6,7
3790	2970352	-3448819	-1792674	LOCTIS	0	1,2,3,4,5,6,7,8,9,10,11,12,13,14,15,17,18,19
3815	2081072	-3041345	-2213185	NEXUS	0	1,2,3,4,5,6,7,8,9,10,11
3829	4004272	-4432329	-752067	SILVIA	0	2,4,17
3832	3711056	-4512074	-85270	EDEN	0	3,5,6,7
3836	3728560	-4216425	-1029518	GAGARIN	0	1,2,3,4,5,6
3843	5800336	-4462999	-925592	ROSVITA	2	1,2
3846	5279984	-3927180	-1560675	MILX	0	1,2,3
3850	5824624	-3843681	-1441242	LONLY STAR	0	
3851	5055696	-3874401	-864939	NX1	0	
3968	3390704	-4378474	-933972	ARCHIMEDES 241	6	
3970	2646064	-4825340	-800943	LEUPREKOTA	0	3
3971	3635344	-4813073	-460792	NAMORZ	2	1,2
3974	2577136	-5194196	-739158	THEON	6	
3975	2339280	-5242070	-821097	ODIE	4	1,2,3,4,5,6,7,8,9,10,21,24,25,26,27,28,29,30,31,32,33
4015	3966416	-4766334	-893636	LISTA 24	6	
4016	4166416	-4803058	-1088856	ANTHEM	3	1,2,3,4,5,6,7,8,9,10,11,12,13,14,15,16,17,18,19,20,21,22,23,24,25,26,27,28,29
4055	3483920	-4397178	-1516481	XNO10	6	
4056	3646064	-4404440	-1810153	LACTOSE	2	1,2,3,4
4061	2539280	-4680565	-1126996	LISTA 25	6	
4087	2777136	-4726086	-1187136	FREE ASSOCIATION	7	1
4089	2770352	-4728842	-1376276	LISTA 26	6	
4090	3359632	-4745485	-930356	POOR EXCUSE	9	1,2,3,4,5,6,7,8,9,10,11,12,13,14,15,16,17,18,19,20,21,22,23,24,25,26,27,28,29,30,31,32,33,34,35,36,37,38,39,40,41,42,43,44,45,46,47,48,49,50,51,52,53
4144	4159632	-4436827	-1722935	GARLAND	0	1,2,3,4,5,6,10,11,12,13,14,15,16,17,18,19,20,21
4160	4097488	-4432993	-1289356	NOSCAR W	6	
4161	3859632	-4423690	-1425445	GONDARF W	2	
4164	29648	-39256	-1082053	MINOCRACY	0	1
4166	-132496	-96728	-566802	SALVA	6	
4179	2863568	-5045371	-2030641	NARATNOS	0	1,2,3,4,5,6,7,8,9,10,11,12
4191	2750000	-5150000	-2850000	EXXENON	6	
4192	2498576	-5228726	-3505735	YMIR	0	1,2,3,4,5,6
4199	3828560	-4447754	-1052980	FIROMACTAL	5	
4200	2852848	-4890171	-624238	RENDROK	0	1,2,3
4204	2773200	-5281245	653143	SERVICES	6	
4205	3507120	-4994985	1808677	IKYAN	9	1,2,3,4,8,9
4212	425712	-934229	162875	DARK JUNCTION	11	1,2
4213	129648	-660434	-1184923	INSIGHT	0	
4214	729648	-611787	-1771237	KLC 210	4	2,7,10
4278	3077136	-4547919	-1242522	GASSMANN	9	2,3
4281	3411056	-4924613	180760	LITHIUM 1	6	
4282	3948912	-5453743	-35342	PETER JACKSON	0	3
4284	3655696	-5393605	753946	LITHIUM 2	6	
4287	4055696	-5979474	83131	ROUGE 1	3	
4289	4055696	-6946452	324438	BULLAERULLAE	0	4
4291	3173200	-7769226	71417	SPILLOPOXYDEN	0	6
4293	181072	-146421	-286406	MAGNOPEA	0	1,2,3,4,5,6,7,8,9
4299	343216	-29704	-630374	QUADOLUX	0	1,2,3,4,6,7
4306	3552848	-4345109	-1320773	SCRU BETA 42	5	2
4307	3966416	-4199706	-1085710	NIKITTY	1	1
4308	1670352	-2052727	-289916	TRISHA	6	
4309	3666416	-5031653	-821054	CELESTRA	0	1,2,3,4,5,6,7,8,9,10,11,12,13,14,15,16
4311	3052848	-5043317	-801922	GORT 42	5	
4327	2770352	-4738986	-1565908	RED DAWN	3	1,2,3,4,5,6,7,8,9,10,11,12,13,14,15,16,17,18,19,20,21,22,23,24,25,26,27,28,29
4410	4079984	-4622487	-248413	XNO11	6	
4442	4042128	-4293971	-433613	LISTA 27	6	
4443	5100336	-4495542	-136525	ULIMPOS	0	1,4,5
4452	4669264	-4132328	493371	LAKANEW	0	1,2,3,4,5,6,7,8
4455	4307120	-4418574	1074241	NOGAS	6	
4456	3969264	-4409540	1033150	GAS1	6	
4457	3876048	-4435559	1533268	MORIA	0	1,2,3,4,5
4463	4628560	-4422675	-1868141	DARTH BETA 1	1	1,2,3,4,5,6,7,8,9,10,11,12,13,14,15,16,17,18,19,20,21,22,23,24,25,26,27,28,29,30,31,32,33,34,35,36,37,38,39,40,41,42
4465	3959632	-4609715	-1242819	BRONZARIA	8	1,2,3,4,5,6,7,8,9,10,25
4478	3779984	-4313464	-58717	SKYFIRE	1	1,2,3,4,5,6,7,8,9,10,11,12,13,14,15,16,17,18,19,20,21,22,23,24,25,26,27,28,29,30,31,32,33,34,35,36
4481	3666416	-4331653	-781911	QUARTZ	2	1
4483	3635344	-4313073	-529975	YOUNG PRINC	9	1
4485	3466416	-4309260	-617438	GOOD DWARF	5	1,2
4488	3359632	-4245485	-948943	NEMEZIS	0	1,2,3,4,5,6,7,8,9,10,12
4522	4879984	-4646309	-1152062	REVENGE	0	1
4524	4804272	-4631733	-1639528	FUEL STOP	6	
4525	4904272	-4729963	-1676767	PARADISE	0	1,2,3,4,5,6,7,8,9,12
4539	3521776	-4459539	-1144473	PIROS	11	1
4541	2977136	-4624315	-1393374	TWINS	8	1,2
4544	2701424	-4691453	-1580131	SECON	7	
4546	2194640	-4737867	-1482477	BLADE	10	1,2
4548	1450000	-4822831	-1246018	EMP	0	
4550	1167504	-4837930	-1943668	HUNTER	0	1,2,3,4,5,6,11,12,13
4559	1811056	-1260418	1857195	GENEZIS	9	
4560	2479984	-1222206	1360192	WORTHLESS	0	
4561	3773200	-4546237	-530012	NEDONOS	0	1,2,3,4,5,12
4568	3935344	-4724120	-788840	SULFUR	11	1
4570	4248912	-4305694	-229069	RED EYE CRYING	3	
4571	4111056	-4295355	-501482	LISTA 28	6	
4603	3955696	-4240660	272744	PYRRHIC FOOLISHNESS	3	1,2,3,4,5,6,7
4611	4362480	-4219787	416496	XNO12	6	
4612	3955696	-4200472	455895	LISTA 29	6	
4635	4269264	-6135814	737130	LISTA 30	6	
4636	4644976	-6123464	991091	LUMINARY	8	1,2,3,4,5,6,7,8,9,10,11,12,13,14,15,16,17,18
4708	-287856	302237	102489	BAROLL	6	
4720	4855696	-4127844	-630397	FULOFUEL	6	
4724	50000	77489	84562	REVENGI	0	
4725	125712	-36319	560104	ATCHOUM	7	
4726	-343216	-133296	734853	AIRONTO	4	1,2,3,7
4730	63568	-13125	763460	ARRAG'S HORN	0	
4731	563568	-3290	468797	HEADSHOT	0	
4732	832496	6513	200211	SOLIBO	0	1,2,3,4,5,6,7
4740	825712	24867	-127109	STROOMF	7	1
4742	1170352	88754	161361	KRIKMEK	2	1
4744	1477136	91510	114082	NAURAD	1	1,2,3,4,5,6,9,12,13,14
4754	1401424	184662	-225378	BITOFDES	11	
4796	3459632	-4495682	-782012	DIVINE GRAYS	6	
4797	4731408	-4421833	52163	PENGUINIX	0	3
4800	2152848	-2023860	-131715	SHIMA	0	
4801	1859632	-2179798	561699	BATTERY	6	
4803	2173200	-2163851	1078175	NEWHAVEN	0	1,2,3,4,5,17,20,21,22
4812	1804272	-2199504	1419721	XEW	0	1,2,3,4,5,6,7,8
4821	4335344	-4395159	-1196999	SORENTY	0	
4822	4266416	-4467760	-1439901	ENTHASSIA	0	
4823	4566416	-4445435	-1449966	BINKI	0	
4824	4059632	-5188757	-1594800	NADEA	0	
4825	4573200	-5202967	-1272722	SANNOS	0	5
4828	4379984	-3952941	-483794	RAPPERS DELIGHT	6	
4829	3704272	-3930857	-435799	BODHI	0	1
4831	3579984	-3907492	88081	GIMLI	7	
4832	3028560	-3972833	-238858	SCHARNHORST	4	
4833	2828560	-4079102	-143723	GARTH	6	
4834	3373200	-4101250	120466	POTEMIK	0	
4835	3159632	-4061048	-448540	NYORA	9	
4836	2952848	-4048045	-905111	HEMOHES	4	
4837	2470352	-4042597	-1117789	EYEBURNER	11	
4838	2494640	-4026202	-1796825	PALPATINE	8	
4839	1681072	-4038936	-1824421	NEWA	10	
4840	2156784	-4346165	-1616885	BEHEMOTH	2	
4841	1443216	-4355381	-1694967	KORGAN	7	
4842	1567504	-4324217	-2528140	SNOOPY	1	1,2,3,4,5,6,18
4843	1453936	-4344046	-2923830	MILKSHAKE	1	
4844	1647152	-5040528	-3623644	GARAN	11	
4845	4611056	-4774456	-921065	MALAKARIA	3	
4846	3997488	-4763426	-1139241	BOROMIR	3	3
4847	3159632	-5049345	-738505	FUTTERMAN	6	
4848	2966416	-5018814	-29724	LAUREL	8	
4849	3179984	-4995549	533680	BELLAMY	0	
4850	2366416	-5551635	539624	EVII	8	
4851	2973200	-5544223	522128	ALLUTUPPURAINEN	7	
4852	2866416	-5642081	-35941	OOLAUT	1	1
4854	3466416	-6040059	-435910	ASIMOV	5	
4855	4679984	-4940337	-923944	YONGERA	9	31
4857	4279984	-4642790	-333510	LOST HOPE	0	
4858	4342128	-4859934	-802867	OLYMP	0	3,23,27
4862	4542128	-4937243	-993893	SAFEREST	6	
5015	3269264	-4427846	1951456	NESS	0	
5016	2824624	-4422179	1640519	BERGA	0	1,2,3,4,5,6,7,8,9,10,11,31
5029	3400336	-4424777	1560025	NOGAS2	6	
5030	3782832	-5033628	2077374	NOGAS3	6	
5031	3062480	-4998009	1743946	GAS2	6	
5032	3128560	-5035234	-318965	LAKRO	1	1
5033	3779984	-5023104	146427	IAVOH	2	1,2,3
5038	3483920	-4997178	-1498364	VICE	8	1,2,3,4,5,6
5045	3859632	-5023690	-1372682	QUOUN	3	1,2,3,4,5,6,7,8,9,10,11,12,13,14,15,16,17,18,19,20,21,22
5068	5873200	-4731312	-2649826	GRAY FOOD	6	
5071	5790704	-5142669	-3366881	PADRE	0	1
5073	5452848	-5225703	-3193770	LONESOME	2	
5074	5190704	-5228316	-2809120	ROCKY	0	
5075	5190704	-5528316	-2752182	OLD YELLER	0	1,2,3,4,6,8,9,10,11,15,16,17,20,21,32,35
5083	3452848	-4514008	-1338737	FILLERUP	6	
5084	-363568	-871605	-260129	SKERRKA	8	24
5087	4648912	-4143891	-648770	PSYR	1	1,2
5090	3563568	-4722361	-2721466	NOVHINA	0	1,2,3,4,5,6,7,8,9,10,11
5094	1387856	-111504	-1046107	VARSITY CLUB	8	
5096	4086768	-4411795	74056	FS 0001	6	
5130	3273200	-4743550	-33747	FSS 0002	6	
5131	2590704	-4844457	-191602	ORANGE	4	4,5
5134	4431408	-5638552	404934	TRIPOD	8	11
5144	4917840	-6092172	-924761	NEW LIGHT	9	1,2,3,4,5,6,7,8,9,10,11,12,13,14
5158	81072	-22514	-150350	ORENN	0	1,2,3,4,5,6,7,8,9,10,11,12,13,14,15,16,17,18,19,20,21,22,23,24,25,26,27,28,29
5167	194640	-52177	527772	FSS 0003	6	
5168	4555696	-6114207	-211628	FLAMEFIRE	3	1,2,3,4,5,6,7,8,9,10,11,14,15,16,17,18,19
5179	2290704	-5021744	172013	MULTI	8	31
5181	2190704	-5111912	223546	ASCS 1	1	
5182	1977136	-5126384	-394992	AWELER	3	16,36
5185	4517840	-4325313	-451468	ASCS 2	2	
5186	4204272	-4297716	-998232	ASCS 3	7	
5187	4711056	-4270276	-1046756	FSS 0004	6	
5188	5204272	-4731435	-2029297	ASCS 4	0	
5189	6142128	-5217859	-2548733	ASCS 5	7	
5190	6755696	-5477189	-2363109	ASCS 6	5	
5191	7069264	-5821286	-1876132	ASCS 7	3	
5192	7369264	-5869058	-2120310	FSS 0001	6	
5193	7476048	-5871993	-2145588	REBIRTH	9	29,38,41
5197	8151760	-5940661	-2058737	ASCS 8	0	
5199	3139280	-4127121	-1710221	ASCS 9	1	
5200	518928	-12088	-250421	AMATA	0	1,2,3,4,5,6,7,8,9,10,11,12,13,14,15,16,17,18,19,20,21,22,23,24
5202	50000	-22511	155537	ASCS 10	0	
5203	-187856	16568	35867	BEALISYC	0	4
5205	12144	-54769	-119378	JENERIA	0	3
5207	-87856	30900	-97571	TERBOUGH	0	3,7
5210	-50000	-50000	-50000	ASCS 11	0	
5211	-225712	-25558	-248256	ASCS 12	7	
5212	2267504	-5265996	-3122477	RIVERA	0	1,2,4,5,10,11
5219	2656784	-5306745	-2228491	VARDA	0	3,10,11,12
5224	3263568	-5440613	-2292194	DEMNOS	1	
5226	2956784	-5439576	-2418075	VORTIS	0	3,4
5229	753936	-5628283	-2542346	SKONNOS	0	5,12,13
5232	271440	-6335982	-2700286	AXON	0	1,2,3,4,5,6,7,8,9
5242	547152	-6444111	-2509830	SV7	6	
5244	-83920	-6858315	-1735966	KALIKA	0	1,2,3,4,5,6,7,8,9,10,11,12,13,14,15,16
5261	-194640	-6822325	-323763	NYARLATHOTEP	0	1,2,3,4,5,6,7,8,9,10,11
5277	-1179984	-7381427	-2429544	PHAROS	11	1
5304	2552848	-5341525	-241069	LARISSA	8	1,2,3,4,5,7,8,9
5313	3352848	-4394601	-1324806	STELLA ROUGE	3	8
5315	4166416	-4403058	-1129554	PULSE	11	1
5317	4293552	-4257950	277464	NOVA SOL	0	1,2,3,4,5,6,7,8,9,10
5328	3921776	-4663420	-1624678	LANDAR	0	1,2,3,4,5,6,7,8,9,10,11,12,13,14,15,16,17,18,19,20,21,22,23
5352	4197488	-4771488	-1391423	KAI	6	
5353	-232496	-5408	-626112	LAN STAR GALAXIA	0	4,10,15
5355	3973200	-4821255	-456559	COLD PS	5	1,3
5358	4124624	-5257711	354740	X	3	1,2,3,4,5
5363	4169264	-5339675	867244	STALIN	6	
5364	3655696	-5455290	543143	LIGHTER	1	1,2,3
5368	74288	-47959	-394282	LENASD	0	1,2,3,4,5,6,7,8,9,10,11,12,13,14,15,16,17,18,19,20,21,22,23,24,25,26,27,28,29
5378	-201424	-128450	-729400	AISHE	5	
5379	43216	-294196	-338795	YONKO	0	1
5381	5360	-336337	-613214	LAINOS	0	1,2,3,4,5,6,7,8,9,12
5393	243216	-551201	-480284	DOUBLE	8	1,2,3,4,21,25
5398	4335344	-4895159	-1181800	AXIS EVKLID	0	1,2,3,4,5,6,7,8,9
5408	4611056	-4874456	-984774	SARASAR	11	
5409	3159632	-4261048	-540412	REANA	10	1
5412	3066416	-4264474	-181197	DEFO	0	1,2,3,4,5,6,7,8,9,10,11,12,13,14,15,16,17
5429	3404272	-4298312	-206727	KOBURG	11	1,2,3,4
5434	3579984	-4607492	169632	BULGARIA	0	1,2,3,4,5,6,7,8,9,10,11,12,13,14
5449	3273200	-4643550	-27133	JEREMY	4	1,2,3,4
5454	3166416	-4641207	-262854	LEINOS	9	
5455	2821776	-4685513	-444062	FREON	0	1,2,3,4,5,6,7,8,9,10,11,12,13,14,15,16
5472	2659632	-5047014	-45246	GERISAT	4	1,2,3,4,5,6,9,10
5481	2359632	-5058003	162880	VERON	0	1,2,3,4,5,6,7,8,9,10,11,12,13,14,15,16,17,18,19,20,21,22,23,24,25,26,27,28,29,30,31,32,33,34,35,36,37,38,39,40,41,42,43,44,45
5500	2052848	-5104453	-23351	SAVER	6	
5528	1921776	-5044011	466387	MIKOS	10	1,2
5531	1383920	-5102252	557940	LIA	11	1,2
5534	1759632	-5074183	860417	LEPTA	5	1,2
5537	1077136	-5101958	671110	GRAVITY	7	
5538	270352	-5086437	857022	LUTAR	1	1,2,3,4,5,6,7,8,9,10,11,12,13,14,15,16,17,18,19,20
5559	652848	-5094897	1459881	RIO	3	1,2,3,4,5,6,7,8,16,17,18,19,20,21,22,23,24
5577	52848	-5109527	1966880	SKRAT	11	1,2
5580	735344	-5093662	2409548	POSTER	2	
5581	-40368	-5083976	2470886	MUMU	4	1,2,3,17,18,19,20,21,22,23,24
5594	167504	-9588	-1095583	LAN STAR NOVA2	0	7
5598	4066416	-4519160	-940136	XNO13	6	
5599	4817840	-4567690	-774077	TROUBLED	0	1,2,3,4,5,6
5646	3979984	-4619436	-235715	MINOR RICHES	9	1,2,3,4,5,6,7,8,9,10,11,12,13,14,15,16,17,18,19,20,21,22,23,24,25,26,27,28
5676	-1211056	-7738262	-2314226	TANG	4	6,26
5678	3904272	-4465172	-654400	RASANI	6	
5679	4511056	-4478635	-897175	NAZAER	6	
5680	5011056	-4457736	-1330362	YARET	0	
5681	5273200	-4442754	-1815816	VUREG BES	6	
5682	2288944	-4542138	-5770409	DELUSION	0	3,14
5693	3787856	-4303144	-3497643	PHILLIPS 66	6	
5694	4081072	-4229104	-4120847	MESHUGGAH	0	3,6
5697	3574288	-4605873	-4024132	NO LITHIUM	6	
5698	2547152	-4630355	-4479648	KIELBASA	4	5
5700	2578224	-4648701	-4630407	VINCE LOMBARDI	6	
5701	1375376	-4768945	-5652465	ISLANDIA	9	4,5,11,16
5716	5662480	-4424480	-1102953	IMAGINOS	0	3,7,16
5720	4386768	-4875669	-311986	NOFUELHERE	6	
5721	-294640	-134247	-230823	FONTE	6	
5722	-746064	-220521	-957699	IKAR	11	1
5724	-890704	-333652	-1384376	AGARASH	3	5,7,22,34,38,39,40,41,44,50
5739	87856	-294186	153360	DAGON	6	
5740	94640	-433089	597304	SOMMENDLING	4	5
5742	-36432	-455799	848018	XZOR	1	
5743	-470352	-240152	-611320	ERRANTE	10	
5744	4766416	-5182159	-1657104	RYMTES	6	
5745	5028560	-5841207	-2327894	ELWYTH	0	
5761	3070352	-4834807	-1861297	LIFEGIVER	0	1,2,3,4,5,7,9,11,12,21,29,30,31,33,41
5762	3177136	-5238663	-1391711	SALAH	9	3,30,31,33
5768	3446064	-5308620	-1544961	SATVA ALPHA	8	1,2,3
5771	87856	-94186	190820	VALIETA	7	
5772	225712	-279313	393031	ORETA	4	
5774	-318928	-751177	278205	KAHDEON ALPHA	8	1,2,3,4,5,6,7,8,9,10,11,12,13,14,15,16,17,18,19,20,21,22,23,24,25,26,27,28,29,30,31,32,33,34
5805	56784	-747947	256454	GAMLADRIFAL	6	
5822	3786768	-4447922	281360	HILLO	6	
5823	3435344	-4462017	-334724	VOBOU	2	
5824	4531408	-4420360	324033	OUJUN	0	1
5826	4593552	-4407812	-103205	SRI JIKO	0	5,6,15
5827	2697488	-4776562	85286	WREYA	0	1,7
5830	2352848	-4731602	-293365	HOUIT	6	
5852	4542128	-4537243	-1038138	PATHOLOGICAL	1	1
5883	4693552	-4337051	-151431	LUTON	6	
5923	2914992	-5064231	-923148	YITTIMUS	0	1,2,8
5924	3028560	-5672833	-253097	DARK MOUNTAINS	11	1,2
5926	2473200	-4536779	958003	MAX	0	3
5939	-370352	-661330	-712610	SCRAT	9	1,3,9,10,11,12,13,14,16,17,18,19
5941	643216	-796285	-897014	ROGE	10	
5943	1601424	-1341910	-484972	MARKSTAR	0	3
5944	1877136	-4742805	-279081	ZUABON	3	1,2,32
5948	1732496	-4983037	-641692	UURAN	6	
5949	1970352	-5006442	-771498	MOLLY	5	1
5951	2132496	-5007520	-1099311	TSLAN	0	1,2,3,4
5956	2170352	-5025280	-827130	URMAAN	4	2,6,9
5960	1825712	-5011857	-1246317	ASDEV	6	
5961	2094640	-4987707	-1440778	TIRREB	0	1,2,3,9
5965	-167504	-132280	1247961	DAZIARN	3	7
5967	-705360	-225027	1475553	RYVIN	5	
5968	-667504	-267212	1651701	AYHR	1	
5969	-1029648	-548240	2272061	INAAW	6	
5971	-439280	-382294	-657704	EREBOR	5	
5972	-156784	-437190	-22791	TANITH	7	
5975	4442128	-4548589	-869654	ONE PAIR	8	1
6015	4831408	-4303641	41554	LISTA 31 LIFESAVER	5	1,2
6051	3928560	-4010155	-1129654	CLARK	0	
6053	3811056	-707894	-212149	ELRAINE	0	3
6058	3942128	-5205316	-399683	BETAL FLISS	8	1,2
6060	3635344	-5313073	-522680	KARHALATI FLISS	8	2,3,13
6063	3573200	-4864228	-41934	CASISIS FLISS	8	2,3,4,5,7
6067	2283920	-2881353	-341573	MUPILTA FLISS	8	1,2,3,5
6072	2190704	-3511912	257550	PUKANY FLISS	8	1
6074	2759632	-4119210	-264154	BULITIS FLISS	8	1,3,4
6079	2101424	-2442806	-935556	GUMBLIS FLISS	8	2,3,4,5,6,10
6086	3759632	-4275620	-1248572	ZACHS "LITTLE BLUE"	1	8
6090	3577136	-4225788	-1928149	ZACHS FLAMIN GOOD	0	5
6091	3452848	-4318536	-1143623	ZERCANA 1	2	6
6092	3590704	-4329210	-1140169	ZEGUNDA ROUGE	3	1,2
6095	3659632	-4327550	-1239332	HIGH WAY 3	5	1,2
6098	3290704	-4337570	-909321	SOL BIANCA 1	2	1,2,3,4,5,6,7
6106	2852848	-4328638	-810524	BIG MAMMA	9	3
6108	3346064	-4310710	-1469769	PRIMERA SOL	0	3,7
6111	3001424	-4265776	-1907110	TRIFAMPLE	0	1,2,3,4,5
6117	3177136	-4291473	-1594029	ERAMUL?	8	
6118	3452848	-4314008	-1401686	PITUFINA	7	1
6119	3377136	-4320152	-1539022	BIG BIG ROJO	3	1
6120	3721776	-4327015	-1399718	NOMEDANIES	2	1,2
6123	3446064	-4608620	-1626855	SOLARIA	0	1,2,3
6128	3614992	-4599761	-1671484	GEMELA ALPHA	8	1,2,3
6131	3170352	-4639313	-1832998	ANODAUNSUDAI	11	
6132	2663568	-4230720	-1894134	LI+ SOURCE 01	6	
6133	2556784	-4227335	-1961444	QUINTANA	0	1,2,3,4,5
6139	2394640	-4207114	-1644127	YANASUL	0	1,2,3,4,5,6,7,8
6148	1656784	-4198096	-1143538	OTRASOLAW	0	1,2,3,4,5,6,7,8
6157	-387856	-112094	183080	LOMELORT	0	1,2,3,4,5
6164	3866416	-4513508	-753788	PUERIBUS	0	1
6166	3959632	-4540688	-1516089	MAGNUS	0	1,2,3,4,5,8,13,14,18
6175	2401424	-5017129	-1285587	TRI-POLERI	8	
6176	2270352	-5002262	-1020476	BURON	5	
6177	2546064	-5027429	-634745	FREERUNNER	10	
6178	2346064	-5031609	-426552	GERMU	2	
6179	1939280	-5034008	-439811	BRIKAS	4	1,2
6182	1863568	-5024170	-900202	SWEBUR	0	1,4,5
6186	1418928	-5009998	-1197369	SENIMA	11	
6187	2156784	-4994504	-1835391	KRELLAS	11	
6188	2656784	-4963163	-2146127	XERES PRIMUS	0	1,4,8
6190	2363568	-4920888	-1583242	OJO CALIENTE	7	1
6192	2801424	-4939203	-1747265	JURON	6	
6193	3370352	-4930627	-2185242	KERRY	9	
6194	2574288	-4870940	-3071463	YU FRAJ	0	1,2,3,4
6197	1385008	-4875829	-3235634	SUL REEV	11	
6198	295728	-4860614	-3449496	KRALL	4	3
6200	502512	-4848428	-3204780	LYRON	6	
6201	647152	-4931870	-2580842	MERTON	0	2
6203	998576	-4955001	-1952192	KYAN	0	2,5
6206	2594640	-4276362	-1859682	FILATOV'S STAR	0	1,2,3,4,5
6263	4769264	-4335633	374468	EMPATHY	9	1,2,3,4,5,6,7,8,9,10,11,12,13,14,15,16,17,18,19,20,21,22,23,24,25,26,27,28,29,30,31,32,33,34,35
6299	4976048	-4297664	362894	INDUSTRIAL DISEASE	7	1
6301	4862480	-4208953	-288169	UNNECESSARY ROUGHNES	3	1,2,3,4
6306	-94640	-79331	-533037	LISTA 32	6	
6307	-432496	-203318	-459891	SCRATCHY	2	1
6309	-143216	-490622	457050	RYGAR	4	
6310	-36432	-609560	1046854	TELCHAR	2	
6311	-447152	-1243563	2559842	FEANOR	0	1,2,3,4,5,6,7,18
6320	-1060720	-1439082	2577170	NEBTYX	6	
6321	-371440	-1448346	3083014	KAZAN-OUD	6	
6322	-433584	-1444831	3552647	BAX	6	
6323	-357872	-1468884	3864059	ITHIL	5	2,3
6330	964656	-5286652	-3746302	WHITRED	10	
6338	2460720	-5427705	-3769680	CLAYMOP	1	1,2,4,5,7,10,17,41
6340	3512144	-4877460	-3729284	BLUCHANGE	1	2
6342	1485008	-4177919	-3294996	JUNOVA	0	1,2,3,4,5,6,7,8,9,10,11,12,13,14,15,16,17,18
6362	4535344	-5146215	-1364469	LISTA 33	6	
6380	4779984	-5143323	-1032993	PENANCE	4	1,2,3,4,5
6386	785008	-4963289	-2548483	EORL	11	1,2,3,4
6391	371440	-4949201	-3038617	DUISON	0	1,2,5
6395	871440	-4940780	-3263870	MONTOYA	6	
6396	171440	-4928600	-2829265	OPERNICUM	3	
6397	-511056	-4886608	-3010816	JOTUN	1	1,2,5,8
6402	-386768	-4863624	-3624113	IXEROK	6	
6403	4197488	-4671488	-1428717	SOLMISHAP2X	0	13
6405	4511056	-5278635	-949765	MYSHRI	0	3
6407	4617840	-5449796	-616864	HANDEN1	0	3
6409	4117840	-4727381	-92473	LONSTARNOPLANE	0	
6410	3604272	-4832627	-412972	HANDEN2	0	1,2,3
6413	3866416	-4913508	-773355	HANDEN3	3	1,2,3,4
6417	3204272	-4732925	16061	MONTEGMA	0	1,2,3,4,5,6,12,13
6426	3497488	-4808808	-704715	HANDEN4	3	1,2,3,4,5,6,11,21
6434	3083920	-4648212	-1135470	HANDEN5	0	4,10
6449	-98576	-12650	1186913	MARINA'S STAR	0	3,5
6462	4035344	-4384112	-831279	ABIGAIL	5	1,3,4
6466	4204272	-4397716	-1011668	USHER	8	1,3
6469	4479984	-4434365	-749778	ZAPPA	4	3,4,5
6470	5258544	-4943861	1221422	MOLAR	0	4
6474	4079984	-4222422	-436770	LOUDMOUTH	6	
6475	4479984	-4363093	-644809	ANA	2	
6476	4473200	-4428699	-964194	DEFNEL	10	
6477	4579984	-4373244	-744670	SALUNA	7	
6478	4679984	-4383396	-763247	MANU	5	
6479	4579984	-4237351	-899023	ZINDABAD	4	
6480	4855696	-4421075	-453043	LOUISE MICHELLE	9	
6481	4611056	-4374456	-928373	BAKUNIN	10	
6482	4779984	-4393547	-902205	PROUDHON	2	
6483	4579984	-4437351	-910313	KROPOTKIN	6	
6484	4879984	-4403699	-1030042	FORTIER	11	
6485	4611056	-4474456	-992082	WOWBAGGER	3	
6486	4779984	-4493547	-933179	TRILLIAN	9	
6487	4579984	-4537351	-915957	SLART	1	
6488	4817840	-4467690	-730629	ERIKA	2	
6489	4848912	-4478525	-837942	COMMUNE	3	
6490	4411056	-4382815	-796679	SAMZA	9	
6491	4579984	-4637351	-921602	ALBEDO	10	
6492	4755696	-4389030	-578038	BORGES	6	
6493	4204272	-4497716	-1025104	CAMUS	10	
6494	4686768	-4439542	-645005	CARRE	9	
6495	4879984	-4203699	-1036613	QUUX	8	
6496	4542128	-4637243	-928773	ALMA	8	
6497	4442128	-4448589	-937788	DEBORD	10	
6498	4373200	-4347211	-917432	1.6647	3	
6499	4542128	-4337243	-994725	SPECTACLE	1	
6500	4542128	-4437243	-1016432	VANEIGEM	5	
6501	4511056	-4278635	-949563	SANGUINETTI	8	
6502	4848912	-4378525	-842123	GIANFRANCO	11	
6503	4717840	-4443207	-714807	BLISSET	4	
6504	4793552	-4397362	-279102	JARRY	2	
6505	4611056	-4674456	-988428	LIME	1	
6506	4679984	-4140337	-1035861	KOTYIANI	1	
6507	4104272	-4430559	-917600	TARDI	4	
6508	4373200	-4447211	-900649	BORKBORK	1	
6509	4679984	-4540337	-1045438	GENTLY	9	
6510	350000	-244008	-229613	GARFUN	2	
6511	256784	-120787	322671	MILES	6	
6512	218928	-69094	28073	RIVER	0	
6513	450000	-151174	-312855	XB323	2	
6514	250000	-136843	-143804	KIKI	0	
6515	350000	-144008	-159151	AUSTER	1	
6516	418928	-97757	-145485	LUTZ	0	37
6517	425712	-134229	210026	SIJIE	5	
6518	256784	-74201	62198	DAI SIJIE	7	
6519	287856	-37180	-27643	KNOCK	0	1,2,3,4,5,6,7,8,9,10,11,12,13,14,15,16,17,18,19,20,21,22,23,24,25,26,27,28,29,30,31,32
6520	350000	-44008	-219762	IRVING	0	
6521	181072	-46421	-227392	CLOWES	0	1,2,3,4,5,6,7,8
6527	625712	-120217	3812	LARCENET	0	
6528	556784	-129117	-203336	BLUTCH	1	
6529	518928	-112088	-326009	COYOTE	2	
6530	318928	-83426	-91734	AMOUR	0	
6531	618928	-326420	-354541	ZAZIE	9	
6532	650000	-365505	-521399	CRUMB	3	
6533	450000	-51174	-238939	ACHILLE	0	
6534	487856	-149102	-224751	TALON	2	
6535	650000	-165505	-490820	MAFALDA	6	
6536	656784	-133028	-56852	GUILLE	0	
6537	487856	-249102	-219400	MOBY	3	
6538	550000	-158340	-370260	300183	4	
6539	650000	-65505	-541066	BALZAC	2	
6540	656784	-233028	-146739	31337	2	
6541	456784	-131526	-22481	65536	0	3,4,5
6542	-50000	-146418	245875	VOGT	0	
6543	412144	-128516	-519518	SELDON	3	
6544	3621776	-4593277	-1283613	QUADSTAR	8	1,2,3,4,5,6,7,8,9
6554	4497488	-5149116	-1701105	RUBY PORT	3	1,2,3,4,5,6,7,8,9,10,11,12,13,14,15,16,17,18,19
6580	4704272	-5164576	-1445736	INSECURE	2	1,2,3,4
6587	3266416	-5734407	-224958	XNO14	6	
6589	3473200	-5723268	-240337	LISTA 34	5	1
6590	2966416	-5344856	145965	LUCKY DIP	1	1,2,3,4
6604	-162480	-4836006	-4310180	EPILOX	9	
6605	130736	-4845542	-4931651	NAROG	0	
6606	68592	-4847002	-4570782	BEVEN	0	1,3
6609	51088	-4840830	-3844519	VIDIVULA	0	5
6611	-300336	-4843169	-4458602	VISTANA	0	4
6613	-1007120	-4813965	-4119302	ROPEIL	6	
6620	-769264	-4828803	-4062099	MARDOC	1	
6621	-644976	-4799014	-4648349	EVERREADY	6	
6622	3528560	-4522694	-785781	JIMPLANET	6	
6624	2877136	-4566430	-1124365	AURORA	1	1,3
6626	3352848	-4694601	-1274885	ALEXANDROS	0	1
6628	3714992	-5004837	-1766171	MOTHER OF MANY	0	1,2,3,4,5,6,7,8,9,10,11,12,13,15,17,18,20,21,22,23,25,26,28,29,30,31,32
6655	3759632	-5130317	-1039622	RADIANT QUEEN	11	1,2,3,4,5,6,7
6663	4259632	-5044350	-1588675	ZYGOTE	9	1,2,10
6667	3452848	-5214008	-1380561	GODSEYE	8	1,2,3,5,17
6673	3428560	-5260293	-622069	PLASMACHILD	6	
6674	4066416	-5319160	-947130	POST-DAWN	6	
6675	4655696	-5429115	-252730	PETROL	6	
6677	5169264	-5783567	-228337	KUKLOS	1	1,2,3,9
6682	5765328	-5832975	930228	ELDER	0	
6683	6158544	-6408056	296322	HERE	0	
6684	6465328	-6441812	452893	RUBYFLASH	3	
6685	6803184	-6555969	248583	TO BE CONTINUED	5	
6686	7185680	-6632847	735708	MONOS	0	
6687	7616752	-6906472	275625	UNDERGROUND	4	
6701	3608208	-5173476	-2020017	GAS PUMP I	6	
6702	2463568	-5648972	-1495860	QUIZBLORG	0	4,8,10,12
6708	4824624	-3836514	-419305	MUNCH	0	4
6709	3555696	-4847547	656144	LAPIS	1	4
6711	3755696	-4139584	602854	GROVER_CLEVELAND	6	
6712	4755696	-4289030	-607865	TOHO	0	3,6,21,22,25
6718	4535344	-4546215	-1434515	THOMAS EDISON	6	
6720	3677136	-4840439	-2061394	ATVATABAR	9	3,15
6724	2305360	-4296051	-2854289	TRIPLICATE	8	1,2,3
6728	257872	-4330231	-3480811	MAD MAGAZINE	0	1,2,3,4,5,6,7,8,9,10,11,12,13,14,15,16,17,18,19,20,21,22,23,24,25,26,27,28,29,30,31,32,33
6762	-431408	-4367096	-4221659	NOLITHIUM	6	
6763	-242128	-4332401	-3167076	JOYCE KILMORE	6	
6764	1032496	-4205728	1405	MOLLY PITCHER	6	
6766	1366416	-5070742	1491936	SCHWIMMER	4	18,44
6768	1128560	-5066859	1663748	AZANIA	0	5,7,13
6772	1373200	-5038193	1970685	WOODROW WILSON	6	
6773	973200	-5009829	2327302	SOLITARY	8	
6774	1348912	-4927784	2646091	TRIFECTA	8	2,4,9
6778	-418928	-358343	372587	RICHARD STOCKTON	6	
6780	-1012144	-619863	1312269	MACKENZIE	8	1,2,3,7,10,11,14
6784	3604272	-5732627	-331444	FAT ORANGE CAT	4	1,2,3,4,5,6,7,8,9,10,11,12,13,14,15,16,17,18,19,20,21
6807	3459632	-4262483	-922520	LINGUIST	9	5
6808	2952848	-4148045	-935187	CAROTINE	0	2,5
6811	3777136	-4014201	-2037888	GOOD LUCK HAVEN	6	
6812	3770352	-3942875	-2360976	POLONIA	11	3
6814	3263568	-3740613	-2279034	FINITE	0	3,4
6817	2787856	-3719246	-2473291	CRIMEA	0	3
6819	2381072	-3819848	-2425493	SIGNIFIORE	1	5
6821	2325712	-4064684	-1710261	HOUDINI	10	1
6823	2452848	-5614952	-121907	ESTUARY	8	1,2,4,5,11,14
6830	3077136	-5007894	-1447173	AEYR	8	1,2,3
6834	3959632	-5040688	-1467045	SOLITUDINAE	5	1
6836	612144	-6999853	-833727	GENISI	9	1,2,3,4,5,6,7,8,9,10,11,12,13,14,15,16,17,18,19,20,21,22,23,24,25,26,27,28,29,30,31,32,33,34,35,36,37,38,39,40,41,42,43,44,45,46,47,48,49,50,51,52,53,54,55,56,57,58,59,60,61,62,63,64,65,66,67,68,69,70,71,72,73,74,75,76,77,78,79,80
6917	656784	-33028	-98036	MARIN	0	1,2,3,4
6922	-729648	55940	1873342	WISHPERER	9	1,2,3,4,5,6,7,8,9,10,13,14,15,16,17,18,19,20,21,22,23,24,25,26,27,65
6933	3252848	-4365390	-954754	MORITZ	3	1,2,3,4,5,6,7,8
6983	4566416	-4645435	-1534444	BALANCE	0	3,4
6986	-720688	-4781410	-5232889	ATEN	0	1,2,3,4
6991	-320688	-4765585	-5636205	GERYON	7	
6992	117168	-4734956	-5806594	HOORP	0	
7002	746064	-233976	1090786	SENSIHA	7	1
7004	108208	-412587	1471114	OZKO	11	1
7006	-436432	-188642	1163637	FISTERRA	0	1,2,3,4,5,6,12,24
7008	-436432	-88642	1265740	FUEL -436432	6	
7016	-532496	163263	-374858	ARCHITECT'S AGE	4	1,2,3,4,5,6,7,8,9,10,11,12,23,24
7031	3466416	-5740059	-349098	CASEUS	4	1,2,3,4,5,6,7,8,9,10,11,12,13,14,15,16,17,18,19,20,21,22,23,24,25,26,27,28,29,30,31,32,33,34,35,36,37,38,39,40,41,42,43,44,45,46,47,48,49,50,51,52,53,54,55,56,57,58,59,60,61,62
7094	3694640	-4703830	-2942661	LISTA 35	5	1,2,3
7106	3873200	-5739766	-376082	FUTILE	4	1,2,3,4,5,6,7,8,9,10,11,12,13,14,15,16,17,19,20,21,22,23,24,25,26,27,28,29,30,31,32,33,34,35,36,37,38,39,40,41,42,43,44,45,46,47,48,49,50,51,52,53,54,55,56,57,58,59
7107	3866416	-4322974	-971980	KAYIN MAJOR	8	1,2,3,4
7112	225712	-679313	410990	TELAR	11	1
7114	3966416	-4299706	-1061190	MYANMAR	3	1,2,3,4
7119	4266416	-4267760	-1349975	LIRA	9	
7120	4842128	-4534279	-1240066	TULIP	8	
7121	5142128	-4600242	-1544061	ASUKA	0	4,5,6
7125	6007120	-4721244	-713119	AMNESIAC	8	1,2,3,4,5,7,8,9,18,21,27
7137	3090704	-4686833	-647137	RUI MOURAO	0	1,2,3,4,5,6,7
7144	2997488	-4723118	-140904	LISBOA	0	1,2,3,4,5,6
7235	763568	-121186	4975	TALKARAS	0	1,2,3,4,5,6,7,8,10,11,12,13,14,15,16,17,18
7243	694640	-140831	65503	MASS LI	6	
7248	1132496	-246313	-24173	ALDERAAN	0	
7255	687856	-292096	-418456	DIABLO	10	
7256	956784	-343767	-572859	MALAKAI	11	
7257	1732496	-983037	-739133	MANY PLANETS	3	
7258	356784	-102863	24528	FELTHIA	0	1
7265	4297488	-4341055	-1523230	DEATH STAR	3	1
7266	4074288	-4350028	-4440065	ZLING	0	2
7268	4104272	-4530559	-851560	IBO	4	1,2
7269	3383920	-4684937	-1432007	KANET	11	1,2,3,4,5,6,7
7272	3366416	-3832527	-510554	MUSSOL	7	
7298	3777136	-4724017	-2240227	TUK1506	5	1
7315	3621776	-4793277	-1241121	PEPET	8	1,2,3,4,5,6,7,8,9,10,11,12,13,14,15,16,17,18,19,20,21,22,23,24,25,26,27
7322	4090704	-4802659	-1642921	VANZANT	1	1,2,3,4,5,6,16,17,18,19,20,21
7330	4566416	-4745435	-1511147	VIRGIN	0	1,2,3,4,5,6,7,8,9,10,11,12,13,14,15,16,17,18,19,20,21,22,23,24,25,26,27,28,29,30,31,32,33,34,35,36,37,38,39,40,41,42,43,44,45,46,47,48,49,50,51
7532	1752848	-4646231	315008	AMANDA NEWA	6	
7533	3538192	-5043669	1774051	UNDO	0	1,2,3
7537	3255696	-5040757	1058870	SERGIO	11	
7538	2673200	-4466539	646458	SOL DELL AVVENIR	0	1,2,3,4,5
7584	3331408	-5456165	1524673	IGNAZION	8	1,2,3,4,5
7585	-636432	-715830	1566986	FUELLESS	6	
7598	3948912	-4953743	65524	PSYCHSTATS	0	3,22
7603	-525712	-133043	25099	ETHEREAL SHARD	0	1,2,3,4,5,6,7,8,9
7611	-656784	186397	479091	DARK PULSAR	11	1
7618	-1208208	-556423	-221054	FELISIAN SEARCH	0	
7619	-739280	-693969	-538507	PYRO-TRIPLITS	8	8,10,13,22,23
7625	4055696	-5246452	364725	BLOU-1	7	
7626	4017840	-5033971	-30830	BLOU-2	7	
7627	4286768	-5044020	-129505	BLOU-3	7	
7628	4486768	-5107317	-374395	BLOU-4	7	
7629	4479984	-5163093	-611983	BLOU-5	7	
7630	4004272	-5432329	-772612	BLOU-6	7	
7631	4342128	-5459934	-792876	BLOU-7	7	
7632	4679984	-5583396	-849987	LONELY FIRE	8	
7633	4779984	-5593547	-880678	STREAK-1	10	1
7634	4279984	-5342790	-367461	YOUNG LIFE	9	12
7636	2932496	-4425414	-1880957	BARRET	11	1
7639	381072	-32089	-423081	CYMBALINE	0	4,5,7
7644	-918928	-594171	833580	YOUNG LUST	9	25
7654	401424	-613546	693472	ULV 1	9	49
7657	-43216	-244374	677040	FENIX ALPHA	0	1,8,9,10
7660	-218928	-144011	138941	DESIDERADTA	0	2,3,9
7664	4473200	-4128699	-1017528	SPERANZA	7	
7668	3897488	-4024932	-1128385	HOPES	0	1,2,3
7670	4073200	-4702744	-519080	SOLEDAD	0	
7671	3573200	-4697591	-248579	PAPA PITUFO	1	1,2,3,4,7,9,11,13
7678	3773200	-4746237	-441479	SALVATORE	6	
7687	3679984	-4810478	-21448	TITA	0	1,2,3,4,5,6,7,8,10,11,12
7693	2990704	-4745929	-613453	LUMIERE	0	1,2,5,10,25,26
7696	3966416	-4399706	-1036671	XOTH	2	1,2
7699	3866416	-4413508	-847201	GASSY	9	33
7700	3479984	-4704507	258897	NISSLEY	9	1
7702	3555696	-4747547	558041	SHMEE	0	1,2,3,4,5,6,7,8,9,10,11,12,13,14,15,16,17,18,19,20,21,22
7725	3155696	-4823363	1066660	DAGWOOD	0	1
7727	2986768	-4825805	1073961	NOSFER	0	
7728	2955696	-4845734	1199542	PMS	0	2,3,4,5,6,10
7736	3055696	-4879869	1258058	HOTIRIS	4	1,2,3,4,8,20,28,32,33,35,38,39
7790	-156784	62810	-35112	KOLM	0	
7792	-87856	-69100	-95029	YGLOLIA	0	1,2,3,4,5,6,7,8,9,10,11,12,13,14,15,16,17
7848	4052848	-4646901	-1803739	WEATHERWAX	0	3
7850	4759632	-4827311	-2108874	ANKH MORPORK	0	2,3
7852	56784	-47947	284303	SOVERYALONE	0	
7853	-225712	-2875	-131716	NACIREMA	0	1,2,3,4,5,6,7,8,9,10,11,12,13
7915	67504	-343007	-953897	RADION	2	1,2
7918	3542128	-4919626	-31933	SPEED BALL	10	1
7920	3035344	-4890978	159519	BLUE BRIGHT	7	1
7922	2879984	-4786591	805414	BHOPAL	3	1,2,3,4,5,6,7,8,9,10,11,12,13,14,15,16,17,18,19,20,21,22,23,24,25,26,27,28,29,30,31,32,33,34,35,36,37,38,39,40,41,42,43,44,45,46,47,48,49
7972	2373200	-4824218	1104668	PULSON	11	1,2
7975	2711056	-4822800	871150	WHITY	2	1,2,3,4,5,6
7982	1648912	-5048663	2363682	BRACKIS	7	1
7984	487856	-549102	-203350	XIBIT	6	
7985	12144	-654769	-193747	NOXIS	0	1,2
7988	718928	-940751	-542586	RUNAXX	10	1
7990	-50000	-950000	-50000	BLUE J	7	
7994	3970352	-4722267	-2739145	FOR THE NONCE	9	1
8009	3587856	-4660150	-3339201	HOVEL	0	1,2,3,4,5,6,7,8,9,10,11,12,13
8010	3456784	-4687646	-2919196	TROTYL	11	1,2
8013	3156784	-4918987	-2783767	OBSSESSIVE	9	1,2,3,4,5,6,7,8,9,10,11,12,13,14,15,16,17,19,20,21,22,23,24,25,26,27,28,29,30,31,32,33,34,35,36,37,38,39,40,41,42,43,44,45,46,47,48,49,50,51,52,53,54,55,56,57,58,59,60,61,62,63,64,65,66,67,68,69,70,71,72,73,74,75,76,77,78,79,80
8014	3074288	-5074511	-3389200	COMPULSIVE	9	1,2,3,4,5,6,7,8,9,10,11,12,13,14,15,16,17,18,19,20,21,22,23,24,25,26,27,28,29,30,31,32,33,34,35,36,37,38,39,40,41,42,43,44,45,46,47,48,49,50,51,52,53,54,55,56,57,58,59,60,61,62,63,64,65,66,67,68,69,70,71,72,73,74,75,76,77,78,79,80
8015	3832496	-4746036	-2820713	TEDIOUS	2	1,2,3
8236	3852848	-4393755	-1609956	SALABIM	0	1,3,4,7,9
8238	4266416	-4367760	-1394938	1X3	8	
8239	3846064	-4400261	-2019011	BLUEBONNET	1	1,2,3,5,16,17,18
8241	3563568	-4371942	-2555511	BABY T	9	
8242	3866416	-4222974	-934540	OLD MAN	3	6
8244	3077136	-4647919	-1330110	SALAMANDER	0	4,5,7
8246	2939280	-4688626	-1493588	DE POT	6	
8249	3270352	-4601395	-1931359	DANUBE	1	
8250	4152848	-4642401	-1845811	PARSIMONY	0	5
8252	4704272	-4564576	-1532243	TRIAC	8	
8253	7148912	-4383605	-3189448	THIRD BASE	8	
8260	4135344	-4344104	-1049562	LALA	3	1,3,22
8262	456784	-61371	173784	COOL	6	
8263	4266416	-4555884	-1153667	TINY	11	1,2,3,4,5,6
8270	4159632	-4636827	-1724494	THE GREY	6	
8271	3852848	-4693755	-1598774	GOOD STUFF	6	
8272	3777136	-4814201	-1977749	JOKE	0	
8273	3914992	-4814989	-2035343	BROWNIE	5	
8274	4052848	-4799379	-2041127	BLUEY	7	1
8276	3783920	-4633902	-1797682	HAINSEY	1	
8277	3850000	-4350000	-3950000	LI+	6	
8278	3887856	-4324641	-3534520	YELL	0	1,2,3,4,5,6,7,8
8287	4018928	-4289397	-3820926	ION	6	
8288	-94640	-179331	-489113	NEBULA	6	
8289	5142128	-4800242	-1596633	SCOPE 01	6	
8290	250000	-36843	-45725	S0 NO PLANETS	0	
8292	439280	-71009	966782	ARNALIA	3	5
8293	714992	-83636	1227612	VAIBOA	10	1,2
8296	614992	-78560	1298060	MANI PULSAR	11	1
8298	277136	-243401	1296448	TWIN TWEEN	8	4
8300	139280	-232195	1342933	CONTIOR	1	1,2
8303	3655696	-5155290	515191	NEW ERA	0	3
8305	456784	-31526	-25779	HOPE	0	5,12
8308	1156784	-150026	-569521	YHUA	0	1
8312	3252848	-5675194	-1215611	BLULSTAT	1	1,2,3,4,5,6,9,11,26,27,29,35,36,37,38,39,40,41
8331	3473200	-5682739	26580	SHINMIEN	0	3
8333	4376048	-5947629	1220593	STRATA	10	
8334	4865328	-6237451	1846806	BIG RED HALO	3	
8335	3697488	-4216870	-859146	OLBRISH	6	
8336	3214992	-4279458	-1320284	MAELSTROM	11	1,2,3,4
8348	2939280	-4388626	-1511660	MARCUS' BOUNTY	0	1,2,3,4,5,6,7,8,9,10,11,12
8354	2539280	-4280565	-1145284	FOOL'S ERRAND	6	
8355	2601424	-4243702	-1487342	BEEPEE	6	
8356	2163568	-4286571	-1201227	GLORY	8	1
8358	4342128	-4659934	-849888	EYES IN THE DARKNESS	8	2,8
8361	5665328	-9244775	1215079	HIATUS	0	1,2,3,4,5
8386	894640	-1841151	-147542	GASTAR	6	
8389	756784	-1837784	-206215	ZORTAG	0	2,3,4
8392	512144	-1814184	-717002	GALACTAR PRIME	0	1,2,3,4,5,6,7,8,9,10,11,12,13,14,15,16,17
8397	1401424	-1815338	-219861	RUNAWAY 001	10	
8398	1977136	-1826384	-415912	RUNAWAY 002	10	
8400	2377136	-1812708	-593830	TERRA SOLARIS	0	1
8401	63568	-213125	676098	GASTAR II	6	
8402	356784	-202863	72717	GASTAR III	6	
8403	-125712	-220802	-335767	GASTAR IV	6	
8407	470352	-927341	659476	GASTAR V	6	
8408	1052848	-936149	1206473	DAYSTAR	0	1
8504	360720	-349749	-1539326	ASTERIX	0	2,5,13,14
8600	487856	-49102	-230101	PARADISO PERDUTO	0	1,2,3,4,5,6,7,8,9,10,11,12,13,14,15,16,17,18,19,20,21,22,23,24
8611	4577136	-4540157	-2788136	MYRTO	4	9
8612	5259632	-4541345	-2547047	ANCALIGON	11	
8613	3622864	-6144258	-5033635	VANDAATHI	6	
8614	2132496	-4007520	-1036725	FROSTLIGHT	7	
8615	1939280	-4034008	-486886	LORDAERON	2	
8616	-56784	-115693	-169142	NARGIL	7	
8617	-125712	-74213	-164911	OREGOTH	7	
8618	-187856	-83432	427	ILYASTRAFEL	0	1,2,3,4,5,6,7,8,11,12,13,14
8632	81072	-122514	-181748	METZ	0	1
8633	-118928	63154	59862	MEYNRENTS	0	1
8635	-56784	84307	-221013	MENENTAVE	0	1,2,3,4,5,6,7,8,9,10,11,12,13,14,15,16,17,18,19,20,21,22,23,24,25,26,27,28,29,30,31,32,33,34,35,36,37,38,39,40,41,42,43,44,45
8681	-125712	25787	-179576	MUOTAX	0	1,2,3,4
8686	112144	-40438	-249045	DUODENUM	0	1,2,3,4,5,6,7,8,9,10,11,12,13,14,15
8702	118928	-154763	56859	FALAFEL	7	
8703	-118928	-136846	52177	MITOCHONDRIA	0	1,2,3,4,5,6,7,8,9,10,11,12,13,14,15,16,17,18,19,20,21,22,23,24,25,26,28,29,30,31,32,33,34,35,36,37,38,39,40,41,42,43,44,45,46,47,48
8751	43216	105804	-221848	SCIMITAR	7	1
8753	112144	59562	-234333	CONCUBINE	7	1
8755	-225712	-102875	-99797	WAYBEACON	7	
8756	-243216	-861959	568836	STOPLIGHT	3	1,2,3,4,5,6,7,8,9,10,11,12,13
8792	552848	-7334357	1776293	STAIN	5	
8794	2981072	-4376854	-3092100	CLEMENTINE	4	26
8796	3574288	-4362269	-3844341	BROWN EXXON	5	
8797	2874288	-4331836	-3138717	ANDOO	0	5,18
8799	2343216	-4324052	-2533770	REDSTONE	3	22
8801	418928	2243	-176807	ONESOME	0	
8802	701424	12131	445745	STRUDLE	0	2,3,11,16
8807	201424	13027	853806	FARQUAR	0	3
8809	-243216	38041	568583	SUNOCO	6	
8811	370352	58647	837467	STUARTLITTLE	2	4,5
8814	3452848	-5918536	-1200586	BLINDING LIGHT	3	
8816	3608208	-4973476	-2026650	WHIMAHU	4	3
8818	2963568	-5171624	-2231225	SYRIAN	4	7
8821	3456784	-5387646	-2870729	CRYSION	0	4,5
8831	-112144	-451192	476103	DENISE	3	1,3
8834	832496	-593487	209627	JJ	6	
8852	3842128	-4416662	-343163	FUEL1	6	
8855	4155696	-4561360	232380	KICALICA	0	
8856	4279984	-4328393	-596492	GOONBOY	9	1,2
8859	4662480	-5012642	95599	DECTAA	0	4
8860	-43216	-19285	437557	WEMADEIT	0	3
8862	963568	-4765	-216641	TIKON	0	2,3,4
8866	1470352	-169718	-251254	INDIGO	7	
8867	2070352	-132126	-660551	CHURK	10	
8868	2577136	-158928	-939465	HELL	0	2
8870	2214992	-128701	-349262	MYLAR	0	2,3
8873	1777136	-137169	-28621	URK	0	2,3,4
8877	1714992	-134394	227143	GANK	0	2,3,4
8881	2390704	-62649	-38186	MELEE	0	4
8883	2359632	-43452	347252	GREDATIOUS	2	6
8886	4876048	-5003934	528973	XYTHES	2	3
8902	-136432	-229546	862523	FIREBYRD	3	1,2,3,4,5,6,7,9
8953	663568	-1836709	279372	GROLOM	0	1,2,3,4,5,6,7,8,9,10,11,12,13,14,15,16,17,18,19,20,21,22,23,24,25,26,27,28,29,30,31,32,33,34,35,36,37,38,39,40,41,42,43
8954	163568	-1839378	667181	GOG	5	
8955	370352	-1841353	838049	GASTAR VI	6	
8956	877136	-1820469	925219	TG L3-X0	0	5
8959	3321776	-4323134	-1004416	OAKENSHIELD	5	
8961	2012144	-5030286	-2192245	LITHIA	6	
8962	1874288	-5259595	-2371272	GANJAR	0	3,4,11
8966	2112144	-5247027	-2226185	GLORIO	8	1
8968	2456784	-5322578	-1939775	ALONER	0	
8969	2463568	-5148972	-1503199	GRAYSTAR	6	
8971	3246064	-5212800	-1353539	YELLAR	0	3,5
8973	2739280	-5319060	-1293595	SATIVA	2	1,2,3
8974	3046064	-4916980	-1205804	CASTAWAY	10	1
8978	1405360	-789781	-1941535	LAMBO	9	71
8979	2625712	-1162594	-2015458	GOLDARA	0	
8981	-656784	-1013603	437328	OL' YELLER	0	5
8982	174288	-1144389	-683630	HOBGOBLIN	5	2,3,5,6,10
8988	387856	-1127605	-28526	NIPOLE	1	
8990	1546064	-1448329	276029	CHAKA	0	1,2,3,4,5,6,7,8,9,10,11,12,13,14,15,16,17,18,19,20,21,22,23,24,25,26,27,28,29,30,31
8993	243216	-51201	-462028	VARLOS	0	1,17
8998	1921776	-1444011	357045	TOPSARR	1	1,2,3,5
9004	2259632	-1388217	369611	HOBBE	4	1,2,3,5
9008	2635344	-1419938	528353	GIZMO I	8	1,2,3,9,12
9014	2328560	-1429241	470241	GOODLE	0	3,4,5
9018	770352	-2831847	587839	BARTOK	0	4
9021	-532496	-7036737	-367677	SAPTAR	0	3,5
9022	2642128	-1521735	883346	FARUHN	0	4
9025	3579984	-1002801	305857	HELLO	0	3
9026	3621776	-4493277	-1239322	NEWPORT	1	
9027	3359632	-4645485	-934073	DANIMAR	0	1,2,3,4
9030	2852848	-4728638	-771710	ENDOS	0	1
9031	1470352	-5169718	-286666	VERTIGO	0	3
9033	81072	-6022514	-199175	TATOO	0	4
9036	-81072	-6426100	379780	OLYMPUS	0	4
9037	-625712	-7037800	172327	VORADOR	0	3,4,5
9042	-470352	-7040152	-615271	HANOVER	0	3,6
9044	-539280	-7038733	-750855	PIT STOP	5	
9047	-914992	-7027761	-920784	ANTIS	0	4
9049	-570352	12098	-520965	STAR 0691	0	
9053	990704	354649	1365744	ELENDOR	0	3
9056	1859632	370581	832059	ROLENT	0	4
9058	574288	-535718	-933464	TIAMATH	0	7,8,9,11,12,13,14,15,16,19,20
9089	3973200	-5021255	-469763	ORIONS LION	0	1,2,3,4,5,6,7,8,9,10,11,12,13,14,15
9105	3904272	-5165172	-741591	THE GATEWAY TO ORION	0	1,2
9116	4373200	-5223248	-1089557	THE ORION SPRINGS	0	1,2,3,4,5,6,7,8,9,10,11,12,13,14,15,16
9149	4548912	-4726574	-547070	BUOY	3	2,4,11
9152	4679984	-4783396	-748470	ASCENDANCE	0	1,2,3,4
9157	677136	-808788	956855	BYSTAR	0	
9159	294640	-1102336	449711	OVOID	0	3,5,6
9163	370352	-1141353	775748	COOL RESPITE	1	2
9173	4011056	-5199534	-373190	WAIPOINT1	3	1,8,24
9177	4486768	-5207317	-423542	WAIPOINT2	6	
9178	5069264	-5252333	127751	WAIPOINT3	8	
9179	4844976	-5439587	810360	WAIPOINT4	10	1,2
9182	5058544	-5844159	1406958	SALAT	0	1
9184	263568	-840889	676453	CONUKO	0	1
9195	4448912	-5540329	-488394	QUINT	2	1,2,3,4,5
9201	632496	-3581245	399663	HOMESLICED	0	1
9204	56784	50870	565621	NEGATORY	0	5,12,15,18,20,31
9210	1424	39600	1161220	AWANA	0	3,4
9213	639280	59424	818261	EDOM	3	8
9216	625712	79783	32975	CHIHUAHUA	0	1,2
9218	481072	75076	-573352	PLETHORA	4	
9219	2674288	-4335112	-3133073	QUO VADIS	10	1
9221	2381072	-4319848	-2471627	RUTH AND BOAZ	8	2,18,19,20,22
9227	2436432	-4308926	-3081273	SISTE VIATOR	10	
9228	1785008	-4284189	-3592315	ENGEDI	3	5,6
9231	1778224	-4274111	-4041802	CHARYBDIS	7	
9232	1278224	-4275903	-3478889	SCYLLA	11	
9233	1471440	-4265899	-4070543	FIAT LUX	0	4
9235	-187856	-183432	-35013	FARYSCHE	7	1
9272	-25712	-145550	-279963	KALASTROMAS	7	
9273	43216	-94196	-280322	DJORASIUS	0	1,2,3,4,5,6,7,8,9,10,11,12,13,14,15,16,17,18,19,20,21,22,23,24,25,26,27,28,29,30,31,32,33
9307	43216	5804	-251085	ACKENROHM	0	1
9309	12144	-154769	-241000	CRENSHAW	0	1,2,3,4,5,6,7,8,9,10,11,12,13,14,15,16,17,18,19,20,21,22,23,24,25,26,27
9418	-287856	2237	68657	EVAW	0	1,2,3,4,5,6,7,16,17
9437	-625712	113546	306765	MELVIN	4	1,2,3,4,5,6,15,16,17
9438	-763568	158828	173212	BURGER	4	1
9440	-563568	159147	-30446	DENOTS	0	1
9442	-663568	208988	6842	YARVON	0	1,2,4,12
9447	-394640	222759	-177905	SPAKARRR	1	
9448	443216	260721	-661204	FORTAHN	9	16
9451	918928	261658	-620180	RUTAN	0	
9456	1708208	171588	-197336	BALOMETROF	0	4,19,21,26
9457	-932496	67443	-38827	FRAPHAM	0	3
9492	1432496	-1430211	-367094	SARDINE	11	1,2,3,4,5,6,7
9493	1470352	-1428563	-129648	GEEZER	10	1
9495	1670352	-1452727	-253444	RADAGAST	5	1,2,3,4
9500	1577136	-1492069	-37268	MOSES	11	1
9502	1852848	-1486587	473751	NEWBORN	9	1,2,15
9506	2052848	-1439733	166578	ALARA	4	1,2,3,4,5,6,7,8,9,10,11,12,13,14,15,17,18,19,21,22,23,24,25,26,27,29,30,31,32,33,34,35,36,37,38,39,40,41,42,43,44,45,46,47,48,49,50,51,52,53,54,55,56,57,58,59
9563	2490704	-1503553	-26371	BALODRAKAN	0	3,4,5
9567	2990704	-1545929	-553777	HALKAHR	0	1,2,3,4,6,16,24,28
9577	3639280	-1635502	-2229864	REDGIANT	3	18
9579	3990704	-1561755	-1610515	WURSEY	0	1,2,3
9582	3008208	-4283926	-1464016	CUPOLLA	4	1,2,3,10,11,13,14,16,17,20
9593	2563568	-4604467	-1848402	SCOPING SITE	6	
9594	2050000	-4650000	-2150000	LEWOT	7	
9595	1674288	-4731251	-2207989	CHMEE	10	
9596	1360720	-4807373	-2448470	NOITUAC	3	
9597	885008	-5065379	-2638278	OCIPORT	11	1,2,3,4,6
9603	453936	-4800516	-2129283	LANG	0	1
9606	4079984	-4322422	-327594	POLO	0	
9607	-625712	-586454	274347	COCANIGH	0	1,3
9613	2669264	-2239373	2256637	MIND	0	1,2,3,4,5,6
9660	2821776	-4285513	-450223	HATACHI	6	
9661	618928	-26420	-407051	SOMETHINGUSAWFUL	0	1,2,3,4
9666	274288	-190634	-529282	PERFECT PINK	3	
9667	812144	-471190	-971254	TURQUOISE TERROR	11	
9668	-125712	-120802	-427402	LITHIANA	6	
9670	-543216	-307043	870091	GREYED	6	
9673	-250000	-532086	362399	LITHUAR	6	
9674	-846064	-1159573	-745235	ESCAPEE 27	10	
9675	-1221776	-1184863	-920813	LITHULITHU 64	6	
9702	2448912	-356129	1581027	CINCOSUUN	0	1,2,3,4,5
9710	1621776	-2073868	679135	NINES	5	1
9712	1077136	-543103	562714	CLAMARE	1	6,8
9715	4779984	-4543323	-1038127	LUCKIN2	3	8
9777	848912	-6341198	3139412	FIRST POPE	0	4
9779	6924624	-6203995	-2512830	FIRENHIM	3	5
9781	6955696	-6225439	-2800652	ASCS 00023	0	
9782	7462480	-6205482	-2740526	ASCS 00024	7	
9783	50000	-122511	95439	ASCS 00025	0	
9784	150000	-29677	67505	ASCS 00026	0	
9785	-256784	-27615	75750	ASVS 00027	0	
9786	-118928	-36846	-9517	ASCS 00028	0	
9787	387856	-27605	-70309	AMCHUS	0	1,2,3,4,10
9793	550000	-58340	-392890	ASCS 00029	1	
9794	-50000	-350000	-50000	ASCS 00030	0	
9795	294640	-402336	404519	SKYGEM	1	1,2,3,4,5,6,7,8,9,10,11,12,13,14,15,16,17,18,19,20,21,22,23,24,25,26,27,28,29,30,31,32,33,34,35,36,37,38,39,40,41,42,43,44,45,46,47,48,49,50,51
9847	-74288	-381403	662797	ASCS 00032	2	
9848	170352	-331521	1028437	ASCS 00033	11	
9850	1729648	-4209995	-2774315	GALAGA	6	
9851	1767504	-4356122	-2439931	BENZYNA	6	
9854	229648	-4412683	-1287031	FORTUNA	9	28
9855	-214992	-3342390	-1564787	GLOMA CLUSTER	8	22
9858	336432	-2813703	-1006390	MARINA	0	4
9871	-50000	50000	-50000	NULL AND VOID	0	
9897	318928	16574	-129965	UNNEED	0	1
9898	312144	-142847	-534272	UNREAL	2	1,2,3,4,5,6
9909	-25712	15026	-433075	+NAN L.Y.	0	
9910	-94640	20669	-445889	FLYTRAP	0	1
9912	-163568	-2358	-418951	TRAVAIL	0	1,2,3,4,5,6,7,8,9,10,11,12,13,14,15,16,17,18,19,20,21,22,23,24,25,26,27,28,29,30,31,32,33,34,35,36,37,38,39,40,41,42
9913	-325712	-31538	-48985	FELID	0	1,2,3,4,5
10036	212144	-26106	-419305	DEPRIVED	0	
10037	-25712	-84974	-455239	NONPLUS	0	
10038	174288	-19297	-474884	SCHLOCK	0	1,2,3,4,5,6,7,8
10047	74288	150855	-580924	LISTA 36	6	
10048	-25712	154450	-327558	RELIEVER	0	1,2,3,4,5,6,7,8,9,10
10049	312144	-42847	-433379	ZILCH	0	1,2
10052	-218928	-44011	180703	HARD WORK	0	1,2,3,4,5,6,7,8,9,10,11,12,13,14,15,16,17,18,19,20,21,22,23,24,25,26,27,28
10082	74288	-147959	-320908	FAIR WARNING	0	3
10083	87856	5814	275087	PATINE	0	1,2,3,4,5,6,7,8,9,10,11,12,13,14,15,16,17,18,19,20,21
10084	250000	-236843	-110811	PATHOS	0	
10085	-25712	54450	-268003	OPPORTUNITY	0	1,2,3,4,5,6,7,8
10125	-294640	-34247	-233291	UNHAPPY MEDIUM	7	1
10127	74288	-247959	-378606	OLD PAINT	0	1,2
10130	-18928	70320	-32484	PERISTYLE	0	1,2,3,4,5,6,7
10138	425712	-634229	278861	NEMO	9	1,2
10194	-539280	-237210	-624416	CORAL II	9	1,2,3,4,5,7,8,9,10,11,12,13,14,15,16,17,18,19,20,21,22,23,24,25,26,27,28,29,30,31,32,33,34,35,36,37,38,39,40,41,42,43,44,45,46,47,48,49,50,51,52,53,54,55,56,57,58,59,60,61,62,63,64,65,66,67,68,69,70,71,72,73,74,75,76,77,78,79,80
10221	4511056	-4578635	-936517	LISTA 37	5	
10222	4604272	-4597418	-1445868	LISTA 38	5	
10223	5166416	-4624536	-2108908	LISTA 39	5	
10224	5773200	-4650198	-2320727	LISTA 40	5	1
10226	6311056	-4634471	-2701459	LISTA 41	5	1,2
10229	6604272	-4895928	-3397767	LISTA 42	5	
10230	7279984	-4885191	-3326025	LISTA 43	5	
10231	7762480	-4867266	-3018082	LISTA 44	5	1,2,3,4,5,6
10235	7079984	-4880925	-3444822	LISTA 45	5	
10239	6511056	-4326111	-2949741	LISTA 46	5	1,2
10242	6417840	-4766199	-2428528	LISTA 47	5	1,2,3,4
10247	6055696	-4869327	-1856127	LISTA 48	5	1,2,3,4
10252	6262480	-4927275	-1476471	LISTA 49	5	
10253	6582832	-5105271	-744690	LISTA 50	5	1,2
10256	6489616	-5129368	-342488	LISTA 51	5	1,2
10260	6782832	-5118985	-955008	LISTA 52	5	1,2
10262	7327472	-5108703	-812585	LISTA 53	5	
10266	7658544	-5089103	-1392297	WONDERLAND	5	1,2,3
10267	4266416	-4355884	-1228881	4830-CP	4	
10270	5396400	-4152620	1226948	MARIANNE	0	3
10273	-25712	-45550	-339519	ST-T63363T0	0	3,4
10274	4865328	-4337451	1854205	NO PLANET	0	
10275	5051760	-4350783	953282	INUTIL	2	
10276	4496400	-4321587	2162377	USELESS	6	
10277	3996400	-4316211	2622327	FUEL 06	6	
10278	4341040	-4324350	3077919	TINY S11	11	
10279	3634256	-4255586	3313584	LIFE FORM	0	2,3
10282	4209968	-4265947	3246571	LIFE MOON	4	7
10284	3534256	-4285443	3413977	ROCKY STAR	1	
10285	3816752	-4301085	4034419	NOTHING 03	3	
10286	4254608	-4294361	3882927	DARK NIGHT	5	
10292	3239280	-4427441	-1785175	BEAN FUEL	6	
10293	3308208	-4644237	-1812692	DREAM LAND	3	1,2,3,5
10298	3546064	-4806530	-1665720	NEW HOME	0	1,2,3,4
10302	4404272	-4832031	-1218335	EXISTANCE	0	2,3,4
10313	3559632	-4410553	-1049465	YOUKO STAR	1	1,2,3,4,5,6,7,8,9,10,11,12,13,14,15,16,17,18,19,20,21,22,23,24,25,26,27,28,29,30,31,32,33,34,35,36,37,38,39,40,41,42,43,44,45,46,47,48,49
10357	257872	-4230231	-3447758	JONATHAN DAVID	8	15
10359	133584	-4233352	-2924955	PARTY OF ONE	5	
10360	753936	-4228283	-2523610	PARACLETE	0	16,21,25
10364	2267504	-4331639	-2992001	BP	6	
10365	2616080	-4252342	-4509480	BLEU	1	
10367	3153936	-4261063	-4661503	HARCOR	0	5,7,22,24
10371	6263568	-4228354	-5500405	COATEZ	3	7
10374	2691792	-4176126	-4029925	AUNFINT	9	55,60,65
10377	3243216	-4161651	-3521309	LEGION	3	5
10379	3812144	-4134466	-3959594	IMPOTENT	6	
10380	4174288	-4121365	-4526691	NAVEL	4	
10381	5112144	-4110303	-5325494	SQUIGY	0	3
10384	6183920	-4134481	-4228760	LITTLEYELLOW	0	4,5
10387	4942128	-5222933	-1384094	LI+ STAR 1	6	
10389	5479984	-5133536	-1617992	THE ORION GATEWAY	0	1,2
10391	5473200	-5334019	-2191107	YRTYRION	0	1,2,3,4,5,6,7,8,9,10,11,12,13,14,15,16,17,18,19,20,21,22,23,24,25,26
10418	4990704	-5477580	-2586619	GRADYRIA	8	1,2,3,4,5,6,7,8,9,10,11,12,13,14
10433	4673200	-5577290	-1330709	GRADYRIA GATES	6	
10434	4173200	-5584233	-640733	DRAKHNATORIA	9	1,2,3,4,5,6,7,8,9,10,11,12,13,14,15,16,17,18,19,20,21,22,23,24,25,26,27,28,29,30,31,32,33,34,35,36,37,38,39,40,41,42,43
10478	4048912	-5371060	-63210	TYRTOR	6	
10482	4562480	-5638000	182493	ALEPH 0	0	1,2,3
10505	7465328	-5068211	-810767	RAVELIN	2	1,2,3,4,5
10511	6751760	-5030646	-858744	INCUS	2	1
10513	6658544	-5041774	-158488	COMMOVE	2	1,2,3
10517	6496400	-5043090	165690	SHELDRAKE	2	2,3
10520	5996400	-5037714	621356	HEAT SINK	2	1,2
10523	5765328	-5032975	911010	OOZE	2	1,2
10526	4224624	-2510857	188251	LISTA 55	6	
10527	4031408	-1804535	824431	CONTRITE	2	1,2,3,4,5
10532	3907120	-1841243	1452000	EPITAXY	2	1,2,3
10536	4458544	-1945053	2033813	SMOOTH	2	1,2,3,4,5
10542	4020688	-1947522	2079317	LISTA 56	6	
10543	3544976	-1934786	2172010	ECHINUS	2	1,2
10546	3665328	-1929861	3229709	GENRE	2	1,2,3,4,5,6
10553	3609968	-2130117	3807588	APHID	2	1,2,3,4,5
10565	3809968	-1942060	3675292	DIRL	2	1,2,3,4,5
10571	4385680	-2042094	3564625	CABRILLA	2	1,2,3,4,5,6
10578	3978896	-2028624	3751813	LISTA 57	6	
10656	4421776	-3901041	-2079375	ARTANE	0	1,2,3,4,5,6,7,8,9,10,11,12
10669	4173200	-4384233	-646459	HELEN	11	
10670	4128560	-4003885	-1365391	FUEL DEPOT	6	
10671	3383920	-4184937	-1396911	RUNAWAY	0	
10672	3659632	-4575081	-983785	RENEGADE	0	
10673	3666416	-4676784	-623993	HEAVENLY	0	1,2,3,4,5,6,7,8,9,10,11,12,13
10688	4166416	-4822099	-1266982	POUND	0	1,2
10690	3652848	-5121750	-1588493	ASKEW 1	0	1,2,3,4,5,6,7,8,9,10,11,12,13,14,15,16,17,18,19,20,21,22,23,24,25,26,27,28,29,30,31,32,33,34
10725	3101424	-5244598	-1989427	ASKEW 2	11	1
10727	2856784	-5334820	-2332653	ASKEW 3	8	
10766	1653936	-6180511	-3383836	ASKEW 5	6	
10767	1378224	-6219442	-3371139	ASKEW 6	4	1,2,3,4,5,6,7,8,9,10,11,12,13,14,15,16,17,18,19,20
10788	2605360	-5598140	-3197526	ASKEW 7	10	1,2
10793	2067504	-5563906	-2988222	ASKEW 4	3	1,2,3,4,5,6,7,8,9,10,11,12,13,14,15,16,17,18,19,20,21,22,23,24,25,26,27,28,29,30,31,32,33,34,35,36,37,38,39,40,41,42,43,44,45,46,47,48,49,50,51,52,53
10807	4276048	-2046733	1291565	ASKEW 8	1	1,2,3,4,5,6,7,8,9,10,11,12,13,14,15,16,17,18,19,20,21,22,23,24,25,26,27,28,29,30,31,32,33,34,35,36,37,38,39,40,41,42,43,44,45,46,47,48,49,50,51,52,53,54
10862	4751760	-2171682	1257539	ASKEW 9	5	1,2,3,4
10867	5265328	-2222843	1446761	ASKEW 10	8	1,2,3,4,5,6,7,8,9,10,11,12,13,14,15,16,17,18,19,20,21,22,23,24,25,26,27,28,29,30,31
10909	4858544	-2231770	1457644	ASKEW 21	6	
11788	3466416	-4540059	-395069	ZEGEMA SIRENS	8	1,2,3,7,8,11,12,13,14,16,17,18,19,20
11792	3159632	-4561048	-547149	KASHITAR	3	1,2,3,4
11898	4224624	-4510857	227371	BABY PLUM	9	1,2,3
11902	187856	-15683	96725	ASCS 00034	0	
11926	-250000	-32086	479996	ASCS 00035	0	
11927	-12144	27311	376371	YUINCA	0	1,2,3,4,5,6,7,8,9,10,11,12,13,14,15,16,17,18,19,20,21,22,23,24,25,26,27,28,29,30
11935	712144	-585522	-862630	GROWTH	9	45
12108	1939280	-4734008	-467041	PRIMARIAS	3	1,2,3
12114	2452848	-4751009	-338501	EMIFEL	8	1,2
12115	2759632	-5019210	-268015	LAGASTA	2	1,2,3,5,6
12121	2904272	-5031453	262710	APALSA	0	1,3,4,5,6
12127	3683920	-4421661	-1714035	AEGYPTUS MINORI	0	1
12129	636432	-394296	-1348229	JOHN FENWICK	6	
12131	122864	-336219	-1574904	DIMAGGIO	8	1,2,3,16
12136	-935344	-302777	-1857553	STONEWATCH	0	4
12138	-1066416	-281721	-1728727	POWERPUFF	1	3,7,13,14
12143	-697488	-341882	-2003880	ARDSLEY	6	
12144	153936	-392714	-1683173	ARETINO	0	5
12146	-1104272	-324787	-1998239	MOUSER	0	3
12176	374288	-472732	-870701	BLUEDIAMOND	7	
12177	-321776	-456147	-1745175	ANGRY HAROLD	10	
12178	16080	-853240	-1891550	CREAVMEN	3	1,2
12181	178224	-906060	-2356602	HEAGOR	0	1,2,3,4,5,6,7,8,9
12195	378224	-1252914	-2610252	YASMER	0	1,2,3,4,5
12200	778224	-1277695	-2953247	HYACINTA	0	1,2,3,4,5,6
12205	3959632	-4309715	-1270753	STUART LITTLE	2	1,2,4
12208	4052848	-4246901	-1734919	SUNOCO	6	
12215	4459632	-4223749	-1788536	CANARIS	0	2,3
12216	4301424	-4141891	-3131279	EXXXON	6	
12218	3542128	-4719626	14669	SENATOR	0	5
12222	2962480	-4637612	1606146	SROM ALPHA	4	7
12232	3381072	-4748191	-3496654	SOHO	3	45
12234	3425712	-4744402	-2777059	NEVETS	0	3
12235	3683920	-4721661	-1660782	WEHTTAM	3	10,14
12238	2877136	-4666430	-1094495	PERPETUA	3	
12240	3228560	-4666563	-483683	FANTARI	0	10,11
12243	3473200	-4682739	-13129	SC63	3	17
12244	2897488	-4684624	-128376	REDICULA	4	1,7
12247	2083920	-4656870	-48405	ONOFF	11	
12248	1394640	-4629805	-746012	CATCHME	10	
12249	1450000	-4622831	-1229093	NYET	0	
12251	1167504	-4620037	-2053593	SOCUM	0	3
12252	2081072	-4641345	-2238278	DULLARD	5	1
12255	2243216	-4645549	-2527805	PALETTE	4	3,6,13
12257	1195728	-4627472	-4267343	GASANDGO	6	
12258	-32496	-39402	-688968	HIGHSON	0	3
12270	4466416	-4692609	-1413164	ACORES	0	1,2,3,4,5,6,7,8,9,10,11,12,13,14
12275	4873200	-4885727	-1391831	ADAMASTOR	2	1,2,3,4
12281	-739280	6031	-598250	FIRSTBORN	0	3
12282	3966416	-4066334	-822047	LUCID BLUE	1	12
12284	3559632	-3619846	-947936	GRIMMY	0	4,6
12287	1914992	-3544545	22496	SOLSTAR	0	2,3,4
12291	2435344	-3568883	755168	RADAGASTAR	3	
12292	3904272	-4065172	-623302	CLITORIA	6	
12293	3666416	-4076784	-593130	MIGUELMOURA	8	
12296	202512	-4604560	-2872243	BETA BETA	3	5
12299	1167504	-4637930	-1874955	DDER	3	3
12301	1360720	-4607373	-2490889	SOO TETRA	0	4
12302	1109296	-4614243	-3321680	HANDEL	8	18,21,25
12304	-125712	-20802	-387965	BLUE SHIFT	7	1
12306	4004272	-4632329	-729962	MAGNUM	1	1,2,3,4,5,6,7,8,9,10
12317	4648912	-4943891	-687845	FRATELLO	0	1,2,3,4,5,6,7,8,16
12324	3783920	-5033902	-1784596	BILLY CHILD	2	1,2,3
12328	4121776	-5030897	-1849493	ANGRA	3	1,2,3,4,5
12334	2814992	-4659155	-848079	PETROBRAS	6	
12335	3935344	-4924120	-791084	MORNING STAR	0	1,2,3,4
12345	3890704	-4920850	-1487843	YAGAMI	0	1,2,3,11,12,13
12349	3414992	-5189610	-1467863	P2002A-LA	11	1,2,3,4
12354	2763568	-5188046	-2004236	ALFONIA ALPHA	8	1,2
12357	2550000	-5170581	-2394879	CRYPTO	8	
12358	3628560	-4654023	-897767	NANICUS ALBINA	2	1,2,3
12362	3959632	-4709715	-1320889	BIG HEAD	3	1,2
12365	3173200	-5269226	148820	PUNAVALO	3	1,2,3,4,5,6,7,14,15,16,17,18,19,20,21,22,23,24,25,26,27,28,30,31,32,33,34
12393	2446064	-5029519	-573184	RITOIL	6	
12394	3748912	-5119108	264014	TUHKIMUS	0	
12395	3604272	-5232627	-434991	PEKKA	8	3,4,5,10,29
12401	3879984	-4216450	-220990	ALEKSIS	2	1,2,3,4,5,6,7
13676	3646064	-4104440	-1846640	URKURAN	0	3
13678	81072	77486	-118953	FREYA	0	1,2,3,4,5,6,7,8,9,10,11,12,13,14,15,16,17,18,19,20,21,22,23,24,25,26,27,28,29,30,31,32,33,34,35,36,37,38,39,40,41,42,43
13921	3652848	-4640609	-1423469	SOLIS PRIME	0	1,2,4,6,7,8,9,20
13947	-694640	-75151	152742	FORAXIS	0	1,2,3,4,5,6,7,8,9,10,11,12,13,14,15,16,17,18,19,20
13968	-832496	-104789	64393	SOLAR LIBERUS	0	
13970	-1139280	-128850	12123	SIMMER	0	1,2,3
13973	370352	-421376	1047806	PLANET DRAGGER	10	1,2
13976	377136	-426980	1198786	FUEL STATION ALPHA	6	
13977	1535344	-535740	1618723	FUEL STATION BETA	6	
13978	1811056	-560418	1826936	FANTOR	0	1,2,3,4,5,8,9,11
13994	3628560	-4354023	-944058	VOID	7	
13995	2852848	-4528638	-725581	GARFIELDUS	0	
13996	2132496	-4507520	-1133554	LINUX	1	1,5
13999	2308208	-4517962	-763044	WEASEL	1	
14000	1963568	-4622659	-1137083	FERRET	0	5
14013	3366416	-4432527	-426807	CARMINE	3	
14016	2866416	-4442081	76940	CAERIS	3	3,5
14018	3111056	-4437153	552458	CAITHRIS	0	3
14019	2973200	-4120580	321345	VAITH	0	4
14021	2928560	-4241503	-225059	KIPHI	6	
14022	2677136	-3984941	-896831	UNLIL	1	4
14024	-425712	2785	-67787	POINTLESS	0	
14026	467504	-3945992	-1215803	REM	8	1,2,3,7,8,9,10,11,12,13
14036	-1424	-3916208	-968183	VIRA	6	
14038	-408208	-3940299	-1032829	SYPH	0	12
14039	-221776	-2836740	-1736452	RYEL	0	18
14041	-521776	-3329925	-1631717	LETDOWN	7	
14042	-828560	-1640462	-1553926	CELEPH	3	32
14045	-777136	-755009	-627979	SYSIPH	8	21
14046	-683920	11230	-1166048	KIET	1	3,5,24,29
14051	-1173200	567258	-1925357	LIRE	6	
14052	-1128560	539771	-1463575	ZARA	4	14,15,41,43,65
14064	1694640	50788	-972174	KIDITH	8	4
14065	-322864	-941929	1880094	KODIAK	0	1,4,6,21,22
14071	4273200	-4465722	-751160	HANNAH CLEAR	5	
14072	601424	-40118	540640	ORWELL	5	1,2,3
14073	5200336	-4253444	-229114	DUNSTABLE	6	
14074	3697488	-4716870	-875868	SHABANA	5	1
14076	4097488	-4732993	-1280501	SUNITA	5	1
14078	-663568	508988	47096	RICHEY	5	1
14079	4248912	-4405694	-334005	A LONE TEARDROP	0	
14082	4821776	-4604922	-2453236	RIGEL	8	6
14083	4666416	-4712546	-1738732	LIAMANTO	0	1,2,3,4,5,6,7,8,9
14093	3781072	-5219529	-3829061	ALGERON	0	1,2,3,4,5,6,7,8,24
14107	550000	41660	-415519	ITHILIEN	6	
14108	1156784	29979	-782766	MELKOR	3	3,13
14110	374288	27268	-867492	TELPERION	6	
14112	-46064	40129	-1421011	ARKHAM	0	1
14113	16080	46760	-1922622	DRODARIN	7	
14115	-235344	10062	-2576098	VALARAUKAR	0	3,4,7,8
14133	225712	20687	477866	AIUR	0	
14134	3479984	-6392650	474414	BIUYTTER	0	1,2,3,4,5,6,7,8,9,10,11,12,13,14,15
14149	3755696	-6394104	429619	LISTA 83	6	
14150	3548912	-5115546	351991	ELEVENSES	0	1,2,3,4,5,6,7,8,9,10,11,12,13,14,15,16,17,18
14168	3411056	-5124613	216714	LISTA 82	6	
14169	3311056	-5428793	329445	ACKANDUA	0	1,2,3,4,5,6,7,8,9,10,11,12,13,14,15,16,17,18,19,20
14189	3555696	-5347547	622371	LISTA 81	6	
14190	3059632	-4836884	-345819	LAGYNATON	0	1,2,3,4,5,6,7,8
14198	2759632	-4919210	-296713	LISTA 80	6	
14199	-2512	-333266	2788927	BUFF	0	1,2,3,4,5,6,7,8,9,10,11,12,13,14,15,16,17,18,19,20,21,22,23
14222	-240368	-349122	2904742	LISTA 79	6	
14223	3339280	-4396688	-1925777	KROTINOR	9	1,2,3,4,5,6,7,8,9,10,11,12,13,14,15,16,17,18,19,20,21,22,23,24,25,26,27,28,29,30,31,32,33,34,35,36,37,38,39,40,41,42,43,44,45,46,47,48,49,50,51,52,53,54,55,56,57,58,59,60,61,62,63,64,65,66,67,68,69,70,71,72,73,74,75,76,77,78,79,80
14303	3201424	-4392349	-2143731	LISTA 78	6	
14304	3759632	-4475620	-1345634	ANOYSIA	3	1,2,3,4,5,6,7,8,9,10,11,12,13,14,15,16,17,18,19,20,21,22,23,24,25,26,27,28,29,30
14334	3966416	-4466334	-862955	LISTA 77	6	
14337	4246064	-4391901	-2339348	LAHRYSACK	0	1,2,3,4,5,6,7,8,9,10,11,12,13,14,15,16,17,18,19,20,21,22,23
14360	4521776	-4234779	-2181869	XNO19	6	
14361	4277136	-4367924	-2489591	LISTA 76	6	
14362	3520688	-3890216	2622488	FORTISSIMO	0	1,2,3,4,5,6,7,8,9,10,11,13,14,15,16,17,18
14375	3689616	-3941602	2557431	LISTA 75	6	
14376	3751760	-4461391	2168286	GIARIS	0	1,2,3,4,5,6,7,8,9,10,11,12,13,14,15,16,17,18,19,20
14392	3989616	-4532625	2276488	LISTA 74	6	
14393	5782832	-4957199	-21635	LISTA 54	6	
14394	6313904	-4976597	-569070	BRINGER OF LIGHT	11	1
14395	6251760	-4998259	-201338	LISTA 73	5	1,2,3
14399	-43216	-44374	677134	SEIOS	0	1
14400	4317840	-4076347	-236909	TOLITHYLON	0	1
14401	4348912	-4123012	-404149	XNO17	6	
14402	4655696	-4129115	-238774	LISTA 72	6	
14403	4107120	-4445444	1182666	TRUNON	4	1,2,3,4,5,6,7,8,9,10,11,12,13,14,15,16,17,18,19,20,21,22,23,24,25,26,27,28,29,30,31,32,33,34,35,36,37,38,39,40,41,42,43,44,45,46,47,48,49,50,51,52,53,54
14457	3976048	-4429289	1413363	LISTA 70	6	
14458	3900336	-4276431	1072474	LISTA 71	6	
14459	3966416	-5566334	-844380	PASTEL	0	1,2,3,4,5,6,7,8,9,10,11,12,13,14,15,16,17,18,19,20,21
14478	3628560	-5554023	-889965	LISTA 69	6	
14479	3214992	-4579458	-1223743	EXUSYL	4	1,2,3,4,5,6,7,8,9,10,11,12,13,14,15,16,17,18,19,20,21,22,23,24,25,26,27,28,29,30,31,32,33
14512	3521776	-4559539	-1140378	LISTA 68	6	
14513	2670352	-4552998	-1436080	XNO16	6	
14514	6313904	-4676597	-607987	NECTARINES	8	1,2,3
14517	6076048	-4662860	-542913	LISTA 67	6	
14518	3879984	-4316450	-249386	SYMBAS	1	1,2,3,4,5,6,7,8,9,10,11,12,13,14,15,16,17,18,19,20,21,22,23,24
14542	4397488	-4379550	-1527000	DALMA	9	1,2,3,4,5,6,7,8,9,10,11,12,13,14,15,16,17
14559	4559632	-4347912	-1888005	LISTA 66	6	
14560	4162480	-4932645	601950	ALPUL 100	11	1,2,3,4,5,6,7,8,9,10,11,12,13,14,15,16,17,18,19,20,21,22,23
14578	4231408	-4937080	670712	LISTA 65	6	
14579	4431408	-4938552	372296	XNO15	6	
14580	3332496	-4249897	-2311719	DALTON	0	1,2,3,4,5,6,7,8,9,10,11,12,13,14,15
14595	3263568	-4312529	-2511501	LISTA 64	6	
14596	4142128	-4182625	-529864	PARAAM	0	1,2,3,4,5,6,7,8,9,10,11,12,13,14,15,16,17,18,19,20,21,22,23,24,25,26
14621	4386768	-4175669	-348720	LISTA 63	6	
14622	4197488	-4371488	-1409526	SCARLET LIGHT	3	1,2,3,4,5,6,7
14628	4121776	-4330897	-1773130	LISTA 62	6	
14629	967504	-817947	-1836791	FREDERICK BARBAROSSA	4	1,2,3,4,5,6
14630	3352848	-5891963	-1044753	BERMUDA GRASS	1	1,2
14631	2973200	-4320580	267849	PANKTAN	3	1,2,3,4,5,6,7,8,9,10,11,12,14,15,16,17,18,19,20,21,22,23,24,25,27,28,29,30,31
14632	3135344	-4250969	31832	ETHANION	1	1,2,3,4,5,6,7,8,9,10,11,12,13,14,15,16,17,18,19,20,21,22,23,24,25,26,27,28,29,30,31,32,33,34,35
14633	3779984	-5313464	-64458	ISARACKEN	8	1,2,3,4
14634	4297488	-4641055	-1532611	THALOORN	0	1,2,3,4,5,6
14635	2452848	-4651009	-440090	YIELD	0	1,2,3,4,5,6,7,8,9,10,11,12
14636	5482832	-5821092	328552	SUENONASTREYA	9	1,2,3,4,5,6,7,8,9,10,11
14637	5703184	-4943425	1251410	RAN-J	8	1,2,3,4,5,6,7,8
14638	1053936	-4524978	-2738928	HANAARAST	0	1,2,3,4,5,6,7,8,9,10
14639	3614992	-4399761	-1691336	FACKHARAYEN	3	1,2,3,4,5,6,7,8,9,10,11,12,13,14,15,16,17,18,19,20,21,22,23,24,25,26,27,28,29,30,31,32,33,34,35,36
14640	3477136	-4542209	-1941456	LOTHANACKOR	0	1,2,3,4,5,6,7,8,9,10,11,12,13,14,15,16,17,18,19,20,21,22,23,24,25,26,27,28,29
14641	267504	-645097	-1145511	MELANYR	0	1,2,3,4,5,6,7,8
14642	167504	-55824	-835910	TRASSHAK	0	1,2,3,4,5,6,7,8,9,10,11,12,13,14,15,16,17,18,19,20,21,22,23,24,25,26
14643	191792	-6793743	-1527697	ARKHAM	0	1,2,3,4,5,6,7,8,9,10,11,12,13,14,15,16,17,18,19,20,21,22,23,24,25,26,27
14644	5866416	-5015831	-2982963	DUSTATOM	0	1,2
14645	3183920	-3960454	-1237541	DOXENION	11	1,2,3,4
14646	5169264	-4083567	-202229	FENASTREYA	1	1,2,3,4,5,6,7,8,9,11,12,13,14,15,16,17
14647	4066416	-4419160	-988413	ANDROZANI	8	1,2,3,4,5,6,7,8,9,10,11,12,13,14,15,16,17,18,19,20,21,22,23,24,25,26
14674	4197488	-4471488	-1372232	RIAANIUS	2	1,2,3,4,5,6
14686	3952848	-4479972	-1933892	SOLITUDE	11	1,2,3,4,5
14687	4128560	-4503885	-1348208	REVANT	11	1,2
14690	4742128	-4745624	-1130057	SINGULARITY POINT	9	1
14692	5179984	-5034153	-1328806	ASTRA	2	1,2,3,4,5,6
14700	5100336	-5995542	-152474	INTERGALISIA	3	1,2,3,4,5,6,7,8,9,10,11,12,13,14,15,16,17,18,19,20,21,22,23,24,25,26,27,28,29,30,31,32,33,34,35
14736	5293552	-6036774	-744731	JLJ-FUELSOURCE-1	6	
14737	4807120	-3151397	560749	RAELC	10	1
14739	721776	-832366	1626376	RAGE	3	1,2,3,4,5,6,7,8,9,10
14750	-194640	-122325	-436142	MARIYANA	6	
14752	187856	-215683	169609	ALISON MOORE	6	
14753	3879984	-4816450	-129221	REVOL	6	
14754	7027472	-3722117	-548120	ENOLA	6	
14755	-81072	-26100	335987	KHAPHIR	0	3,4,5
14759	156784	-45538	180587	BUMMER	7	
14760	-150000	-39252	322785	BIG BUMMER	0	
14761	-525712	-33043	-28515	ANOTHER BUMMER	0	
14764	-332496	19693	-380818	GAV	0	1,2,3,4,5,6,7,8,9,10,11,12,13,14,15,16,17,18,19,20
14769	-401424	-40691	-572487	SF 01	6	
14770	-1028560	63934	-1587468	AGHE	1	1,3,5,7
14775	-866416	126340	-1921070	SC 01	2	
14776	-790704	100087	-1479468	SC 02	2	
14986	4228560	-4635214	-1422025	DEBBIE NEAVE	6	
14987	5493552	-4226325	-955898	PENROSE	6	
14988	-25712	-484974	-543893	KIPLING	6	
14989	4279984	-4542790	-403559	LOKI PULSAR	11	1
14991	4362480	-4519787	426900	GEMINI	7	1
14993	4417840	-4500830	-376139	HOPE HIDES HER FACE	0	1,5
14994	3948912	-4453743	35317	LIKEHOME	0	5
15011	3552848	-4833415	-1452226	REFUEL	6	
15012	3414992	-5889610	-1548918	WHITE CORE	2	1,2,3,4,5,6,7,8
15021	2952848	-6448045	-840503	PARSIS	1	1,2,3,4,5,6,7,8,9,10,11,12,13,14,15,16,17,18,19,20,21,22,23,24,25,26,27,28,29,30,31,32,33,34,35,36,37,38,39,40,41,42,43,44,45,46,47,48,49,50,51,52,53,54,55,56,57,58,59,60,61,62,63,64,65,66,67,68,69,70,71,72
15094	718928	-140751	-482698	HOMECOMING	6	
15238	1218928	-781336	-929477	SUPERGIANT	4	1,2,3,4,5
15244	1663568	-1012827	-908598	ANCIENT LONER	2	
15245	2163568	-1586571	-1137857	ARGONAS	3	1,2,3,4,5,6,7,8,9,10,11,12,13,14,15,16,17,18,19,20,21,22,23,24,25,26,27,28,29,30,31,32,33,34,35,36,37,38,39,40,41,42,43,44,45,46,47,48,49,50,51,52,53,54,55,56,57,58,59
15305	2108208	-1634064	-606358	QOUIR	0	1,2,3,4,5,6,7,8,9,10,11,12,13,14,15,16,17,18,19,20,21,22,23
15329	1994640	-1737547	-1322785	SQUIN	5	1,2
15332	2018928	-1964914	-1734179	MEDUSA	8	2,3
15335	1981072	-2048511	-2098533	GAVON	0	1,2,3,4,5,6
15342	1698576	-2677692	-2724758	KILLING STAR	11	1,2,3,4,5,6,7,8,9
15352	1053936	-3309433	-2578877	K192	0	1
15354	1047152	-3482904	-3009819	TARIA	0	1,2,3,4,5
15360	678224	-3604268	-2849377	S121202	7	
15361	4235344	-4335168	-1114734	KANEIKULA	3	10
15365	2663568	-5330720	-1876128	JDB	6	
15366	3890704	-4620850	-1463671	GARRETT	1	1,2,3,4,5,6,7,8,9,10,11,12,13
15380	3959632	-4640688	-1506280	STAR OF THE LID	6	
15381	650000	334495	-479908	AALIYAH	6	
15382	4673200	-4777290	-1354493	LISA LEFT EYE LOPES	6	
15383	3901424	-4419817	-2735705	REMOVABLES	6	
15390	2356784	-2186750	-1809294	GOODNIGHT	6	
15395	456784	38629	98053	ERITHROS	0	1,2,3,4,8,14
15401	112144	-140438	-263757	ARMONIKOS	0	6
15403	36432	-133110	-695798	YAYOI	0	4,5
15410	1077136	-143103	570971	SABURE	8	2,3,12
15413	1514992	-124242	439246	MOORLIA	8	1,2,5
15418	3728560	-4416425	-941518	HOBOTHIAN RUNAWAY	10	1,2
15420	3617840	-3736039	385371	JEFFOK FUEL001	6	
15423	4038192	-4540663	1234849	SNOZEN PRIME	3	1,2
15424	74288	-149145	-633450	MINGEOS	0	1,2,3,4,6,7,8
15432	1039280	-1848638	421636	BLOGENSTEIN	0	1,2
15435	1377136	-1874191	461422	CRASH	0	1,2,3
15439	956784	-1809441	-381050	UBERDAN	11	1,2,3,4,5,6,7,8
15448	656784	-1833028	-143151	GONDO	9	1
15451	274288	-1890634	-647096	NEO GASTAR	6	
15452	-94640	-1879331	-528829	COROSIA	7	1
15457	-32496	-1907498	-927835	PLIGHT	0	1,2,3,4,5
15460	381072	-1932089	-429498	MELTOS	4	1,2,3,4,6,7,9,13,14,20,21,25,30,36,39
15465	670352	-437173	502845	CHAOTICA	0	1,2,3,4,5,7,8,9,10,11,12,13,14,15,16,17,18,19,20,21,22,23,24,25,26,27,28,29,30,31,32,33,34,35,36,37,38,39
15504	952848	-422047	1176320	LOCKSTAR	7	1
15506	870352	-393929	579004	GASTAR VII	6	
15507	1352848	-399675	689378	GARN	8	1,2,3,4
15512	1052848	258546	1047937	DARKSTAR	0	1
15514	1559632	105216	1085097	JETSET	10	
15515	1859632	120202	636087	GASTAR VIII	6	
15516	2052848	95547	-36852	GASTAR IX	6	
15517	2077136	58965	-475972	DEATH	11	
15518	2677136	115059	-907956	DOC	7	
15519	3059632	-136884	-329833	CLAVIX	5	1
15521	2783920	-142560	-778534	DAST	3	
15522	563568	-437608	261632	GLQX	11	1,2,3,4,5,6,7,8,9,10,11
15686	3052848	-4243317	-846214	WORLD SIEGER	10	1
15688	3390704	-4278474	-1003565	SENGIR	10	
15689	3566416	-4154920	-689821	FORGOTTEN OF TIME	0	1,9
15692	3650000	-5049404	-3434796	ONE NO-ONE	0	
15693	3256784	-4947649	-2921800	TAFFER	6	
15694	2904272	-4131453	312012	EXCLUSIVE	0	
15695	2466416	-4128367	479619	LAURIE ANDERSON	0	1,2,3,4,5,6,7,8,9
15705	2559632	-4322851	120166	FEELING BETTER	6	
15707	2804272	-4333223	378476	IODINE	0	6
15709	1952848	-4313160	256946	LYGHT	8	6
15711	1577136	-4292069	78342	GAUL	0	3,4,5,13,27,35
15724	4055696	-4146452	352242	SNEAKER PIMPS	0	1,2,3,4,5,6,7
15725	-381072	-614178	628365	AWFATNEKR	6	
15726	25712	-524397	599561	DEAD MARTYR	6	
15727	1274288	-4443493	-1784892	TIAM	9	3,13,15,19
15732	1243216	-298375	-1471960	MALAWI	9	3,6,7,9,18,19,20,22,39,41,50,52,53,54,55,57,62,66
15751	3408208	-420650	-1856116	RINI	1	1,3,4,6,10,14,19
15763	3256784	-5147061	-2681606	JADE SPHERE	0	4
15765	1377136	-6524911	257731	GATOUS	1	24
15766	390704	-7530998	2076926	FERRITE	0	
15767	1776048	-6136152	3590978	ALDRIN	0	3
15771	1755696	-7604252	2399357	KITTYIOUS	0	3,5
15774	143216	-72699	-337506	SIBERIA	0	2,5,18,20
15778	4217840	-4551864	-231461	GENOSIS	11	1,2,3
15791	5438192	-4045464	-217271	LISTA 84	6	
15808	3383920	-3984937	-1435301	LISTA 85	6	
15809	5859632	-5010613	-3249035	LISTA 86	6	
15810	153936	-6892714	-1740149	LISTA 87	6	
15837	-70352	-87006	-946942	LISTA 88	6	
15863	405360	-626505	-938565	LISTA 89	6	
15871	3677136	-4540439	-2139806	LISTA 90	6	
15900	3752848	-4441158	-1717445	LISTA 91	6	
15936	1322864	-4526047	-2757837	LISTA 92	6	
15946	5865328	-4801802	1061795	LISTA 94	6	
15964	2521776	-4715370	-131390	LISTA 95	6	
15979	3442128	-4330971	171855	LISTA 96	6	
16014	2966416	-4344856	59344	LISTA 97	6	
16044	3290704	-5837570	-849974	LISTA 98	6	
16050	898576	-826658	-1854582	LISTA 99	6	
16052	4017840	-5233971	-3907	SHOOTER	10	
16053	3479984	-5404507	231264	HAWKIN	7	
16054	3473200	-5482739	44853	TURNER	7	
16055	3604272	-5632627	-325939	NISSAN	11	1
16056	3328560	-5628964	-535686	GOLDIE	0	
16061	3290704	-5637570	-892839	AURON	0	1,2,3,4,5,6,7,8,9,10,11,12,13,14,15,16,17,18,19
16062	4648912	-5743891	-726921	AZURIA	1	1,2,3,4,5,6,7,8,9,10,11,12,13,14,15,16,17,18,19,20,21,22,23,24,25,26,27,28,29
16107	3552848	-6145109	-1343871	STRATUS	0	1,2,3,4,5,6,7,8,9,10,11
16384	3377136	-4358630	-1800092	NOCTURNAL	0	4
16386	3159632	-4949345	-683883	OHSOLONELY	0	1
16387	2659632	-5271140	-236534	NASAT	0	3
16389	4517840	-4625313	-517790	FUTURE REFERENCE	4	1,2,3,4,5,6,7,8,9,10
16390	4793552	-4697362	-321579	REST STOP	6	
16403	3366416	-4787233	-268194	KUBRICK	8	35
16404	1777136	-4859226	-132601	ROCKET	1	5
16406	936432	-5474889	-1542464	SAMARITAN	6	
16407	781072	-303427	-946407	ROUGE	4	
16409	3821776	-4829682	-1482257	JED THE HUMANOID	1	3
16410	5869264	-5201184	-917539	THE SPARK THAT BLED	0	3,7
16412	6200336	-5325679	-1343998	BRAIN DAMAGE	0	1,2,3,4,5,6,14
16421	3752848	-4041158	-1634916	MIRAGE OF LIFE	0	1,2
16424	3708208	-4049889	-2205765	PHILOSOPHY	0	1,2,3,4,5,6,7,8,9,10,11,12,13,14,15,16,17,18,19,20,21,22,23,24,25,26,27,28,29,30,31,32,33,34,35,36,37,38,39,40,41,42,43,44,45,46,47,48,49,50,51,52
16477	3539280	-4035183	-2130392	FOUNTAIN OF DREAMS	6	
16478	3301424	-4040099	-2178125	EXPLORER'S HOPE	0	1
16481	3432496	-4021553	-2394337	RUBY EYE	3	1,2
16485	3063568	-4028950	-2269590	MACHIAVELLI	0	1,2
16487	2863568	-4044792	-1889762	HOLLOW POINT	3	6
16489	174288	555611	-631997	BLINKER	11	
16490	-463568	578235	-248821	TWINKLY	8	1,2,3,4
16495	-932496	568957	275471	DRESSED UP NO PLACE	0	
16496	-601424	478140	-356998	OUELLETTE	0	1,2,3
16500	3052848	-4343317	-758758	ANJI	3	
16502	2614992	-4349004	-633035	BRIGHT EYES	0	1,2,7
16504	5038192	-4896797	274497	KALTRIDOR	0	2
16508	5589616	-4963084	639843	PHEENER	0	1,2
16509	6358544	-4607758	66541	NOUVALLA	0	5
16511	-50000	-46418	202518	TONAL	0	
16512	456784	-161371	118442	TECHRON	6	
16513	732496	-221830	329207	CARNEROS	0	1,2,3,4,5,6,7,8,9,10,11,12,13,14
16528	1008208	-231376	523199	YRIDITH	3	1,2
16531	3648912	-4532863	257811	NSF 02	6	
16651	3459632	-4295682	-737647	DYNAMIIS	10	2
16656	-12144	-472689	269004	LOVELY-AMBER	0	5
16657	232496	-556762	765234	GREY SHIFTER	6	
16658	1101424	-941014	53434	FAILED HOPE	0	
16660	877136	-1075946	759295	ABUNDANCE	0	3
16661	1152848	-1131650	1166457	KJW FUELUP	6	
16872	2446064	-4229519	-567104	ELUSINA	0	1,2,3,4,5,6,7,8,9,10,11
16884	2746064	-4223250	-933050	DISTROPHIKA	4	1
17048	2763568	-4688046	-1921440	LAURANA	0	3,4,6,14,16
17071	2870352	-4893903	-1697850	ALTEA	0	1,2,3,4,5,7,8,12,13,14,16
17072	3039280	-4757874	-1629490	ARANVAL	0	1,2,3,4,5,6,7
17075	1943216	-4778968	-2211249	XEDURIA	0	5,23
17076	1229648	-4810891	-2287914	LUVEROSTINOY	0	3,5
17079	1343216	-4776878	-1622774	FERMONIDUS	0	13,30,32,43
17084	674288	-4796319	-1143186	DEMOPRAXIA	0	5,7
17087	181072	-246421	-345421	TAI HEXIS	1	1,2,3,6
17094	3946064	-4598171	-2025951	CASSUS	5	1,2,3
17096	3452848	-4518536	-1183512	WISPY'S STAR	1	1,2,3,4,5,6,7,8,9,10,11,12,13,14,16,17,18,19,20,21,22,23,24,25,26,27,28,29,30,31,32,33,34,35,36,37,38,39,40,41,42,43,44,45,46,47,48,49,50,51,52,53,54,55,56,57,58,59,60,61,62,63,64,65,66,67,68,69,70,71,72
17168	339280	598238	1172580	DARKLING	6	
17169	456784	-261371	63101	ALBINONI	6	
17170	3831408	-4271991	1075736	CCCPTV	6	
17171	3635344	-4413073	-437495	THOM	2	1,2,3,4,5,6,7,8
17193	4142128	-4782625	-641787	CHEK	4	1,2,3,4,5,6,7,8,9,10,11,12,13,14,15,16,17,18,19,20
17204	4066416	-4819160	-926375	YEESE	10	1,2
17207	4373200	-4823248	-1020911	WASTE OF TIME	6	
17208	4973200	-4731331	-1675245	SPRAK	7	1
17210	4490704	-4735203	-2066666	TUGAR	5	1,2,3,4,5
17216	2983920	-5635971	-952172	ANNRE	2	1,2,3
17220	3059632	-5632348	-554450	ZENNA	11	1,2,3,4,5,6
17227	3052848	-5636380	-959161	GALLID	5	1,2,3,4
17232	2708208	-5623615	-1164802	OLMEC	5	
17233	2632496	-5972588	-1555296	ZOMEC	5	1,2
17236	2594640	-6276362	-1885446	IMMA	5	1
17238	2181072	-6434179	-2221629	UKA	5	1,2
17241	2556784	-6427335	-2012363	PALLI	5	1
17243	2863568	-6645371	-2030915	GRUBB	5	
17244	3263568	-6640613	-2224383	GILLREUN	5	1,2
17247	3570352	-6740459	-2423724	NIKKA	5	1,2
17250	3263568	-6712529	-2502934	MINA	5	
17251	3425712	-7044402	-2823452	EX	5	1
17253	3563568	-7022361	-2839824	GILGAN	5	1
17255	3125712	-7046492	-2523938	YEEMA	5	1
17257	3081072	-7069688	-3236482	BROWN THUNDER	5	1,2,3,4,5
17263	3450000	-7035072	-3236102	CO'ORD	5	
17264	3763568	-7037011	-3022940	FLUMM	5	1
17266	3550000	-7042238	-3384053	RHINO	5	
17267	3850000	-7050000	-3950000	SABRE	5	
17268	4081072	-7029104	-4229008	GOMA	5	1,2,3
17272	4574288	-7137787	-4893775	RHEAN	5	1,2
17275	4567504	-7123875	-5320969	MAGA	6	
17276	5556784	-7053610	-4938331	YUI	4	1,2,3,4,5
17282	5663568	-7046546	-4877364	HAGA	10	
17283	5970352	-7038092	-4780067	Y'KAA	10	1,2
17286	4518928	-7029982	-4274515	GHIRAN	10	1,2
17289	4850000	-7004320	-4712138	MIGAS	6	
17290	5287856	-7032383	-4982269	YERSA	9	1
17316	5470352	-7001368	-4266745	GOJI	9	1,2,3,4,5,6,8,9,10,11,12,13,14,15,16,17,18,19,20,21,22,23,24,25,26,27,28,29,30,31,32,33,34,35,36,37,38
17330	4901424	-7021609	-3812714	CAMB	6	
17331	4356784	-6969723	-3976619	YE'KAA	6	
17332	3274288	-7682286	-3768411	PAIEE	2	1,2,3,4,5,6,7,8
17342	3736432	-7612209	-4387488	YOGOMA	2	1,2,3,4
17349	3660720	-7595727	-4847289	YAGRIMA	2	1,2,3,4,5,6,7
17354	3078224	-7621881	-5338929	UNKOWS	2	1,2,3,4,5,6
17393	6050000	-8159236	-5853817	GLARI	5	
17394	5925712	-8139605	-5225608	REGIS	10	
17395	5870352	-8152104	-4645931	GORI	10	1,2
17398	6439280	-8160862	-4947557	URR'KAAL	10	1
17400	5956784	-8165851	-5435792	SHEEMA	11	1,2,3,4,5,6,7
17408	5425712	-8286779	-4787371	UMMA	11	1,2,3,4,5,6,7,8,9,10,11,12,13,14,15,16,17,18,19
17428	5756784	-8277784	-5438279	YAKI	11	1,2,3,4
17433	6301424	-8345475	-5243911	VIKA	11	1
17435	5681072	-8345525	-5775509	YAMA	5	1
17509	3609296	-8257213	-5922593	RAMAS	2	
17512	2257872	-8270892	-5709617	ZENA	2	1,2
17514	3828560	-4247754	-1085502	SILVA	6	
17516	3366416	-4232527	-498413	SWEET HOME	0	1,2,3,4,5,6,7,8,9,10,15,16,21,28,30,31,32,33
17531	2683920	-4230319	-693965	RED SHINE	3	1,2,3,4,5,6,7,8,9,10,14
17543	2183920	-4569112	-120606	WALZ	8	1,2,3,4,5,6,7
17551	2314992	-4633776	-411379	BELLAMI	7	1
17553	2721776	-5051775	-344062	SPECULA	11	1,2
17556	2139280	-5372503	-704619	LONG RANGE	6	
17557	1863568	-5424170	-927775	LIQUID CRYSTAL	1	1,2,3,4,5,6,7,8,9,10,11,12
17600	4931408	-2454377	-66691	LISTA 104	6	
17735	2750000	-250000	-2850000	AKTRE	8	
17737	2750000	-50000	-2850000	LISDHA	1	
17748	5524624	-4546389	-1030383	LISTA 108	6	
17749	5579984	-4543688	-1666794	SEVEN-1	7	
17750	5817840	-4550374	-1828775	SEVEN-2	7	
17751	6079984	-4751067	-2428084	SEVEN-3	7	1
17753	6173200	-4785353	-2825891	SEVEN-4	7	1
17755	6748912	-4745408	-2848957	SEVEN-5	7	1
17757	7862480	-4941909	-3095738	SEVEN-6	7	1
17759	8300336	-4959123	-3440871	SEVEN-7 EXTRA SPLASH	7	1
17814	3886768	-4748498	236143	LI+SOURCE	6	
17816	3421776	-5225800	-1045403	LITHIUM+	6	
17818	2908208	-5407513	-1420459	SOL	0	1,2,5
17825	-287856	-97763	57380	THE LONELY STAR	0	
17832	3673200	-4545717	-167370	ANCAP	6	
17906	3804272	-4398014	-524676	AMATISTA	9	1,2,3,4,5,6,7,8,9,10,11,12,13,14,15,16,17,18,19,20,21,22,23,24,25,26,27,28,29,30,31,32,33,34,35,36,37,38,39,40,41,42,43,44,45,46,47,48,49,50,51,52,53,54,55,56,57,58,59,60,61,62,63,64,65,66,67,68,69,70,71,72,73,74,75,76,77,78,79,80
17915	2256784	-3950922	-1662661	PARSIS' DWARF	7	
17916	2601424	-3943702	-1517513	VALDEZ'S STAR	6	
17917	2656784	-3263163	-2085174	SVEZDA	0	4
17926	3635344	-4513073	-476087	POSTO CHARLANTI	6	
17927	4093552	-4868400	392217	CHARLANTI GAMA	0	6
17929	3566416	-4323957	-480174	CHARLANTI DELTA	2	
17930	3377136	-4420152	-1540652	CHARLANTI THETA	0	1
17932	3352848	-4591963	-1063331	LELEFODAO	0	1
17933	3246064	-4612800	-1346055	CYTRY	0	6,15,16
17937	3414992	-4589610	-1473286	STERIL	0	
17938	3746064	-4602351	-1932130	STERIL2	0	
17939	3877136	-4607596	-2277855	SPECUL	0	3,24
17942	3870352	-4636279	-2652638	MERCIA1	0	3
17944	3832496	-4646036	-2821847	CAETANO1	0	3,4,5
17948	3863568	-4663265	-3064490	OASIS SPACE GAS	6	
17949	3494640	-4634583	-2810538	LKENSPLY	0	3
17951	3717840	-4660522	308917	COZA I	0	1,2,3,4,5,6
18395	3752848	-5141158	-1665262	PITSTOP 9	6	
18396	3852848	-5160565	-1755336	RUNAWAY 2	10	
18397	3952848	-5179972	-1848799	SERENADE LAVENDER	0	1,2,3,4,5,6,7,8,9,10,11,12,13,14,15,16,17,18,19,20,21,22,23,24,25,26,27,28,29
18398	4052848	-5199379	-1945650	ALPHA DENGIS	3	
18399	4152848	-5218786	-2045890	BETA DENGIS	7	
18400	4252848	-5238193	-2144832	GAMMA DENGIS	11	
18401	3946064	-5298171	-2109764	DELTA DENGIS	1	
18402	3977136	-5295690	-2137427	EPSILON DENGIS	9	
18403	4014992	-5320064	-2135424	ZETA DENGIS	0	
18404	3877136	-5304946	-2146032	ETA DENGIS	5	
18405	3877136	-5407596	-2223971	THETA DENGIS	9	
18406	4046064	-5396081	-2229556	IOTA DENGIS	5	
18407	4183920	-5251796	-2142812	LAMBDA DENGIS	7	
18408	4046064	-5296081	-2136675	MU DENGIS	10	
18409	3639280	-5335502	-2212754	NU DENGIS	0	
18410	4152848	-5418786	-2143247	XI DENGIS	8	
18411	4114992	-5425140	-2128881	OMNICRON DENGIS	3	
18412	4146064	-5393991	-2233581	PI DENGIS	10	
18413	4214992	-5430216	-2254357	RHO DENGIS	3	
18414	4183920	-5351796	-2121000	SIGMA DENGIS	10	
18415	4114992	-5325140	-2138296	TAU DENGIS	2	
18416	4083920	-5339555	-2057413	UPSILON DENGIS	1	
18417	4083920	-5439555	-2128652	PHI DENGIS	8	
18418	4014992	-5420064	-2060371	CHI DENGIS	10	
18419	3946064	-5398171	-2140461	PSI DENGIS	10	
18420	4314992	-5235292	-2369456	OMEGA DENGIS	8	
18421	3508208	-5097063	-1991856	KAPPA DENGIS	4	
18548	3890704	-5020850	-1539591	WANDERING MINSTREL	10	1
18579	3408208	-5120650	-1875470	RUNAWAY 3	10	1
18581	3263568	-5240613	-2259806	ARERETREI	5	
18583	2718928	-5334162	-2425086	NLG'2873	8	1,2,3,4,5,6,7,8,9,10,11,12,13,14,15,16
18599	2950000	-5350000	-3050000	NLG'0319	8	
18600	2912144	-5332376	-3099987	NLG'7286	8	
18601	2812144	-5346707	-3024287	PITSTOP 10	6	
18602	2767504	-5338228	-3501535	NLG'5220	8	
18603	2353936	-5345300	-4116543	NLG'1004	4	1,2,3,4,5,6,7,8,9,10,11,12,13,14,15,16,17,18,19,20,21,22,23,24,25
18629	4773200	-4651613	-1520195	XARVARC	8	1,2,3,4,5,6,7,8,9,10,11,12
18642	4414992	-5240367	-2433095	RUNAWAY 4	10	1
18644	4928560	-5278806	-2232144	GALTHERG	8	1,2,3,4,5,6,7,8,9,10,11,12,13,14,15,16,17,18,19,20,21,22,23,24,25
18709	4041040	372068	3374470	ASKEW 180	7	1
18710	3903184	41353	3093622	ASKEW 181	3	1,2,3,4,5,6,7
18711	3620688	-634106	2456427	ASKEW 183	0	1,2,3,4,5,6,7,8,9,10,11,12,13,14,15,16,17,18,19,20,21,22,23,24,25,26,27,28,29,30,31,32,33,34,35,36,37,38,39
18712	3551760	-333345	2308899	ASKEW 182	8	1,2,3,4,5
18713	3438192	-1233198	1856484	ASKEW 184	5	
18714	3224624	-1903689	1244567	ASKEW 185	10	1
18715	3348912	-2580912	597937	ASKEW 186	11	1,2,3,4
18716	3273200	-3143550	72071	ASKEW 187	9	1,2,3,4,5,6,7,8,9,10,11,12,13,14,15,16,17,18,19,20,21,22,23,24,25,26,27,28,29,30,31,32,33,34,35,36,37,38
18717	3259632	-3816283	-590463	ASKEW 188	7	
18718	3659632	-4527550	-1163661	ASKEW 190	9	1,2,3,4,5,6,7
19361	3283920	-5272695	-1249674	ASKEW 200	8	1,2,3,4,5,6,7,8,9,10,11,12,13,14,15,16,17,18,19,20,21,22,23,24,25,26,27,28,29,30,31,32,33,34,35,36,37,38,39,40,41,42,43,44,45,46,47,48,49,50,51,52,53,54,55
19537	4773200	-4804238	-1220168	ASSALMAR WEREING	8	1,2,3,4,5,6,7,8,9,10,11,12,13,14,15,16,17,18
19557	4979984	-4813850	-1071484	PITSTOP 41	5	1,2
20066	4911056	-4861916	-1319283	SAREIJH	10	1,2
20069	4979984	-4849294	-1346433	TEIRATHRA	7	
20070	4942128	-4822933	-1328747	DEIRRAS	8	
20071	4942128	-4922933	-1440887	EARIETH	5	
20072	5011056	-4857736	-1353633	IAERALLA	2	1
20074	5248912	-5047794	-1305909	YITHEASTER	8	1,2,3,4,5,7,8,9,10,11,12
20087	187856	-115683	133167	ORIAHSLA	7	
20088	-250000	267914	367053	YAKULANTERN	4	
20089	156784	215042	358760	ERITREIANGAMA	1	1
20090	356784	-2863	-23661	HRENAN HALO	0	1,2,3,4,5,6,7,8,9,10,11,12,13,14,15,16,17,18,19,20,21,22,23,24,25,26
20096	363568	177043	381957	ERITRUNGUL	3	
20098	470352	472659	722038	RALLAIMRALA	8	1,2,3,4,5,6,7,8,9,10,12,13
20111	-356784	-249112	74478	GRELLIKALYA	0	1,2,3,4,5,6,7,8,9,10,11,12,13,14,15,16,17,18,19,20,21,22,23,24,25,26,27,28,29,30,31,32,33,34,35,36,37,38
20130	4128560	-4303885	-1407510	FIRESKY	3	1,2,3,4,5,6,7,8,9,10,11,12,13,14,15,16,17,18,19,20,21,22,23,24,25,26,27,28,29,30,31,32,33,34,35,36,37,38,39,40,41,42,43,44,45,46,47
20133	4686768	-4539542	-584216	BLIGHT	4	2,9
20136	3935344	-4524120	-786596	BLINDED EYE	11	1
20138	4311056	-4686995	-684572	HIGH LIGHT	2	1,2,3
20142	4862480	-5308953	-280670	NULL	6	
20143	5476048	-5957484	82716	YBARRA	1	
20144	5469264	-6372338	-331449	AKAISA	0	1,2,3,4,5,6,7
20152	5507120	-6388421	-240910	CADOR	6	
20153	5138192	-6376196	124376	JUNIO	6	
20157	357872	-4612396	-3751287	LITHI+	5	
20197	4252848	-4238193	-2160799		7	
20198	70352	64869	1319764	FRAUD	0	1
20201	-598576	88246	1694346	TRIPLEX	8	10,11
20204	-1205360	63627	1935255	AMSCRAY	0	3,4
20208	-495728	131550	3777911	OREH	0	6
20210	3021776	-4421918	-662179	ICELY	6	
20211	-643216	221620	1043917	DOMINORAL	0	1,2,3,4,5
20213	-718928	220160	639955	JELIM	6	
20218	2770352	-5828842	-1328582	HUR	8	
20219	2270352	-6002262	-1149713	FUELER	6	
20220	1870352	-6120454	-719006	IONICA	11	1,2,3,4,5,6
20227	412144	-28516	-525534	BYRON	0	1,2,3,4,5
20233	-18928	-229680	-137040	OLENARA	0	1,2,3,4,5,6,7,8,9,10,11,12,13,14,15,16,17,18,19,20,21,22,23,24,25,26,27
20261	3421776	-6125800	-1062368	CORNELIUS	4	1,2
20264	3283920	-6172695	-1224010	SHIRO	2	1,2,3,4,5
20270	4066416	-5645367	-1158831	AVON	1	1,2,3,4,13,14,15,16,17,24
20281	318928	-183426	-53503	JURACIA	0	1,2,3,4,5,6,7,8,9
20301	-12144	-372689	342906	TUMARIS	0	1,2,3,4,5,6,7,8,9,10
20322	-432496	-237632	-299351	BRAILLARLYA	3	1,2
20323	-325712	-131538	-30885	UNAVENHORON	7	
20326	150000	70323	-15	TRARTARTARNOV	0	
20327	387856	72395	-86023	DVERNARQ	7	1
20328	150000	-129677	3953	AEWIREK	0	
20329	218928	-169094	-26787	EVERBRIGHT	0	1,2,3,4,5,10,11
20338	4097488	-4132993	-1298211	FAELIN	4	
20341	3973200	-4425956	-714317	TARASOV	8	3,4,5,13,14
20345	3935344	-4424120	-719938	FUTILE GLOW	5	1
20347	4279984	-4342790	-412583	BELYI	0	1,2
20350	4179984	-4425408	-507835	OLD RED	3	1
20352	2456784	-4622578	-1886648	TANNED	5	1
20354	2556784	-4627335	-1923039	LONE RANGER	5	
20355	2494640	-4626202	-1803638	GRANDOISE	11	1
20357	2970352	-4684077	-1627871	WARMTH	4	5,7,39
20361	3177136	-4691473	-1519950	SCOPOS ALPHA	5	2
20364	3928560	-4410155	-1175568	DORESTAR	2	3,7
20370	4486768	-4507317	-341658	SOL-BADGUY	0	1,2,3,4,5,6,7,8
20379	4931408	-4854377	-136562	GREY FUEL	6	
20380	5369264	-4600105	-122686	A NEW HOPE?	0	1,2,3,4,5,7,17,31,38
20390	5700336	-4705097	-808001	PROTOMAN	0	1,5,6
20394	5551760	-4303333	561199	JASON'S STAR	11	
20395	-1032496	-1088368	337943	JASON'S YELLOW STAR	0	
20401	3466416	-4440059	-409823	MINUS	7	
20405	3404272	-4098312	-244696	SAGNAR	0	4,5
20412	3335344	-4102025	-194226	DRAGNIUS	0	1,2,3,4,5,6
20413	2859632	-4636208	-356909	BIG G	11	1,2
20417	2477136	-4803452	-740111	SLARMEK	0	1,6,7,17,33,34
20451	3577136	-5125788	-1981876	ICLE	0	1,3
20453	-101424	-656793	-841241	YILLIA	0	7
20456	-614992	-934031	-1248279	DUL	0	1,2
20459	-414992	-1138211	-1321849	NU	0	1,7
20461	4279984	-4942790	-385510	KULTHOR	2	1
20466	4279984	-4828393	-649180	KAFRION	9	3,25,27
20467	-166416	-810980	-2531009	FALLA	0	21
20470	18928	-140432	218872	BRAXOS	0	3
20472	43216	-394196	-236960	TARN	0	1,2,3,4,5,6,7,8,9,10,11,12,13,14,15,16,17,18,19,20
20474	-132496	-240917	-837969	JOJOS	4	3
20476	2959632	-1881649	-323664	LOTUS	0	1,2
20479	1150000	-901334	-1041098	PALAIOLOGUS	4	
20480	974288	-1321067	-1251662	ALGUST	0	1,2,3,4,5,6,7,8,9,10,11,12,13,14,15,16,17,18,19,20,21,22,23,24,25,26,27,28,29,30
20489	677136	-338980	1079346	LOPENSIS	0	4
20490	739280	-409824	758782	FOS	2	1
20493	752848	-414304	1300716	FOTIOS' STAR	3	1,2,3,4,5,6,7,8,9,10,11
20494	263568	-740889	777398	ELHOR	0	5
20497	790704	-463543	1552541	ROMANUS	7	1
20500	1174288	-1494814	-1510983	PALAMOR	0	1,2
20503	1181072	-1674764	-1247271	THYRATHEN	0	1
20514	1512144	-1401943	-1729487	BAKUK	8	6
20517	1363568	-1794931	-363709	JUSTIAN	4	2
20519	1783920	-2420146	231949	NORAVIA	0	5,6
20522	1983920	-2444629	-26014	STRAWBERRY	3	1
20524	261808	-954567	-5346822	AVRAMIDES	1	1
20526	330736	-1498666	-5157772	MESAION	0	3,20
20530	-1012144	-819863	1371743	MORGAI	0	1
20532	3659632	-4875081	-933896	HORAGOR	0	20
20538	5507120	-5288421	-243775	NIKEPHORUS	0	3,5
20583	5048912	-4913160	-1102160	LORYN	11	1
20586	5193552	-4976463	-640290	ISKALYRIA	10	1
20587	698576	-1738899	-1654808	NORAK	2	1
20606	1067504	-1964183	-1819350	PASARIS	3	1,2,3,4,5,6,7,8,9,10,11,12,13,14,15,16,17,18,19,20,21,22,23,24,25
20615	612144	-399853	-785670	MIDAVIR	0	1,2,3,4,5,6,7,8,9,10,11,12
20629	3377136	-4858630	-1777198	DORIAN SYSTEM	2	1,2,3,4
20634	143216	-172699	-356379	TENIASIS	1	
20635	-232496	-305408	-733741	MARVAIL	0	18,20
20638	-118928	-236846	-17202	DARRIGO	0	7
20640	4742128	-4145624	-1121731	TYNANIAN	0	2,3
20643	4679984	-4040337	-1033466	LITHSTOP-1	6	
20644	5024624	-4042805	-582543	JOMNIA	0	5
20646	3862480	-3989544	700686	LITHSTOP-2	6	
20647	2735344	-3979930	374685	LITHSTOP-3	6	
20648	2883920	-3923730	-840962	LITHSTOP-4	6	
20649	2846064	-3921160	-1026430	PARNIA	0	3
20712	4162480	-4129830	471229	SHELLEY	0	1,2,3
20716	4169264	-4539675	792675	RUTANA	0	1,2,3,4,5,6
20723	3011056	-5741333	660151	CAPUTO	0	1,2,3
20903	-481072	-299847	668695	PARAD0X1	0	
20910	-801424	65898	-243734	DHULCRON	1	1,2,3,4,5,6,7,8,9,10
20920	-601424	78140	-425711	VIOS	2	1,2,3,4,5
20921	-739280	106031	-625509	LITHFUEL	6	
20924	-1183920	285851	-658429	ORANO	4	1,2
20927	-1183920	585851	-665106	RUNEL	10	1,2
20932	-1246064	625757	-538613	BLACKSHINE	5	1,2,3,4
20964	3573200	-4997591	-283729	GROGSTAR 1	6	
20966	-232496	-405408	-638545	GROGSTAR	11	
20981	3783920	-4333902	-1774728	FULA	6	
20982	3677136	-4523457	-1854652	ET	0	1
20984	3939280	-4643244	-2540327	NUSE	0	5
20986	4073200	-4402744	-540117	CLOYSTAR	4	1,3
20989	-81072	-126100	301856	ENTURUS	0	1,2,3,5
20993	3911056	-5203714	-241322	EXILE	10	1
20995	4155696	-5161360	150456	SHEL	6	
20997	-325712	-431538	23415	COBAR	0	1,2
21000	-670352	-535653	-403983	MATRON	0	2,3,4,5,6
21006	4166416	-4003058	-1039179	BLUE SHADOW	1	1
21008	4855696	-4427844	-620842	LUENEN	0	3
21010	4962480	-4474426	-187858	NIGHTWISH	0	3
21012	5162480	-4592639	-379458	UPU-02	0	
21013	5100336	-4595542	-181279	THE LONELY	10	
21014	4969264	-4680100	168760	BIG BLUE	1	2
21017	4273200	-4365722	-754329	YAMOO	8	1
21018	3966416	-4566334	-873182	KOORSCH	1	3,17,25,47
21023	4304272	-4464874	-1145651	MAXOSAXO	8	1,2,3,4
21029	3714992	-4904837	-1775995	VALENTINE	0	1,2,3,5,7,15
21037	1487856	-6333001	-1174221	HAERNAS	11	1,2
21040	4242128	-4471280	-622913	GREY MOTHER	10	1
21042	3642128	-4639353	-114931	PORST	6	
21051	4831408	-4803641	-36528	CISCOSIS	11	1,2,3,4,5,6,7,8,9,10,11,12,13
21057	5338192	-4834993	-115783	KNUIS	6	
21058	5576048	-4858380	29991	SERACUS	0	1,2,3,4,5,6,7,8,9,10,11,12,13,14,15
21074	5789616	-4934123	456656	VALPUN	8	1
21080	5658544	-4943265	798068	KELTA	8	1,2,3,4,5,6,8,9,10,11,12,13,14,15,16,17,18,19,20,21,22,23,24,25,26,27,28,29,30,31,32,33,34,35,36,37,38,39,40,41,42,43,44,45
21124	5827472	-4968989	720641	NARKKU	0	1,2,3,4,5,6,7,8,9,10,11,12,13,14,15,16,17
21139	4166416	-4903058	-1144218	TAMBUB	0	1,2
21142	3859632	-4954480	-1133279	HIUKA	0	1,2
21145	4097488	-5032993	-1271647	KUIKUTTI	1	1,2,3,4,5,6,7,8,9,10,11,12,13,14,15,16,17,18,19,20,21,22,23,24,25,26,27,28
21177	3790704	-5311018	-1433729	JINKU	0	1,2,3,4,5,6,7,8,9,10,11,12,13,14,15,16,17
21216	4073200	-5702744	-580029	REDDULL	4	1,2,3,4,5,6,7,12,13,14,15,16,17,18,19,20,21,22,23,24,25,26,27,28,29
21219	4235344	-3935168	-1142622	GRINDERIA	3	1
21221	3146064	-3814890	-1245904	GRINDERIOUS	0	1
21223	3652848	-3621750	-1588119	GRINDERIAN	0	4
21224	3552848	-3645109	-1238973	REFUELING STAR	6	
21225	3797488	-3655365	-1029538	AGNOSIA	0	5
21228	3735344	-3673064	-640347	BIG PINKY	10	1
21229	3197488	-3831180	-416659	LITTLE SHINNY	11	1
21231	3259632	-3797415	-827087	AGRADONIOUS	2	1,2,3
21235	2783920	-3842560	-750467	FUGATIVE	10	
21236	2777136	-3826086	-1180999	GRINTAGRIOUS	7	
21238	2270352	-3802262	-1075107	AGRINODA	0	1,4
21241	2546064	-3827429	-731391	THE DEMIGOD	3	4,5,11,16
21246	1994640	-3437547	-1292412	BLUE LOU	7	1
21248	2301424	-3538307	-1220758	ANGLEGRINDERED	0	1,6
21250	714992	-983636	1212556	ONE OF MANY	7	
21251	-18928	-129680	-102188	CUSTARD	0	5
21255	1973200	-4015204	1296742	BANNANA	0	1,2,3,4
21260	1928560	-4141780	852839	SHINNY BLUE	7	1
21261	1477136	-3464936	324241	LONE STAR	0	
21263	2028560	-3604181	732400	GRINDAG	0	1,2,3,4,5,6
21274	102512	-3935889	-2731008	BLUE DWARF	7	1
21276	453936	-4600516	-2135969	BABYLON	1	1,2,3,4,5,6,7,8,9,10,11,12,13,14,15,16,17,18,19,20,21,22,23
21300	650000	-5765505	-429528	AVARON	0	
21301	456784	-5761371	165059	EVORA	0	1,2,3,4,5,6,7,8,9,10,11,12,13,14,15,16,17,18,19,20,21,22,23,24
21326	1001424	-5962192	160044	VARD 1	6	
21327	1639280	-6595194	-141622	HARATHON	2	1,2,3,4,5
21333	1939280	-7034008	-476733	ATORION	8	1,2,3,4,5,6,7,8,9,10,11,12,13,14,15,16,17,18,19,20,21,22,23
21357	2459632	-7706073	-15349	VARACYLNIA	0	1,2,3,4,5,6,7,8,9,10,11,12,13,14,15,16,17,18,19,20,21,22,23,24,25,26,27,28,29,30,31,32,33,34,35,36,37,38,39,40,41,42,43,44,45,46,47,48,49
21407	1939280	-8434008	-437042	XA12	6	
21475	3766416	-3729610	-660428	ELYCIA MYSTIQUE	0	4
21477	-139280	13526	-1005398	CELESTARA	0	5
21479	-77136	10954	-1386472	KOWAI	0	1,2,3,4,5,6,7
21487	4546064	-5785631	-2639428	SPECLAX	0	1,2,3,5,6
21493	4659632	-6303148	-2048616	SOUTHERN SUN	10	
21494	4866416	-6934939	-2008841	LONELY STAR	10	
21495	5411056	-7441017	-1775473	BISTARIAL	10	1,2
21498	5342128	-7777551	-1720892	OSCAR	0	1,2
21501	5204272	-8031435	-1991434	GOND	0	1,2,3,4
21506	5079984	-8324002	-1136400	RUNN	10	1,2
21509	4679984	-7940337	-995777	INTER	0	1,2
21512	5017840	-8016655	-997377	BALF	0	1,2
21515	5031408	-9036185	-158306	BOTAC	0	1,2,3,4,5
21521	5376048	-9156588	170993	ESEV	7	1
21542	2852848	-4028638	-806866	NEUROSA	0	1
21544	3111056	-3937153	456361	LIFESAVER	6	
21545	3111056	-4037153	554224	LARGE TASK	0	1,2,3,4,5,6,7,8,9,10,11,12,13,14,15,16,17,18,19
21566	2263568	-5263563	-1485699	SEARCHER	0	1,2
21569	5508208	-4849613	-4028028	UNWORTHY	6	
21570	5263568	-5119714	-4315952	WORTHY	6	
21571	5946064	-5256373	-4034547	ATTEMPT	0	1,2,3,4,5
21577	6221776	-5252973	-3881393	MOU	0	1,2,3,4,5,6,7,8
21586	3359632	-4345485	-945226	LOOSE	10	
21587	3735344	-4373064	-525141	SREVE	7	1
21590	3477136	-5441968	-1705434	SOLNEMAN	0	4
21592	5360	-136337	-611447	SOLNEMAN 2	0	3
21593	3377136	-4658630	-1786356	SOLNEMAN 3	0	3,4,7
21598	3428560	-4360293	-735964	FIRST DISAPPOINTMENT	3	5
21599	3697488	-4316870	-862491	SWEET SURPRISE	5	
21601	4066416	-4319160	-1036691	INDETERMINATE	5	1,2
21603	4466416	-4292609	-1396622	PAPA SMURF	11	2,7
21606	4766416	-4282159	-1722711	HEFTY SMURF	7	1
21608	5066416	-4271710	-2038204	PAPYRUS	2	
21609	5404272	-4296822	-2164045	LONELY GOLD	0	
21610	5573200	-4287221	-2110098	STIR FRY	9	1
21612	5973200	-4244248	-2547856	CHROME SKY	7	
21613	6179984	-4254053	-2549392	MARBLES	8	2,4,5,19
21618	6548912	-4210774	-2563637	EMPTY TANK	6	
21620	6617840	-4215165	-2585811	BLUE HYDRA	8	1
21621	6855696	-4223169	-2515064	DEATHBEAM	11	
21623	7231408	-4200959	-2409782	COLD GOLD	0	1
21624	7531408	-4184239	-2630488	TANKER	5	
21625	7769264	-4189063	-2622902	TOMBSTONE	6	
21626	4352848	-5795547	-2074406	REYNA DE HIELO	0	3
21628	-705360	-1025027	1439547	AMY	11	1,2,3,4,5
21634	-267504	-1291695	1373831	HEVRO	0	1,2,3,4,5,6,7,8,9,10,11,12,13,14
21649	501424	-261296	648165	BILLESTA	8	1,2,3,4,5,6,7,8,9,10,11,12,13,14,15,16,17,18,19,20,21,22
21676	3766416	-4929610	-655105	LITHIUM-SOURCE	6	
21678	3090704	-4586833	-734393	BULLEN	0	3,6
21681	2970352	-4748819	-1824819	DEN ENSAMMA	0	
21682	2639280	-4449812	-1241427	DESTRONOVA	0	2
21684	2101424	-4442806	-1041230	TRAKIG	8	
21686	860720	-4744097	-2041113	KONRAD	0	6
21688	-232496	-222981	-484207	DIAMANTPRINSEN	4	2
21689	250000	-336843	-77818	LONE STAR	0	
21691	67504	-113149	-799193	DAMMSUGARE	0	7
21697	2535344	-5128875	615644	DU MILDE	0	3
21824	4166416	-5103058	-1123869	THE FUEL	6	
21826	2414992	-4238852	-479109	THE GUINEAPIG	9	31
21827	2383920	-4293594	-351890	SUN	0	
21828	2070352	-4332126	-727550	PULSER	11	
21830	1877136	-4342805	-337055	SUN2	0	1,3,4,5
21832	-318928	-151177	156284	THE LIFE GIVER	0	5
21833	-43216	355626	677323	JETME	6	
22014	-43216	-219285	451267	RADNEX	0	3,4,7
22019	-443216	-232132	986326	NOPPIN	0	1,2
22021	4014992	-4520064	-2080489	BURNING BEAUTY	0	
22022	3870352	-4936029	-2434530	GREY FOX1	6	
22026	3163568	-4855203	-2328742	ETERNAL LIGHT	0	1,4,18
22029	2773200	-3881245	673443	GUIDER	0	6
22031	3277136	-4375052	-1735948	LONELY SOUL	0	
22032	4070352	-5060192	-2719899	EVOKER	0	1
22035	1601424	-5141910	-517221	HELITRI	0	4
22036	4211056	-4391175	-636311	TERRANOVA	4	1
22039	467504	154008	-1246962	S08MS NOVA	8	
22041	1285008	226261	-3127493	RASCO	0	4,5
22044	4659632	-5103148	-1975794	LITHIUM... LOADS!	6	
22052	32496	-144521	1053640	FUEL STATION	6	
22054	-343216	-233296	748699	VELMAS	7	1
22057	3793552	-4549610	720123	WASHNIR	3	7
22059	2966416	-4318814	-49966	PILMANIA	9	9
22060	666416	-4350207	2352489	LITHIUM	6	
22073	594640	-21744	54910	SPLIT	0	1,3,4,5
22078	563568	-203290	473573	GROGGY	0	1
22080	746064	-433976	1076980	GREENBLUE	11	
22082	101424	-539223	1029162	THIN BIRD	0	3,5,10,11
22086	3566416	-4354920	-625737	MOEBIUS PRIME	8	
22088	3973200	-3825956	-736163	PROXIMA OMNIBUS	3	8
22089	4079984	-3922487	-217325	PROXIMA GUSTAF	9	
22090	3148912	-4346277	780676	FAR SHORES	8	
22091	2404272	-4533521	850979	PLEXUS	7	
22092	-1042128	-4958576	-2189607	EQUATORIAE	0	
22093	-1028560	-5036066	-1527193	ANTIOCH PRIME	0	3
22153	3314992	-4484534	-1434249	DIMBLINK	3	1,2,3,4,5,6,7,8,9,10,11,12,13
22155	4455696	-5168228	-78092	EMBALM	0	1
22157	3873200	-4620561	-589895	WISDOM	6	
22158	4286768	-4944020	-232567	KNOWLEDGE	0	1,2,3,4,5
22164	4773200	-5404238	-1317021	CYCLONE	0	1,2,3,4
22349	356784	-25543	201616	EKA41 SERENADER	7	1
22351	-432496	96682	-427855	EKA43 BURNING BRIGHT	2	1,2,3,4,5,6,7
22359	-263568	-121446	-354221	EKA44 CORPSE	5	
22364	-418928	41657	298341	EKA49 SISTER	6	
22366	-318928	48823	246715	EKA51 MOTHER	6	
22367	-387856	-12094	201267	EKA52 JUNGLE STAR	0	1,2,3,4,5
22373	394640	-21424	305114	EKA53 BLUE HERMIT	7	
22374	-250000	67914	398658	EKA54 OLD GREY	6	
22375	-418928	-58343	349670	EKA55 INTROVERT	1	1,2
22399	143216	27301	-449706	EKA57	7	1
22401	450000	48826	-296095	EKA58 WEAK LIGHT	6	
22403	281072	-39255	-448498	EKA59 INDUSTRY	0	1,2,3,4,5,13,14,15
22411	425712	65771	156278	EKA60 BALANCE	0	1,2,3,4,13,14,15
22419	801424	-235619	308507	EKA61 CANCER	11	1
22421	1139280	-217885	350858	EKA62 ANNOYANCE	8	1
22423	670352	-237173	565257	EKA63 ASTOUNDING	8	1,2
22426	463568	-238799	574626	EKA64 ANOTHER ODDITY	11	1
22428	808208	-278550	705949	EKA65 JACKPOT	11	1,2,3,4,5,6
22435	1083920	-265528	967600	EKA66 ATROPOS	8	1,2,3,4
22440	270352	-259295	1168104	EKA67 TOO MUCH CORAL	9	
22441	325712	-22307	341911	EKA68 EMPTY BLUE	7	
22442	118928	45237	83832	EKA69	0	1,2,3,4,5,6,7,8,9,10,11,12,13,14
22457	-194640	-22325	-328266	EKA70 BLUE FLAME	7	
22459	294640	-2336	472318	EKA71	0	1,2
22461	-263568	-21446	-319080	EKA72 SLOPPY KILLER	7	1
22463	-325712	38613	-130511	EKA73	0	1,2
22466	256784	25799	162335	EKA74	0	1,2,3,4,5,6,7
22471	156784	15042	351717	EKA75 PROUD GRANNY	0	1,2,3,4,5,6,7,8,9,10,11,12,13,14,15,16,17,18,19,20,21,22,23,24,25,26,27,28,29,30,31,32,33,34,35,36,37,38,39,40,41,42,43
22516	3177136	-4238663	-1370334	JOORHIAN	0	3,4
22519	2739280	-4319060	-1223981	DELETRA	0	2,3,5,6,8
22525	3059632	-4436884	-383501	DENVIOS	0	9,11
22526	3686768	-4616273	375875	CANDELA	0	
22527	3621776	-4393277	-1326104	WHEE!	11	1,2,3,4,5,6,7,8
22532	3108208	-4460339	-1600554	ROADSIDE DINER	6	
22537	3583920	-4309420	-1553227	GLAUCENE	6	
22538	3790704	-4311018	-1352149	GLAUCENE II	6	
22539	4673200	-4322749	-1173310	SJ617166995	5	
22540	4917840	-4292172	-836080	LITHIA ALPHA	6	
22549	5062480	-4312834	-451139	QUONYRON	1	1,2,3,4,5,6,7,8
22550	5651760	-4340057	428034	MYANDRIS	7	
22551	5858544	-4342967	628645	GLAUCENIA GAMMA	6	
22552	6034256	-4325458	922876	GOLDEN FONT	0	1,2,3,4,5,6,7,8
22559	5689616	-4314139	534051	GATHIS	0	1
22561	5796400	-4309349	858423	SOLISSIMA	0	1,2,3,4,5
22567	6134256	-4295602	795666	REMDA	0	1,2,3,4,5,6,7
22576	5778896	-4368741	1774831	XOVAN	0	1,2,3,4
22586	5472112	-4348283	1672402	GLIENAR	0	4,5,6,7,28,30
22587	4765328	-4381639	1942162	ZEDINAVN	0	21
22589	5327472	-4299442	1208799	CANDLIMARA	0	1,2,3,4,5,6,15,21
22600	4851760	-4308407	1211034	NENDREK	0	1,4
22603	5458544	-4318954	774842	GLAUCESSNE	6	
22604	5582832	-4343485	228435	MITHIS	0	1
22606	5376048	-4356588	151894	LANGELIN	0	1,2,3,4
22611	4276048	-4341552	1134378	BIKRU	0	1,3,4,16,17
22617	4476048	-4348525	1082091	REYVAIR	0	
22618	4451760	-4337229	1365327	SESSIGE	0	
22626	2277136	-4608192	-622436	YUARMST	0	7
22627	3208208	-5136752	-1642150	GLADIOLAS	0	4
22629	3370352	-5130627	-2189113	LAUMLAN	0	3,4,26
22633	4490704	-5135203	-2035309	DAMIPHRA	0	18
22636	4966416	-4880599	-2131537	KLATCH	0	
22640	5004272	-4297120	-1734609	CALVAN	2	1,2,3,4,5,6
22645	4283920	-4264038	-2340212	NEOLUME	9	1,2,3,4,7,10,11,14,15,30
22663	-594640	-332157	-15631	OASIS	6	
22665	-777136	-155009	-746725	3 BROTHERS	8	2,3
22668	5300336	-4942418	-440846	TASANDRA	0	3
22669	5231408	-4937658	-391000	8-GAVAHAV	8	
22671	5455696	-5134810	-1145238	CAMANDRIA	0	3,7,11
22676	5817840	-5150374	-1805571	HAMIDAS	9	5,6,17
22680	6086768	-5189406	-1942903	FALKEM	6	
22681	6362480	-5170846	-1632221	HAKALEM	6	
22682	6017840	-5099340	-1975097	KAFMAD	6	
22683	5717840	-5225891	-1689187	KAMEHA	5	1,2
22687	5786768	-5225532	-1672311	FANDRI KAZ	5	3
22688	5848912	-5120625	-1868781	KA HAKAM	6	
22689	5755696	-5183956	-1520703	HAKAMAS	6	
22690	5779984	-5163991	-1868674	JEKAXOM	5	
22692	5855696	-5122770	-1659619	RAKII	1	2,3,13,18
22699	5779984	-5242109	-2033366	JEEQANEK	1	1,2,37
22700	5755696	-5283956	-1600035	BOTEQEER	3	
22701	5779984	-5063991	-1935655	JEQOGEK	9	15
22703	6093552	-5194976	-1556000	HADEK FAKIA	6	
22704	6300336	-5214653	-1375418	HAKED FAKIA 2	6	
22705	6262480	-5136125	-1647648	TEJAK JIM	0	1,2
22709	6193552	-5224215	-1715792	GEEWEDAK	8	1,4
22712	6224624	-5225192	-1808697	YEGEE WEDAK	8	1
22713	6217840	-5348306	-2147354	MEKI JEDOO	0	
22714	6179984	-5354053	-2432667	KEEBOOMI	0	2
22716	6493552	-5374077	-1937784	DEKAWEM	0	3,14
22720	5269264	-4948634	-244399	GEKAD XIN	4	2,3,4,9
22724	5200336	-4953444	-285543	HAWEEDAK	8	1,2,3
22728	5069264	-4918499	-55235	HAKEDEETEDAK	6	
22729	4869264	-4907867	282422	GEEWAMIDEK	3	14
22731	4969264	-4980100	258356	KADRA TIN	0	3,4,5,18
22736	4731408	-5121833	55033	HAKED ROQ	6	
22738	4800336	-5190764	139942	VOOTAQ	9	4
22740	4769264	-5192224	262183	SKIAD	0	2
22741	4700336	-5232862	175184	BIZEEMET	0	2,3,6,9,11,12,16,21,29,35,41
22753	4562480	-5238000	156847	MIDAKOB	0	3,4
22756	4662480	-5312642	179697	HAKIDEEM	6	
22757	4700336	-5332862	183252	VATKOON	0	3,4,13
22761	4762480	-5356213	79361	KIINAAJI	2	1,2
22764	5811056	-5224298	-2162115	GEETOO-1	0	3,9
22767	5735344	-5259333	-2535968	GEETOO-2	9	1
22769	5697488	-5266414	-2822032	GEETOO-3	3	1
22772	5659632	-5271442	-3148295	GEETOO-4	0	3
22773	5652848	-5347777	-3430170	GEETOO-5	3	6
22776	5577136	-5378673	-3818720	GEETOO-6	0	2,3
22778	5570352	-5346778	-4231936	GEETOO-7	5	1
22780	5670352	-5342272	-4475298	GEETOO-8	6	
22781	5763568	-5248953	-4783062	GEETOO-9	0	4
22783	5625712	-5341695	-4946514	GEETOO-10	8	3
22785	5756784	-5425266	-5246522	GEETOO-11	6	
22787	5787856	-5439868	-5501181	GEETOO-12	3	2
22789	5712144	-5524314	-5877878	GEETOO-13	0	6
22843	3904272	-4565172	-629407	NEK 0	6	
22845	4173200	-4584233	-667350	MINOA G/0	11	1
22846	4373200	-4723248	-1102054	HEKTOR /LI+ 0	6	
22847	3766416	-4777313	-944268	KYRIA /LI+ 0	6	
22849	3759632	-5175620	-1292134	MUN'WENK ILA	8	1,2,4,7,8,12,14,18,19,20,21,22,23
22862	3190704	-4427738	-730295	ALGOL II	0	1,2
22866	-218928	-244011	97180	TARSIS	0	1,2
22875	2552848	-4541525	-310791	VAL	0	1,2,3,4,5,6,7
22876	485008	-4657020	-2260613	MATTZ PULSAR	11	
23209	-394640	22759	-214423	COLD GATE	0	1,2,3,4,5,6,7,8,9
23211	3459632	-5095682	-784034	QILAQI	0	1,2,3,4
23215	-487856	-526426	372277	TARANE	0	2,4,10
23219	4335344	-4795159	-1211054	TRAMASCO	0	
23220	2290704	-5521744	123662	ANAMAYANE	0	3
23222	2090704	-5171008	294172	DJIBRIL	0	
23223	4479984	-4634365	-836496	HOLLY	6	
23224	-25712	-284974	-499566	TENNENTS SUPER	6	
23225	56784	-447947	380737	4SARAH, 4MICROSOFT	6	
23227	3770352	-5042875	-2324110	VS I	0	3
23230	1082160	-5422823	-5030922	V III	0	
23234	806448	-5628299	-5233432	ASTORIA	0	2,3,4,8,29
23242	-644976	-6346615	-4896970	RUBAIYAT	9	6
23245	-589616	-6341131	-5431024	LA JULIA	0	5
23247	30736	-6403444	-4831508	NAGINTA	0	3
23248	4097488	-4932993	-1274598	MELAS	3	1,8
23252	3494640	-5134583	-2758312	ORPHEUS A	0	3,20,22
23255	2756784	-5198992	-2172505	MALCHUS	0	1,2,3
23261	1312144	-5430606	-1475295	ADURS	1	4
23263	1218928	-5481336	-1006667	MANAL	0	4
23264	1839280	-5533689	-387074	LEVINE	7	
23265	1394640	-5429805	-650375	BRUMAIRE	0	3
23268	594640	-6221744	116255	ORPHUS	0	2
23271	-1127472	-5850016	-5244289	NEW ENGLAND	0	3
23274	-1127472	-6033147	-5060574	NAVAHO	9	23
23276	-38192	-6102339	-5087893	MILITANTE	1	1,2,5,25
23287	-736432	-151339	1711633	SMITH I	0	3
23295	4748912	-4661208	-765109	PAX	11	1
23297	3821776	-4629682	-1537994	THE HOPE DIAMOND	7	1
23298	4414992	-5140367	-2507740	RICTUS	5	1,2,3,4
23303	-363568	-71605	-296260	REMEDY	6	
23304	-439280	-182294	-649509	VELORUM	0	1,2,3,4,5,8,9
23312	-239280	-241390	-939373	AYTHERIA	0	1,2,3,4,5,6,7,8,9,10,11,12,13,14,15
23313	-139280	-386474	-1048608	THE INVISIBLE STAR	0	
23314	4155696	-4718289	-4898	BEREFT	0	
23315	3742128	-5028007	-166035	OBRAXIS	0	
23318	3442128	-4530971	167077	WHISTMAGE	0	1,2
23320	3986768	-4680147	134861	BORRELIA	0	1,2
23322	3955696	-5000472	437976	NAVRIA	0	1,2,3,4,5,6,7,8,9,10,11,12,13,14,15,16,17,18,19,20
23345	3962480	-5014432	845577	MATHUZEL	0	1,2
23347	4855696	-4621075	-444441	BEAUTIEUS	4	3
23348	4955696	-5135586	-728200	ACHILLES	10	1
23350	4793552	-5197362	-348684	INFANTIA	9	
23351	5062480	-5212834	-475854	OPTIMUS PRIME	8	3,4
23357	4279984	-4842790	-324486	BAST	0	1,2
23361	5813904	-5031533	-93900	VNOR	0	4,6,7
23364	6220688	-5095597	-50519	DETJEN'S PULSAR	11	
23365	6803184	-5155969	260422	TOBARNK	0	
23367	5758544	-5131474	494962	CHRISTOPHERS CURSE	0	
23540	5720688	-4838292	388146	MYONE	0	2
23542	5982832	-4801985	-224257	MYOTHER	0	3
23544	3539280	-4635183	-2055742	BIG PULSE	4	4,16
23545	912144	-556859	-1129001	GUILHERME	0	4
23547	4911056	-4061916	-1219103	AZIUS-AZ1	0	7,9,33
23551	5455696	-4398585	-1344889	MAGLOR-MA	0	1,2,3,4,5,6,7
23558	5544976	-4364947	115791	JMK	11	1,2,3,4,5,6,7
23566	5665328	-4477163	1057889	TYRIAD	0	1,2
23569	3879984	-5516450	-196920	VORDINE	6	
23570	3973200	-5521255	-502772	LITHBEARER -O1	6	
23572	4886768	-4502840	-792512	KRESPH	3	1
23574	808208	-3078550	662026	OMIRAHNDI	2	1,2
23577	887856	-1835090	-549900	O.L.S -01	5	
23578	129648	-1560434	-1174797	LITHBEARER -02	6	
23579	3790704	-4511018	-1420894	INGARTH	9	3
23581	3683920	-4521661	-1739975	NARNORTH	3	
23582	3783920	-4533902	-1833721	DENTON	5	1
23584	3977136	-4495690	-2175407	ANILK	0	
23585	3701424	-4593245	-2593809	ALIS	0	1,5
23589	4293552	-3757950	243471	DARUNI 5	1	1,2,3,4,5,6,7,9
23597	3811056	-3807894	-134181	RAN-TU	6	
23598	3779984	-3813464	-55847	TACHIBANA UKYO	6	
23599	3473200	-3882739	59962	BYUU	0	1,2,3,4,5,6,7,8,9,10,11,12,13,14,17,20,21,22,23,24
23620	2542128	-4033081	1058998	WONKO THE SANE	10	
23621	450000	-551174	-346376	FOSKAMINK	10	
23622	167504	-555824	-882224	CARPAINTER	10	1
23624	-232496	-1005408	-722732	ONETT	10	1,2
23627	-625712	-1137800	123585	COUCH	11	1,2,3,4,5,6,7,8,9,10,11,12,13,14,15,16,17
23645	-225712	-1125558	-268129	VOULU	10	
23646	3917840	-4109488	63218	AMBER OWEN	10	1
23648	2973200	-4920580	369506	TUESDAY	5	
23649	2404272	-5033521	771698	EARTHBOUND	10	1
23651	3197488	-5031180	-399806	THREED	11	1
23653	3917840	-5209488	158473	ZIMMER	5	1,2,3
23657	3842128	-5216662	-285746	WIGU	6	
23658	3690704	-5270114	-1326085	ACHEWOOD	6	
23659	3677136	-5323457	-1848970	SAHAYA	6	
23660	3670352	-5426447	-2451059	MER DE NOMS	11	1
23662	3863568	-5334343	-2941232	FLAK	7	
23663	4418928	-5446723	-4205784	OLMESTRAN	2	
23664	4650000	-5550000	-4750000	WADE	11	
23707	3428560	-4460293	-708745	BUDO	6	
23708	3097488	-4492685	-339391	ERIK	10	
23709	3604272	-4532627	-396457	DEUS EX	5	
23711	3297488	-4500747	-460615	VIGILANCE	2	1,2,3
23714	2959632	-4184278	-481770	NULLNESS	0	1,2
23717	3014992	-4769307	-1105707	WILD	0	
23718	3277136	-4829407	-1500921	GULD	0	1,2,3,4,5,6,7,9,10,11,12,13,14,15,16,17,18,19
23739	4286768	-4444020	-223588	FIRELIGHT	0	1,2
23742	4362480	-4533712	213199	CANDELAS	0	1,2,3,8,20,21,22,34,56,57
23752	4507120	-4591703	839113	RAMUH	1	
23793	1028560	-435530	1708226	GASTAR X	6	
23794	150000	-429677	75440	REMEMBERANCE	6	
23803	50000	-422511	177290	GASTAR XI	6	
23804	-243216	-461959	568724	FLUX	7	
23806	-187856	-483432	-10261	NITRIS	0	1,2
23811	250000	63157	-78718	OL	7	
23812	618928	73580	-424554	GALACOR	4	
23813	856784	184895	-465420	GARBLE	10	1,2
23816	1263568	269560	-241250	POLON	8	
23817	456784	168474	-32376	VINODIAMOND	7	
23818	18928	159568	173067	SATUROS	0	1,2,3,4,5,6,7
23826	401424	-513546	752277	PULSIEUS	11	
23827	377136	-935675	1401841	MR BRIGHT	4	1,2,3,5,6,7,8,9,10,11,12,13,14,15,16,17,18,19,20,21,22,23,24,25,26,27,28,29,30,31,32,33,34,35,36,37,38,39,40,41,42,43,44,45,46,47,48,49,50
23879	546064	-938156	1328283	DEKA	5	1,2
23880	777136	-1292367	804838	BRIGHT STAR	0	1,2,3
23898	70352	-945533	1134813	JROT	9	1,2,3,4,5,6,7,8,9,10,11,12,13,14,15,16,17,18,19,20,21,22,23,24,25,26,27,28,29,30,31,32,33,34,35,36,37,38,39,40,41,42,43,44,45,46,47,48,49,50,51,52,53,54,55,56,57,58,59,60,61,62,63,64,65,66,67,68,69,70,71,72,73,74,75,76,77,78,79,80
23965	346064	-942335	1477917	GASTAR XII	6	
23966	808208	-978550	727736	GASTAR XIII	6	
23967	1414992	-919167	511423	GASTAR XIV	6	
23968	739280	-909824	710812	GASTAR XV	6	
23969	294640	-1402336	431630	TEVICLAW	8	
23984	3221776	-4589395	-827691	LIFRA	4	1,2,5,6,7,8
23989	2877136	-5340737	-1305790	HOMELESS	0	
23993	4355696	-4222248	-13112	YAGHUI	6	
23994	4186768	-4243444	-51906	DEAN'S EYE	8	2
23996	3717840	-4160522	265975	MINDO GRINN	1	3,7
23999	4324624	-4132930	175945	HARGATH	4	
24001	4638192	-4248129	655268	AUP	1	1,16,39,42
24005	4231408	-4237080	631209	SUL	0	
24006	4269264	-4235814	777589	SOLOMONA	0	
24007	4638192	-4348129	626700	UNLUN	0	
24008	5120688	-4337096	1071353	NORAV	1	
24009	4889616	-4398910	1313447	BEVE	0	9
24011	4551760	-4335716	1321092	CUYG	0	4
24013	4413904	-4349423	1348058	YORIAT	1	10,21,24,35
24018	4513904	-4364650	1236617	GTON	1	33
24020	4786768	-5671191	-721540	JESTER	0	5
24037	191792	-393743	-1607331	BETA X	3	1,2,3,4,5,6,7,8,9,10,11,12,13,14,15,16,17,18,19,20,21,22,23,24,25,26,27,28,29,30,31,32,33,34,35,36,37,38,39,40,41,42,43
24038	1070352	-1049165	332090	TRIDENT	8	1,2,3,4,5,6,7,8,9,10,11,12,13,14
24039	-939280	-319018	-192075	BETA I	0	
24041	-1132496	-330467	265328	ERIC I	0	1
24045	-432496	-537632	-221677	ALPHA I	0	3
24138	-332496	-438827	-582436	REDIPLE	8	
24173	4028560	-4441484	-1239629	GHANDRIA	4	4
24175	3690704	-4470114	-1321181	SNALFK	4	4,7,47
24894	287856	62820	77351	SOLNET I	0	1,2,3,4,5,6,7,8,9,10,11,12,13,14,15,16,17,18,19,20,21,22
24898	-174288	61591	867727	LITHULE I	6	
25010	-490704	-329770	-1786374	LAUNCHBOARD	6	
25057	670352	-138694	768253	BIBALEEBU	10	
25059	2504272	-4531751	705498	G.O.G.	0	1,3
25061	2521776	-4915370	-175857	DULARUS	0	1,2,3,4,5,6,7,8,9,10,11,12,13,14
25063	2966416	-3144856	86470	TSEUDO-NO-HAMA	1	1,2
25067	3379984	-2301521	336422	WHITE WIDOW	11	3
25068	356784	397137	45728	OPEC	0	2
25071	3746064	-4402351	-1857325	FRENZAL 08	8	3
25072	3666416	-4631653	-817411	FRENZAL	8	1,2,3,4
25074	4173200	-4474602	-859250	LI-REFUEL	6	
25075	4366416	-4639783	-1313897	FRAZE	3	1,2,3,4,9,11,12
25086	2790704	-4295193	-442131	MELDERITH	0	1,2,3,4,5,6,7,8,9,10,11,12,13
25102	-187856	316568	11115	STAR P12 M16	0	1,2,3,4,5,6,7,8,9,10,11,12,24
25114	3352848	-5094601	-1252013	JAALEMB	0	1,2,3,4,5,6,7,8,12
25124	2970352	-4648819	-1792099	SORRYWASTE	6	
25126	5042128	-5211588	-1515986	DUDSTAR1	0	
25127	6676048	-5468235	-1055113	WSTAR1	0	
25128	7589616	-5735621	-1373889	WSTAR2	0	
25129	7958544	-5805373	-1465733	PHLANXA	0	2
25131	8303184	-5908820	-1251717	FLATULA	0	3,4,5,6,7,9
25143	8572112	-6091286	-1427383	IXTRAXIL	0	3,4,5
25147	7827472	-6278250	-1309330	MOOOOOO	0	
25148	8265328	-6307923	-1519334	QUICKTRIP1	6	
25149	7482832	-5844664	-1655637	AZULYM	7	
25150	7527472	-6422736	-1012052	BIGGUN	1	
25151	7903184	-6568512	-926001	CORPORIUM	0	5
25154	4911056	-3961916	-1337652	AEEIIEEA	0	1
25156	3663568	-4436433	-2719152	IKKY	0	6
25158	4073200	-4500279	-798718	GEMINI B	8	1,2
25163	4279984	-4228393	-612169	ILLUSIONIA	0	2,4
25170	3942128	-4405316	-393735	GERRAY	3	1,17,19
25175	2873200	-4846257	374158	ALSCOPE	6	
25177	-243216	-61959	568611	SKATYA	1	5
25187	125712	63681	567654	GHAINA	0	1,2,3,8,10,11,12,42,44
25192	570352	23388	773528	UNIAN	1	2,5,6,8
25193	677136	61020	1172456	LI WELL	6	
25195	652848	5103	1376576	IKANA	0	1
25202	270352	413563	863710	ALBOREN	0	1,2,3,4,5,27
25203	3728560	-4316425	-919982	MEOWSTAR	5	
25204	725712	-32139	-72410	BEROL	0	4
25206	4311056	-4186995	-682959	LAURANIS	3	
25207	3652848	-3940609	-1420373	ATHOS	0	29
25209	3421776	-3825800	-1077268	SKOGEN	0	1,2,3,4,5
25215	2877136	-3840737	-1252878	HOX	3	1
25217	2508208	-3870789	-1004086	CABAL	0	1,2,3,4,5,6,7,8,9,10,11,12,13,14,15,16,17,18,19,20,21,22,23,24,25,26,27,28,29,30,31,32,33,34,35,36,37,38,39,40,41,42,43,44,45,46,47,48,49,50,51,52,53,54,55,56,57,58,59,60,61,62,63,64,65,66,67,68,69,70,71,72,73
25291	2714992	-3954079	-836102	CORPUS	10	
25292	2777136	-4026086	-1226053	UR	10	
25293	2294640	-4056955	-1624783	CHOLISH	10	
25294	2432496	-4060346	-1407273	KANG	10	
25295	1956784	-4037178	-1591634	MESSEIR	10	
25296	960720	-3883219	-2229668	DURST	10	
25297	1329648	-3832069	-2374152	PROTUS	10	
25298	3214992	-4379458	-1244413	THISTHAT	2	1,2,3,4,5
25307	3170352	-4839313	-1838056	POLARION	0	4,6,7,8,12,28,30,37,38,39,41,43
25311	432496	-369004	624066	REST STOP-E	6	
25316	3708208	-5049889	-2166510	PRESIDIUM	9	4,11,25
25323	5159632	-4993237	-2739496	PENTORVA	3	1
25324	3759632	-4675620	-1311623	TRAVISON	7	1
25326	4166416	-4722099	-1222204	SINBORU	1	
25327	4779984	-4793547	-895029	LANKIB	8	
25328	5255696	-4842851	-841913	TRJOGON	5	
25329	5876048	-4961068	-246579	BNARI	11	1,2,3,4,5
25335	5882832	-4979592	-101798	XONIRU	6	
25342	5276048	-5055692	256778	CIBINO	2	1,2,3,4,5,6
25343	4776048	-5351212	877463	HEFBA	7	
25344	4276048	-5541552	1098399	BVANK	6	
25345	4182832	-5592128	1661720	ILIUS	9	1
25347	3951760	-5640032	2112631	WANALE	11	1,2,3,4,5,6,7,8,9,10,11,12,13,14,15,16,17,18
25367	3858544	-5745947	2575799	PIRIONIBA	0	1,2,3,4,5,6,7,8,9,10,11,12,13,14,15,16,17,18,19,20,21,22,23,24,25,26,27,28,29,30,31,32,33,34,35,36,37,38,39,40,41,42,43,44,45,46,47,48,49,50,51,52,53,54,55
25422	4265328	-5738799	2583670	EOGILIE	2	
25424	3827472	-5259728	2693975	PIRIK	5	1
25425	4158544	-4648509	2112777	SIGUTT	11	1,2,3,4,5,6
25432	4251760	-4419133	1863614	VINSJAMO RAESI	6	
25433	4589616	-3976815	1601700	GARIILD	7	1
26194	4579984	-4673244	-705294	BIPOLARIA	6	
26195	4648912	-4643891	-722344	NOVO	9	1,2,3,4,5,6,7,8,9,10,11,12,13,14,15,16,17,18,19,20,21,22,23,24,25,26,27,28,29,30,31,32,33,34,35,36,37,38,39,40,41,42,43
26246	2605360	-5998140	-3142515	UUNUS	0	1,2,3,4,5,8,9,10,11,12,13,14
26253	3956784	-6835716	-3367723	GEFFAR	0	
26254	4339280	-6951306	-2925641	LUNNOS	0	
26255	5266416	-7608434	-2207667	KUNTII	3	
26256	456784	-1061371	144659	FRUNKLE	10	1
26258	4777136	-4821646	-3022755	FELIOS	2	1,2
26262	3421776	-4425800	-1044887	RECTANGUKA	2	1
26263	2721776	-3751775	-403265	ELUION	6	
26267	556784	-29117	-192815	DESERTIA	0	4,5,9
26270	363568	-605380	673346	KESALA 1	0	6
26271	2056784	-510337	-1450229	KESALA 2	1	
26272	305360	-638427	-928181	PLANURIA	10	
26274	1508208	-1344514	61654	PIIK	3	12
26276	456784	-1761371	150486	MIRACULA	3	16,30
26279	4021776	-4697159	-1738166	CAITHNESS	0	1,2,3,4,5,7,8
26287	4321776	-4667302	-1949446	MAJOR	6	
26288	4297488	-4941055	-1541993	HEBRIDES	0	1,2,4
26292	4435344	-4855151	-1248033	CAPPUCCINO	0	1
26306	3959632	-5309715	-1265022	STANSHALL	0	1,2,3,4,5,6,7,8,9,10,11,12,13,14,15,16,17,18,19,20,21,22,23,24,25,26
26309	4873200	-4725936	-1566688	STURGILL'S STAR	3	1,2,3
26313	3763568	-5569852	-2799046	OMICRON PERCEI	1	1,2,3,4,5,6,7,8,9,10,11,12,13,14,15,16,17,18
26331	3563568	-5622361	-2841865	CHADWICKUS	8	1
26333	3405360	-5347404	-3994355	PALMYRA	1	1,2,3,4,5,6,7,8,9,10
26344	-150000	-139252	369596	BONDLESS	0	
26345	-394640	-277241	-138128	BROWN GAS	5	
26346	-701424	-393517	-245343	RUNNER 3	10	
26347	-1146064	-483499	-643496	TAKISH	10	1
26349	-525712	-333043	1256	BISDAR	0	1,5,10
26353	-532496	-436737	-363337	DANCERS	8	
26355	1570352	-6924634	-352423	ORDACRYNIA	5	1,2
26357	3459632	-4462483	-956745	ASCHAL	1	1,2,3,4,5,6,7,8,9,10,11,12,13
26359	3259632	-4516283	-536825	LILITH	6	
26360	3304272	-4531155	-35058	MERALCO	6	
26373	3359632	-4945485	-922921	ENDERS	0	1,2,3,4,5,6,7,8,9,10,11,12,13,14,15,16
26388	2952848	-4948045	-913651	SRW	0	
26391	4166416	-4503058	-1053843	DEAD GENETIC	11	1
26393	3173200	-5138273	290503	ELSEWHERE	6	
26394	1156784	-770021	-743789	VOID CLUTTER	11	1
26396	2973200	-5244223	519285	THE SPOUT	0	3
26397	-873200	-6200198	-2287990	ELIPSOID	8	1,3,5,6
26403	4504272	-4630261	-1238460	BRAIN RADIATION	11	3
26405	287856	-137180	-1565	NIHILANTH	0	6
26407	3263568	-4440613	-2261322	MORL	4	1
26409	3201424	-4292349	-2069472	LITH01	6	
26410	3363568	-4274032	-2404452	SIENA	3	1,2,3,4,5,6,7,8,9,10,11,12,13,14,15,16,17,18,19,20,21,22,23,24,25,26,27,28
26416	2987856	-4262240	-2661222	THALAX	1	1,2,3,4,5,6,7,8,9,10,11,12,13,14,15,16,17,18,19,20,21,22,23,24,25,26,27,28,29,30,31,32,33
26426	2550000	-4250000	-2650000	LITH02	6	
26427	2587856	-4207324	-2338295	LIBRA	0	1,2,3,4,5,6,7,8,9,10,11,12,13,14,15,16,17,18,19,20,21,22,23,24,25,26,27,28,29,30,31,32,33,34,35,37,38,39,40,41,42,43
26448	2481072	-4112682	-2525508	SAGGITARIUS	4	1,2,3,4,5,6,7,8,9,10,11,12,13,14,15,16,17,18
26467	2174288	-4070331	-2433752	GRAVITY-1	7	
26468	2456784	-4349420	-2089330	PULSAR-1	11	1,2,4,5
26473	3312144	-4406123	-3478562	LITH03	6	
26474	4443216	-4365831	-4690636	ROMEL	0	1,2
26477	4974288	-4454208	-5324018	ALMEIN	0	1,2,3,4,5,6,7
26485	4198576	-4521282	-5157453	CHANIA	0	1,2,3,4,5,6,7,8,9,10,11,12,13,14,15,16,17,18,19,20,21,22,23,24,25,26,27,28,29
26486	4060720	-4579038	-5412646	B014	0	1,2,3,4,5
26559	3578224	-4820089	-5774411	PULSAR-2	11	1,2
26562	4022864	-4838605	-5537696	LITH05	6	
26564	4053936	-4740501	-5784171	META-1	1	1,2,3
26650	2081072	-4141345	-2140325	PULSAR-3	11	1,2
26670	1636432	-4116987	-2313501	TERBIN-A	8	1,2
26672	1805360	-4148877	-2387295	PULSAR-4	11	1,2,3,4,5,6,7,8,9,10
26683	1667504	-4213447	-2437192	PULSAR-5	11	1,2,3,4
26688	1436432	-3786235	-2088807	SEK	0	1
26690	1467504	-3757636	-2368314	SIGLAR-1	0	1
26692	1160720	-3427984	-2521172	TEDEKA	0	1,2,3,4,5,6,7,8,9,10,11,12
26705	922864	-3162771	-2336095	XANTHYA	0	1,2,3,4,5,6,7,8,9,10,12,13
26718	553936	-3527327	-2132597	RAWEN	0	1,2,3,4,5,6,7,8,9,10,11,12,13,14,16,17,18,19,20,21,22,23,24,25,26,27,28,29,30,32
26749	1067504	-2853456	-2022590	THAR	1	1,2,3,4,5
26755	1336432	-2836394	-1949812	SARTEK	1	1,2,3,4,5,6,7,8,9,10,11,12,13,14,15,16,17,18,19,20,21,22,23,24,25,26,27,28
26784	1116080	-2928478	-3043292	SEVLAR	1	1,2,3,4,5,6,7,8,9,10,11,12,13,14,15,16,17,18,19,20,21,22,23,24,25,26,27,28,29,30,31,32,33,34,35,36,37,38,39,40,41,42,43,44,45,46,47,48,49,50,51,52,53
26838	664656	-2392097	-3660583	LITH06	6	
26839	-148912	-1540144	-3543794	NARWIN	0	1,2,3,4,5,6,7,8,9,10,11,12,13,14,15,16,17,18,19,20,21
26861	264656	-999491	-3130269	HAKUNA	9	1,2,3,4,5,6,7,8,9,10,11,12,13,14,15,16,17,18,19,20,21,22,23,24,25,26,27,28,29,30,31,32,33,34,35,36,37,38,39,40,41,42,43,44,45,46,47,48,49,50,51,52,53,54,55,56,57,58,59,60,61,62,63,64,65,66,67,68,69,70,71,72,73,74,75,76,77,78,79,80
26969	264656	-434473	-3302103	KARUBY	0	1,2,3,4,5,6,7,8,9,10,11,12,13,14,15,16,17,18,19,20,21,22,23,24,25,26,27
26970	164656	54848	-2929708	REKINI	4	1,2,3,4,5,6,7,8,9,10,11,12,13,14,15,16,17,18,19,20,21,22,23,24,25,26,27,28,29,30,31,32,33,34,35,36,37,38,39,40,41,42,43,44,45
27016	395728	199378	-3486792	TRIYON	8	1,2,3,4,5,6,7,8
27025	820016	266048	-4413975	SIGLAR-2	5	1
27027	706448	249628	-5031504	WHITAR	2	1,2,3,4,5,6,7,8
27072	2916080	262885	-4753549	VALYX	1	1,2,3,4,5,6,7,8,9,10,11,12,13,14,16,17,18,19,20,21,22,23,24,25,26,27,28,29,30,31,32,33,34,35,36,37,38,39,40,41,42,43,44,45,46,47,48,49,50,51,52,53,54
27100	2209296	463664	-4437410	LITH07	6	
27544	2259632	-4341005	236873	TREMBLAY	0	1,2,3,4,5
27549	2466416	-4528367	428392	PAYTROR	0	
27550	2811056	-4549692	877456	BIG GIANT	0	
27551	2811056	-4449692	768636	THE LION	0	
27552	2273200	-4438174	952449	HAPPY	0	3
27632	74288	152041	-409959	LIT 2	6	
27633	36432	-33110	-633205	LIGHTING	0	1,2,3,4,5,6,7,8,9,10,11,12
27646	-256784	72385	5006	KATMANDU	0	
27647	-363568	28395	-268008	BIRD	0	1,2,3,4,5,6,7,8,9,10,11,12,13,14,15,16,17,18,19,20,21,22,23,24,25,26,27,28,29,30,31
27679	-932496	-32557	870	GONZOLIA	0	1,2
27682	-832496	862	-69451	ARBITER	0	
27683	-401424	59309	-558865	GOAT	1	1,2,3,4,5,6,7,8,9,10,11,12,13,14,15,16,17,18,19,20,21,22,23,24,25,26,27,28,29,30,31,32,33,34,35,36,37,38,39,40,41,42,43,44,45,46,47,49,50,51,52,53,54,55
27738	-232496	77019	-427705	SOLARITY	0	1,2,3,4,5,6,7,8,9,10,11,12,14,15,16
27754	-446064	174742	-1070571	NOON	10	
27755	-139280	140666	-1215952	AFTERIMAGE	2	1,2,3,4,5
27761	350000	55992	-149300	BLUEPOINT	7	
27762	-470352	-40152	-642044	LIT 3	5	
27763	5360	-36337	-545027	FOX	0	1,2,3,4
27768	-525712	-233043	78714	VIPER	1	1,2,3,4,5,6,7,8,9,10,11,12,13,14,15,16,17,18,19,20,21,22,23,24,25
27794	143216	127301	-430833	LIT 4	6	
27795	1886768	-770887	2235962	SNOWFLAKE	2	1,2
27843	4448912	-4340329	-472415	ALCHEMIST	4	1,2,3,4,5,6,7,8,9,10,11,12,13,14,15,16,17,18,19,20,21,22,23,24,25,26,27,28,29,30,31,32,33,34,35,36,37,38,39,40,41,42,43,44,45,46,47,48,49,50,51,52,53
27897	5017840	-4216655	-1035000	LIT 5	5	
27898	56784	-49130	548301	VARG	7	1
27900	-481072	-199847	706262	EXTREMIS	8	1,2,3,4,5,6,7
27908	-956784	-247022	722813	UNFERTILE	9	
27909	-274288	-326487	905516	RUNNING	10	1
27911	263568	-396703	562792	LESSER	11	1,2,3,4,5,6,7,8,9,10,11,12,13,14,15,16,17,18,19,20,21,22
27934	218928	-369094	-5434	SERPENTINE	0	1,2,3,4,5,6,7,8,9,10,11,12,13,14,15,16,17,18,19,20,21,22,23,24,25
27960	394640	-321424	345557	TEALSTAR	1	1,2,3
27964	-1048912	-6135945	-2551998	SHAOLINWTSTAR1	0	4,8
27967	-173200	-6367951	-2926009	WTLITHIUMSOURCE	6	
27968	636432	-6994296	-1277091	KEMPOWTSTAR	0	3,4
27970	260720	-7135737	-1327107	KATA1WTSTAR	0	4,5
27973	381072	-6932089	-432586	PINGON1STARWT	0	3
27976	1532496	-7270796	-549403	STARPAIRWT1	8	4
27978	2466416	-7418582	628943	KATA2STARWT	0	4,5
27981	1828560	-7610451	948905	STARENYAWNEJ	0	4
27983	1697488	-7636254	1076365	ENYAWBLUESTAR	1	6
27985	-125712	-6420802	-421543	WTKARATESTAR	0	3,4
28054	3752848	-4367182	-1471437	KUNIO GREY	10	
28055	3577136	-4332713	-1743177	NO LITH ZERO	6	
28056	3652848	-4321750	-1597032	BROWN LITHIUM	5	1
28060	3708208	-4249889	-2171700	LAIN'S NAVI	8	4,6,9,10,11
28064	3270352	-4244639	-2036766	WASTED13	9	
28065	2977136	-4257174	-1190307	BROWN BOTTOM	5	
28066	-776048	-4351251	-4442859	AMBER LOVER	0	1,2,3,4,5,8,12,14
28075	-507120	-4385899	-4642287	LITHIUM GEAR SOLID	5	1
28077	-362480	-4325557	-4077937	MG CORE YELLOW	0	
28078	-538192	-4282814	-4387444	BRIGHT-RED	8	4
28080	-669264	-4270901	-4231048	BLUE RING	9	2
28082	-524624	-4225059	-3764698	LITHIUM GIRL	5	
28083	-638192	-4247882	-4282743	SUBWAY BLUE	10	1
28086	-1027472	-5805997	-5135362	OUTER RUN WIND	10	
28088	-782832	-6140930	-4912532	CHRONO BREAKER	0	5
28089	-644976	-6146615	-4894863	OUTER CHARGER	6	
28090	-138192	-6191472	-4831274	BRIGHT ELEVEN	11	
28091	337520	-6196594	-4796848	SAIYUKI MAX	0	
28092	475376	-6189548	-4739836	BRIGHT CITRUS	4	2
28095	782160	-6243703	-4664213	PIT STOPA	8	5
28096	851088	-6259618	-4645281	DEATH CHARGE	6	
28097	1257872	-6224855	-4433515	MIDNIGHT TRANSIT	10	
28098	1602512	-6248448	-4322770	BROWN BABLE	5	
28099	2722864	-6294119	-4137490	SEARCH ME BABY	9	
28100	3474288	-6241701	-3922838	BROWN RUNOFF	5	
28101	4463568	-6228073	-3528605	DAY BREAK	0	
28102	8058544	-5959844	-1746802	DAY STAR	0	
28103	8672112	-5924871	-1356573	YELLOW BETTY	0	5
28137	201424	-186973	888201	WORM	3	
28138	56784	152053	367158	WORMULON	0	
28139	-570352	-87902	-478068	WORMULON 2	4	3,7
28142	-601424	-121860	-328996	WORMULON-3	4	1,5,8,10,11
28148	-763568	-141172	60411	WORMULON-4	0	
28151	-643216	439525	1184412	WORM'S FUEL 2	0	
28152	-1170352	263451	180140	BEAUTY AND THE BEAST	0	7,10
28156	1252848	-1358223	1059313	WORM'S FUEL 3	6	
28157	1866416	-1939481	1181093	MEANINGLESS	5	1
28159	2273200	-1938174	1059603	BRIGHT HEART	3	1
28161	2579984	-1977634	1057240	BLUE MAN	7	
28162	3148912	-2046277	826660	OVER AND OVER	3	
28163	3724624	-2107273	670573	CAMEO	11	
28164	4062480	-2158003	653795	UNLOVED	0	1
28166	4638192	-2348129	673775	LEAD ROLE	0	
28167	5658544	-2443265	791297	HOPE AGAINST HOPE	0	
28173	7106032	602431	2047618	FOAMY	7	1
28175	7454608	272077	563776	INTEREST	0	
28177	3570352	-5140459	-2376901	ILL	0	6,7,8,31,32,33
28185	3221776	-4389395	-850477	KLEEMAN	1	1,2,3,4,5,6,7,8,9,10,11,12,13,14,15,16,17,18,19,20,21,22,23,24,25
28211	-12144	-72689	302469	ESSENMACHER	0	1,2,3,4,5,6,7,8,9,10,11,12,13,14,15,16,17,18,19,20,21,22,23,24,25,26,27,28,29,30,31,32,33,34,35,36,37,38,39,40,41,42
28254	25712	-424397	586383	GRAY PROLETARIAT	6	
28255	250000	-436843	-44825	TEMPLAR STAR	0	
28256	301424	-234723	806465	MOJAVE	0	1
28258	70352	-645533	1165269	BURKHEART	0	1
28260	-98576	-812650	1187944	HENDERSEN	0	1,2,3,4,5,6,7,8,9,10,11,12,13,14,15,16,17,18,19,20,21,22,23,24,25,26,27
28288	1424	-60400	1154420	AMMANN	0	1,2,3,4,5,6,7,8,9,10,11,12
28301	514992	-473485	1377492	VIERE	0	1,2,3,4,5,6,7,8,9,10,11,12,13,14,15,16,17,18,19,20,21,22,23,24,25,26,27,28,29,30,31,32
28334	177136	-554186	1656999	JOLTY	10	1
28336	-122864	-909086	1763345	HOHMAN STAR	0	
28337	-222864	-325508	1826922	MOY	4	1,2,3,4,5,6,7,8,9,10,11,12,13,14,15,16,17,18,19,20
28358	797488	134487	2006132	PROSPECT	3	1,2,3,4,5,6,7,8,9
28368	659632	72751	1834084	QUANGCHO STAR	11	
28369	3566416	-4223957	-522360	CALI	1	5
28371	4086768	-4311795	80929	DEAD STAR	6	
28372	4362480	-4333712	192997	NEOS	0	4,6
28375	4273200	-4548925	-919130	FRED	9	2
28378	3304272	-5131155	-99653	LONG GONE	10	
28379	2766416	-5508132	289210	NOMICRON	0	
28380	3079984	-5552043	877524	TULON	0	
28381	2066416	-5483581	823400	HEPEROS	0	
28382	1108208	-5138861	408467	FELYS	0	4
28384	356784	-5202863	-8214	ICTHUS	1	
28386	4046064	-4396081	-2218247	PILSON	11	1
28388	4270352	-4415428	-2840399	YERN	0	1,2,3,4,5,6,7,8,9,10,11
28399	2508208	-4370789	-979759	FUEL STAR 1	6	
28400	1877136	-4642805	-326342	PINTON	0	1,3,5,23,24
28406	1063568	-4731018	-338793	CAIN	0	3,4,5,15,16,17,19,21
28416	1325712	-727959	-725167	MISTERIOSO	4	2
28423	2563568	-4504467	-1834688	ESSA	10	1,2
28425	2839280	-4519379	-1356700	PHOTONIS	11	1,2
28428	-532496	-136737	-369097	RADIANCE	4	1
28432	-852848	-253347	-1135839	GOLDEN SUN	0	4,5,15
28437	4014992	-4820064	-2117474	KARAD	0	1,2
28440	4114992	-4825140	-2185370	CENT I	6	
28441	4252848	-4838193	-2177433	FENISTIL I	5	
28442	4214992	-4830216	-2254873	UL	1	1,2,3,4,5,6,7,8,9,10,11
28454	4152848	-4818786	-2113321	TURAM	11	1,2
28457	4083920	-4839555	-2094433	FENISTIL II	5	1,2
28463	4146064	-4893991	-2244689	LARANA	4	1,2,3,4,5,6,7,8,21,22,23,24,25,26,27,28,29,30,31,32,33,34,35,36,37,38,39,40,41,42,43,44,45,46,47,48,49,50,51,52,53,54,55,56,57,58,59,60,61,62,63,64,65,66,67,68,69,70
28519	4190704	-4843563	-1729734	SYL	0	1,2,3,4,8,9,10,11
28528	4273200	-4248925	-980280	IDIOTA'S PRIDE	1	
28529	4648912	-4343891	-625771	FREE FUEL FOR ALL	6	
28531	4893552	-4526601	-435894	HIDDE	0	1
28533	3997488	-3863426	-1249943	FOWL	0	
28534	4666416	-3329333	-1614139	HOWL	0	1,2,3,4,5,6,7,8,9,10,11,12,13,14,15,16,17,18,19,20,21,22,23,24,25
28561	3959632	-4740688	-1496471	WANDERLUST	10	1
28564	3314992	-4684534	-1413784	JEWELBOX	0	1,2,3,4,5,6
28573	3366416	-4532527	-456539	DINKY	7	
28578	3166416	-4550509	-42178	PERSEUS	4	1,2,3,4,5
28587	-12144	-272689	285737	DARK AND STORMY NITE	0	1,2,3,4,5
28590	556784	-397200	69785	DARKFIRE	5	1,2
28591	-250000	-632086	443738	BACHELOR	8	
28592	3314992	-4584534	-1424016	TOADYSTARRO	8	1,6,9,10
28597	3452848	-4614008	-1438335	BLINKERS PRIME	1	1
28600	6355696	-5924341	-1966726	BEENHERE	0	
28605	5593552	-6755564	-1127776	TANKERSLEYSTAR1	4	1
28607	5769264	-6836116	-738272	TANKSTAR2	8	1,2,3,4,5
28613	6244976	-6921378	-565403	TANKSTAR3	3	3
28615	6113904	-7046143	-420444	TANKSTAR4	4	
28616	5476048	-7157484	166722	TANKSTAR5	6	
28617	5707120	-7261550	-440786	TANKSTAR6	0	1,2,3,4,5,6,7,8,9,10,11
28629	6344976	-7429440	-652444	TANKSTAR7	0	1,2,3,4,5,6,7,8,9,10,11,12,14,23,25,28,29,31
28648	6713904	-7537506	-983514	TANKSTAR8	0	1,2,3,4,5,6,7
28656	6062480	-7732243	-1519277	TANKSTAR9	0	1,2,3,4,5
28662	5811056	-7824298	-2119859	TANKSTAR10	0	1,2,3,4,5,6,7,8,9,10,11,12
28676	4459632	-8123749	-1802168	FARFLUNG-LT-SOO	0	1,2,3,4,5,6,7,8,9
28685	4690704	-8185939	-2278619	DRY RUN-LT-S00	0	
28686	4883920	-8237486	-2939158	QUIBBLE-LT-SOO	0	1,2,3,4
28691	3970352	-8422267	-2803319	SCHNITZEL-LT-S00	0	1,2,3,4,5,6
28698	4470352	-8527919	-3255560	BIGDOG-LT-S00	0	1,2,3,4,5,6,7,8,9,15
28709	3850000	-8750000	-3950000	ANOTHER DRY RUN	0	
28710	4425712	-8850054	-3757310	WEEONE-LT-S00	0	1,2,3,4,5,6,7,8,9,10,11
28722	4608208	-8899751	-3028540	FERGUS-LT-S00	0	1,2
28725	3939280	-9043244	-2453294	EDDIE-S00	0	1,2,3,4,5,6,7,8,9,10,11
28737	2881072	-9084020	-3032220	PAT-S00	0	1
28739	2374288	-9142597	-2907554	BABY-S00	0	1,2,3,4,5,6,7
28747	2450000	-9163415	-2284508	NO GO HERE-S00	0	
28748	3025712	-9303498	-2378735	BART-S00	0	5
28751	2859632	-4626413	-229375	LONELYSTAR	0	
28753	3279984	-4998535	361154	PU	0	5
28920	4521776	-5034779	-2227769	UNIET	11	1
28922	4259632	-5053825	-1757486	SCHEAM	10	1
28923	3752848	-5041158	-1710166	COMWI	11	1,2,3
28927	3552848	-5033415	-1534372	KAFRI	11	1,2
28931	3408208	-5020650	-1916890	AFEAG	7	1
28933	3677136	-5523457	-1880317	TRAVG	7	1
28934	3652848	-5521750	-1649760	JASD	7	
28935	4052848	-5346901	-1793103	CHARPRO	7	
28936	4390704	-5294299	-1968720	TEAGGEA	7	
28937	4666416	-5329333	-1550966	AGEAD	7	
28938	4973200	-5331331	-1622489	ASEF	7	
28939	5279984	-5327180	-1583326	ANNOYED	7	
28940	5648912	-5385991	-1653487	YREA	7	
28941	5948912	-5837943	-1946082	KETA	7	1
28943	6217840	-5848306	-2207199	SOLITARY CONFINEMENT	7	
28944	6462480	-5840007	-1924453	GERAS	11	1,2
28947	7176048	-5872715	-1624564	IEAS	11	1
28950	3983920	-4627313	-2037785	KILLEBREW	0	
28952	3663568	-4179686	-2879759	DISPARINGEN	0	1,2,3,6,7,8,15,16,17
28962	4617840	-4649796	-645240	ADELEUM-ORANGE	4	1,2
28965	3446064	-4408620	-1594079	WOLFE 001	11	
28967	2908208	-4507513	-1355104	HO HUM	8	1,2,3
28970	1756784	-4533924	-1146443	CORON	6	
28971	2108208	-4434064	-638268	PIONEER	0	1
28973	3869264	-5444472	1174868	SYSTON	0	4
28975	4877136	-4743462	-3053809	SHOGUN	0	1,2,3,4,5,6,7,8,9,10,11,12,13,14,15,16
28992	4270352	-4818087	-3042167	FUEL 2837	5	1,2
28998	4294640	-4842645	-3606155	HEADLIGHT	11	1,2,3,4,5,6
29003	3677136	-4440439	-2078563	PERIOD	8	1,2,7,8,9,11,12,13,14,16,17,19,20
29020	3924624	-4582492	478346	UNKNOWN STAR / CLASS	9	1
29022	5876048	-5541237	-493927	VERCANUS I	11	1
29024	6782832	-5718985	-1017628	DOMINUS I	2	
29026	6569264	-6118801	-1549064	FELISIA 2	0	7
29027	8177808	-6621829	3095971	YELLOW FELESIA	0	4
29029	7771024	-6318834	3289449	YELLOW FELISIA	9	
29030	8191376	-6724363	3962570	RESTORA	8	
29888	356784	74457	270756	SPACE ODDYSEY	0	1,2,3,4,5,6,7,8,9,10,11,12,13,14,15,16,17,18,19,20,21,22,23
29919	-1032496	11632	312057	CPN 17	6	
29964	-25712	-384974	-521729	LITHIUM HERE 2	6	
29966	263568	3297	572181	MASWO	0	1,2,3,4,5,6
29974	625712	-20217	-47143	SAUERKRAUT 1	0	1,2,3,4,5,6,7,8,9,10,11,12,13,14,15,16,17,18,19
29992	763568	-21186	14436	LONLEY SUN 2	0	
30065	3677136	-5123457	-1948694	HEART OF ICE	11	1
30066	3983920	-5227313	-1995302	HEARTBEAT	1	
30068	3752848	-5467182	-1432270	EDWARDIUS PRIMUS	6	
30074	4028560	-5541484	-1277808	COLDDRIFTER	5	1,2,3,4,5
30076	3166416	-5741207	-300507	EDWARDIUS BEACONUS	8	
30079	4079984	-5122422	-371686	PURPLE PLEASURE	1	1,3
30081	3177136	-5391473	-1586922	AURA OF RAGE	3	1,4
30098	4673200	-4522749	-1126988	ANO THROSKO	8	
30100	5179984	-4634153	-1332711	CROW	1	3,8,9
30103	5662480	-4624480	-1082346	KURTCOBAIN	6	
30104	5976048	-5034967	-629066	CARL SAGAN	0	1,2
30107	6500336	-5130456	-1638585	APOTHEKE	6	
30108	6193552	-5324215	-1721844	FAT CHANCE	0	3,5,7
30112	6431408	-5601853	-1620636	3 LIL MARIANNES	0	1,2,3,4
30117	-50000	-346418	201517	FRED	0	
30120	12144	-354769	-222098	EYEQ	0	3,4,7,8,11,12,18,23,25,30,34,35,36,37
30133	274288	-490634	-619464	WAYWARD	10	
30134	587856	-670599	-234908	KEBAB	11	1
30136	387856	-327605	-23167	STEVE	0	
30138	763568	-401200	235420	URCHIN	10	1
30143	1032496	-5728	-40498	OVID	0	3,4,5,8,11,12,18
30148	1163568	-188344	-422812	SETH	11	2
30149	956784	-443767	-607581	LARRY	8	1
30151	581072	-817758	-734678	RAPIER	8	2
30153	774288	-878393	-1085594	GEL FISH	9	
30154	1118928	-1267004	-859596	PLASMA	10	
30155	1898576	-4865451	-2888785	AMBIENCE	0	5
30160	-425712	-29129	150607	YELLOWISH	0	1,2,5,9,11
30161	356784	-302863	-10167	VERFALAMAYA	0	1,2,3,4,5,6
30181	81072	-322514	-244542	PHLEGMANA	0	4,8,19,20,24,25,28,31,32,33,35,36,39
30183	5360	-436337	-548562	GREMMAYKALA	0	4,5
30185	2359632	-1743452	251557	MULTIPLARA	8	4
30188	4759632	-4727311	-2098670	LARGE YELLOW STAR	0	1
30256	2935344	-4530986	217285	GRIMNEBULIN	0	1,2,3,4,5,6,7,8,9,10,11,12,13,14,15,16,17
30257	3028560	-4472833	-227626	CROMLECH	6	
30271	4686768	-5139542	-612703	THE BITTER WORD	11	
30272	4648912	-5143891	-664846	BITTER WORD	0	5,7
30275	2152848	-5123860	-111648	RO GIANCOLL	0	3,5
30279	160720	109347	-1256572	LONE GRAIN OF SAND	4	
30280	736432	-44137	-1337028	SMALL LONE DWARF P1	5	1
30282	1667504	-313447	-2389915	WHITE PEARL P4	2	1,2,3,4
30287	4369264	-4800882	566404	FELIS AURORUM	0	4,5,9
30290	4582832	-4950628	1266235	TARVOLA	0	2
30292	4469264	-5487862	696708	VERDULOM	0	4,22
30295	4589616	-6076815	1671040	AL FASEQ	0	4
30297	6719600	-6438096	3202274	VERTIGO SIMPLEX	8	9,10,16
31270	2252848	-4361807	53852	DAVROS	0	
31271	1477136	-4408490	131597	MORTIGO	6	
31272	1746064	-4444149	177306	ZUABAR	0	1,2,3,4,5,6,7
31280	2321776	-4647893	72894	ENIAWD	3	1,2
31283	2452848	-4714952	-180972	POKER MAFIA	1	1,2
31286	4786768	-4671191	-699451	DEVIL'S PLAYGROUND	3	
31287	5421776	-5345209	-3069734	LI+ STATION 001	6	
31288	2074288	-1798994	-2427302	VISVARUPA	8	
31289	1863568	-2096405	-1031409	LITHIUM STATION 1	6	
31290	2994640	-4045928	-2255363	CARMEXIA	9	1,2,3,4,5,6,7,8,9,10
31308	3477136	-5741968	-1662225	TRIPLET	8	6
31315	174288	-119297	-549835	SOLARUS MINOR	1	21
31316	336432	-213703	-1003045	PAPPIOLAN	9	8
31320	6361392	-90819	2187335	PAPPADELTA	3	10
31321	5076048	-5253900	520153	DESIRE	0	1,2,3
31326	5551760	-5103333	455307	YUTE	3	5
31329	3066416	-3864474	-215906	NUROPHONIC GALACTICA	0	7
31331	2659632	-3947014	27783	ION+ #1	6	
31336	4359632	-4268513	-1690925	OLD GRAY MARE	6	
31337	4228560	-4235214	-1429671	MEDEA	6	
31338	4473200	-4228644	-1195059	EREBUS	10	1,2
31342	2770352	-4528842	-1337285	NEAR SHOT	3	
31343	2025712	-4666774	-1326670	HOPPER	6	
31344	2056784	-4710337	-1488534	RED BREATH	4	4
31348	2018928	-4764914	-1771793	BLUE BERTH	1	1,2
31350	3552848	-4633415	-1501152	COLLUSUS	1	1,18,77
31353	3321776	-4723134	-1007743	LONELY BLUE GIANT	1	
31354	3459632	-4762483	-942547	BEAR HUG	1	1
31357	3446064	-4908620	-1610482	PERFECTLY UNSUITABLE	10	1
31359	3552848	-4845109	-1341753	SEARCH BEGINS	1	
31360	3452848	-4818536	-1177808	DEEPER BLUE	1	71
31361	3752848	-4867182	-1441718	THE FIRST STEP	3	1,2,4
31365	3752848	-4941158	-1623997	THE SECOND STEP	3	1,2,3,6,7,8,9,10,11,12,13,16,29,31,33,34,35,36,37,38,39,40,41,42,43,44,45,46,47,48,49,50,51,52,53,54
31402	3790704	-5011018	-1396148	THE THIRD STEP	3	14
31404	3897488	-5024932	-1047852	CONCENTRIS	10	1
31406	3835344	-5033056	-634651	CONCENTRUS 2	5	1
31408	3435344	-5062017	-329725	SINGULARITY	7	1
31411	2428560	-5391642	309596	JUST HOME	9	13
31413	2152848	-5623860	-112639	NEW WARMTH	4	1,33
31415	1601424	-5741910	-536110	MY ESCAPE	1	1,2
31419	1325712	-5927959	-639746	HIDDEN GIANT	1	2
31420	3755696	-4439584	668232	ENSPRIS	10	1,2
31423	525712	-577223	180064	STILLNESS IN SPACE	0	
31424	839280	-679071	589926	HOPE IN SPACE	0	
31425	1114992	-803939	798372	LIFE IN SPACE	0	3,7
31431	3766416	-4577313	-869757	FUEL04	5	
31432	325712	-222307	374971	CRIMSON GLOW WORM	3	1
31434	150000	-229677	71472	LONLINESS	7	
31435	-218928	-344011	55419	DISCOVERING	0	1
31437	-118928	-336846	44492	QUESTIONS	0	
31438	-187856	-283432	60619	ICY CHILLS	0	46
31440	-587856	-440757	354099	DEEP PULSE	11	1
31442	-525712	-533043	-22587	LONELY S06	6	
31444	-463568	-621765	-202320	CHILD BEARER	11	1,2
31446	-470352	-640152	-549872	RUN AWAY	10	1,2
31449	-463568	-721765	-154754	BUNNY WARREN	0	
31450	-594640	-832157	79011	STEPPING STONE	4	
31451	-618928	-872674	472908	APART	8	
31452	-581072	-985516	780711	ACCOMPANIED	8	
31454	-743216	-1049718	1167826	TENTATIVE LIGHT	7	1
31455	-736432	-1147738	1551120	ETERNAL FIRE	10	1
31457	-698576	-1232931	1871014	EVERYTHING	0	
31458	-729648	-1245261	2159684	A FALSE HOPE	8	
31460	-485008	-1322727	2464057	LARAS' MEMORY	8	2,5
31462	4366416	-4739783	-1345465	OLD REDDY	3	2
31464	3921776	-4763420	-1645195	GUMMY	9	55
31466	4466416	-5292609	-1437978	STABILITY	2	6
31468	4804272	-5431733	-1548329	LIFELESS	0	
31469	4711056	-5570276	-1132451	GLOWY	0	13,18
31472	4635344	-5706207	-1531597	MANY CHILD	1	
31487	2452848	-6151009	-358039	DEMIOURGOS	0	1,2,3,4,5,6,7,8,9,10,11,12,29
31503	4070352	-5460192	-2649636	MORCHINIA	4	
31508	3818928	-6260735	-3560794	BIGJIM	1	
31509	4290704	-5753395	-1931866	SHELLEYSTAR	0	1
31511	4590704	-5845035	-2143554	GHOSTTRAINSIGMA	10	
31512	4966416	-6018883	-1864728	GAMMA JENAN	0	1,2,3,4,6
31518	4459632	-6049965	-1947067	SIGMA DULLIS	2	1
31520	4421776	-6101041	-2124173	YARPISHRIA	7	
31521	4283920	-6064038	-2308770	SCAARAT	10	1,2
31524	3870352	-6136279	-2637786	SHMILOS	0	1,2,3,4
31559	2983920	-4535971	-1006252	BLUNA	11	
31560	3339280	-4596688	-1907433	BLUENEB	5	
31562	3670352	-4726447	-2505344	PINKINY	3	
31563	3632496	-4833795	-2546333	FUEL S06	6	
31564	3739280	-4904750	-2261156	FANIRINA	3	10
31567	160720	9347	-1243007	DWARNIA	7	1
31570	178224	-306060	-2325049	REDONIA	3	3
31571	656784	-3257779	-309914	PHOSPHOROUS	0	4,20
31574	-118928	-536846	36807	TEDDY	0	4
31576	12144	-554769	-203197	SILICA	0	1,16,20
31580	-425712	-797215	-142477	LUMINANCE	1	6,7,8,9,10
31582	167504	-1555824	-843778	FORGE	3	1,19
31585	160720	-1642017	-1496678	BLUETOOTH	1	39
31587	743216	-2074788	-991483	WHITE TIGER	1	20
31590	4286768	-5144020	-157515	SERAXIS PRIME	8	1,3
31594	2977136	-5057174	-1172604	LITHIOS	6	
31597	3811056	-4807894	-210506	THELEQUIST	9	2
31599	3735344	-4873064	-573923	VOLTAIC	4	1
31603	4173200	-4674602	-896312	VERFLIXT	9	1,2
31606	4128560	-4903885	-1360677	DEATH TRAP	1	
31610	4297488	-4141055	-1473285	TUTATIS	0	1,2,3,4,5,6,7,8,9,11,12,13,14,15,16,17,18,19,20,21,22
31632	3952848	-4279972	-1864582	DUSKIS	4	1,2
31639	3921776	-3763420	-1571101	FANTIS	0	1,2,3,4,5,6,7
31647	4259632	-4144350	-1589109	DIMMIN	5	1
31649	4328560	-3997615	-1543936	CRIMSOS	4	1,2,3,4,10,12,14,15,16,34,35,53
31662	3859632	-3454480	-1178467	LONITURI	0	
31663	4273200	-3965722	-767003	LAXIUS	4	1,2,3,4,5,6,7,8,9,10,11,12,15,16,17,18,20,21,23,26,27,28,36,38
31690	4166416	-4103058	-1094541	TRIPLESTAR-PRIME	8	1,2,3,5,13,17,18,19,20,22,24,37,54
31710	-125712	125787	-194241	VILVETOS	0	1,2,4,5,6
31716	4907120	-4337961	458927	ORANGIAN	4	1,2
31719	4700336	-4332862	233642	REDIAN	3	
31720	4762480	-4456213	-4835	GESTERN	0	1,2
31723	4900336	-4448666	65701	S05 FUEL SOURCE	5	
31724	4762480	-4341476	-242178	DOZIS	10	1
31726	4855696	-4327844	-667718	REDORAN	3	1,2,4,5,6,7,9,10,12,14,15,16,17,18
31741	4576048	-4322743	830100	SKARRJ	0	1,2,3,5,6,7,8,9,11,12,13,14,15,16,17,18,19,20,21,22,23
31763	3483920	-4497178	-1535307	PI	2	
31764	-5360	-182929	749773	WOLF S0-1	0	
31765	4773200	-4851613	-1483503	WOLF S0-2	0	
31766	4352848	-4795547	-2112658	WOLF SO-3	0	
31768	4583920	-4900762	-2548445	CARYN	0	5,6
31772	3590704	-4229210	-1206084	GAS STATION 1	6	
31776	3628560	-4254023	-915798	RIZI	4	1,2,3,4,5,6,7,8,9,10,11,12,13,14,15,16,17,18,19,20,21
31792	3466416	-3909260	-628840	LONE BIRD	0	
31794	3742128	-3928007	-212877	NIMAS	0	1,2,3,4,5,6,7,8,9,10,11,12,13,14,15,16,17,18,19,20,21,22,23,24
31818	3879984	-3933256	59647	EVESTAR	11	1,2,3
31822	3521776	-4259539	-1152662	DOUBLE DULL	8	1
31825	4135344	-4644104	-936740	GLACIAL CALM	1	
31831	4817840	-4667690	-817526	PYRE	3	1,2,3,4,5,6,7,8,9,10,11
31839	-439280	-76652	-903531	PHORIA	3	4
31840	5062480	-4612834	-546758	GONTURAN	11	3
31846	4221776	-4433564	-1858079	NO FUEL HERE	6	
31848	4435344	-4755151	-1301265	TRIO	0	1,7
31849	4711056	-4770276	-1069633	OZONIA	0	1,2,3
31850	4273200	-4848925	-989052	NIL	6	
31851	3897488	-4924932	-1082120	POWERLESS	6	
31852	3959632	-4909715	-1345957	HE-MAN	6	
31853	3559632	-5010553	-1146049	NICOTINE	0	
31854	3959632	-5009715	-1292955	ZILCHO	0	
31855	4304272	-5164874	-1051402	DOS EQUIS	0	
31857	4579984	-5173244	-727048	TRILLON	0	3
31858	4917840	-5192172	-880421	EMPTY QUARTER	6	
31859	4435344	-5255151	-1297248	ZIPPO	6	
31860	4028560	-5341484	-1330445	POWER	6	
31861	4159632	-5736827	-1733065	KARIN	0	5
31863	3421776	-4325800	-1028438	SOPHIA GLORIA	10	
31864	3177136	-4438663	-1400824	EARA BELLARO	9	1
31866	2677136	-4642507	-1051450	GRAND EASEL	1	
31909	2494640	-5626202	-1771303	MULTIPLE SYSTEM	8	
31910	1636432	-5716987	-2236086	REDGORMER	0	3
31912	2460720	-4479008	-3597722	SEB	0	1,5
31915	2102512	-4698586	-4730620	DISTANTA	10	1
31917	2371440	-4775093	-4832136	FURY	3	1
31919	4135344	-3844104	-931765	LITHIUM DELTA	6	
31920	3583920	-4209420	-1565308	LITHIUM PRIME	6	
31921	3966416	-3899706	-1028195	PWIN	0	1,2,3,5,10
31927	2501424	-4364880	-1388893	KOKILO	3	1,2,3,4,6,7,8,9,10,12,13,14,17,18
31943	3546064	-4406530	-1744651	VIACOM	1	8
31945	3559632	-3910553	-1121896	RSVP	0	4
31947	4621776	-4737445	-2346815	ALAN PARSONS	0	1
31949	3301424	-4840099	-2158700	TEXACO III	6	
31950	2156784	-5294504	-1743812	RENATA	5	
31951	-136432	54931	1178117	SHELL II	6	
31964	4004272	-4232329	-774173	OCTOBER	7	1
31968	3852848	-4293755	-1613683	POISON	1	1,9
31969	4197488	-3871488	-1333849	FER	0	
31978	4679984	-4583396	-755859	LUMINARE	4	5
31979	4611056	-4574456	-924719	AGNI	1	
31981	4917840	-4592172	-894551	DESEADA	6	
31983	5262480	-4636210	-419139	SURYA	0	1,2,3,4,5,6,7,8
31991	5438192	-4645464	-174286	VANA	6	
31992	5407120	-4601856	-59060	FONS	6	
31993	4769264	-4635633	434753	PUSHAN	0	
31994	4159632	-4389114	-1467954	INSANITY	2	
31995	4279984	-4428393	-580816	MADNESS	4	1,2
31999	3083920	-4448212	-1126274	AARON	3	
32000	3873200	-4539766	-395636	JULIO	6	
32001	4086768	-4511795	67183	GREGORY	6	
32002	4079984	-4522487	-187799	JOVANNI	7	1
32004	3439280	-4765935	-2020859	BILLET DRUM	0	4,6
32009	1756784	-6033924	-1223400	PROMAT	0	1,2,3,4,5,8,9,10
32011	1739280	-5964442	-310896	PIGN	0	1,2,3,4
32014	598576	-4279484	-1591122	AEX	0	1,2,3,4,5,6,7,8,9,10,11,12,13,14,15,16,17,18,19,20,21,22,23,24,25,26,27,28,29,30,31,32,33,34,35,36,37,38
32052	2270352	-5687361	-930884	BLUEMUG	0	1,2,3,4,5,6,7,8,9,10,11,12,13,14,15,16,17,18,19,20,21,22,23,24,25,26,27,28,29,30,31,32,33,34,35
32097	2101424	-6142806	-960659	BULBI	0	1,2,3,4,5,6,7,8,9,10,11,12,13,14,15,16,17,18,19,20,21,22,23,24,25,26,27,28,29,30,31,32,33,34,35,36,37,38,39,40,41,42,43,44,45,46,47,48,49,50
32105	3479984	-3304507	183089	LOSTNFOUND	4	1,2,3,4,5,6,7,8,9,10,11,12,13,14,15,16,17,18,19,20,21,22,23,24,25,26,27,28,29,30,31,32,33,34,35,36,37,38,39
32139	3779984	-3313464	-52977	LAGRAND	0	1,2,3,4,5,6,7,8,9,10,11,12,13,14,15,16,17,18,19,20,21,22,23,24,25,26,27,28,29,30,31,32,33,34,35,36,37,38,39
32227	1870352	-5220454	-727553	DIGENO	0	1,2
32230	1225712	-4716037	-567956	DYAKING	8	1,2
32233	1463568	-4728350	-437812	LANE	0	1,2,3,4,5,6,7,8,9,10,11,12,13,14,15,16,17,18,19,20,21,22,23,24,25,26,27,28,29,30,31,32,33,34,35,36,37,38,39,40,41,42,43,44,45,46,47,48,49,50,51,52,53,54,55,56,57,58,59,60,61,62,63,64,65,66,67,68,69,70,71,72,73,74,75,76,77,78
32312	2001424	-5963984	-892071	TURE(LI)	6	
32313	2070352	-5932126	-728107	RATU(!LI)	6	
32314	1608208	-5920927	-120051	FARMA	0	1,2,3,4,5,6,7,8,9
32324	1921776	-5644011	440921	AWET	0	1,2,3,4,5
32330	1377136	-5474191	421310	LAGIG	0	1,2,3,4,5,6,7
32338	4276048	-4146733	1284897	WISWAN	9	1,2,3,4,5,6,7,8,9,10,11,12,13,14,15,16,17,18,19,20,21,22,23,24,25,26,27,28,29,30,31,32,33,34,35,36,37,38,39,40,41,42,43,44,45,46,47,48,49,50,51,52,53,54,55,56,57,58,59,60,61,62,63,64,65,66,67,68,69,70,71,72,73,74,75,76,77,78,79,80
32419	3477136	-4442209	-1890761	BLUE JEWEL	7	
32420	3346064	-4510710	-1509249	TAGERIA	8	
32421	2970352	-4784077	-1575044	SCORPIA	6	
32422	2594640	-4976362	-1862146	SAPPHIROS	1	
32423	2156784	-5246165	-1612031	GAZURIA	9	
32424	2325712	-5264684	-1636925	DISTANT GLOW	9	14
32428	3728560	-3416425	-988306	NORMALITY	0	4
32433	4969264	-4622360	-20468	HOT WATER	11	1,2,3
32438	5982832	-5301985	-232771	TROPICAL FRUIT	0	1,2,4,5,6
32443	-518928	-365508	409375	DON'T BOTHER	9	
32445	-1139280	-528850	7837	LUCKY THIRTEEN	0	1,3,4,5,6,7,8,9,11,12,13
32457	3452848	-4218536	-1189215	NOVALIS	0	1,2,3,4
32465	3552848	-3945109	-1330204	TI-PET	0	1,2,3,4,5,6
32469	3759632	-3830317	-1038610	NNOZAM	0	1
32471	2722864	-4994119	-4161303	EMILY'S STAR	0	4
32473	1570352	-4124634	-351480	TERRING-A1	0	3,5
32476	5576048	-4358380	-13736	LITHIUM PORT	6	
32477	3663568	-4036433	-2681193	BESSIE12	0	
32479	6273200	-4059677	-3008243	MANY HABITALE	0	
32489	3673200	-4471914	-400699	FONTELITIO	6	
32498	4459632	-4949965	-2023422	VIVENDIL	0	1,2,3,4,5,6,7,8,9,10
32502	3952848	-4720328	-1677869	OLDIE	10	1
32503	4397488	-4779550	-1620594	PULSONIO	11	1,2,3
32508	2935344	-4630986	272990	NARANJITA	4	1,2,3,4,5,6,18,19,20,21,22,23,24,25,26,27,28,29,30,31,32,36
32528	4551760	-4429306	1490521	VIERNES	0	1,2,3
32532	5555696	-6149718	-1148640	ESTREYADOS	8	1,2,3,4,5,6,7,10,11,12,13,14,15,16,17
32548	4177136	-5058332	-2552934	SOLITIA	0	
32556	3170352	-4739313	-1769991	ARG-MINAS	0	1,2,3,4,5,6,7,8,9,10,11,12,13,14,15,16,17,18,19,20,21,22,23,24,25,26,27,28,29,30,31,32,33,34,35,36,37,38,39,40,41,42,43,44,45,46,47,48,49,50,51,52,53,54
32564	2904272	-4631453	328313	PULSITIUS	11	
32610	2432496	-4960346	-1369595	ROTATIVA	7	1
32612	1812144	-5358949	-2049157	LIGURIA	3	1,2,3
32616	3025712	-4803498	-2383158	VACUITY	0	
32646	-369264	-7766123	-4456750	FONTELITIO 26	6	
32647	-813904	-8187499	-4814222	FONTELITIO 27	6	
32680	56784	-249130	513660	MENDOZA STAR	6	
32728	5338192	-5634993	-63131	SUNRISE BASE	0	3,5
32729	5713904	-5616305	28235	WAFFLE BASE	0	6,7
32732	5107120	-5642162	170503	CHOCOLATE BASE	8	6
32734	5251760	-5611554	587346	IMPERIAL POST 2	8	
32811	-1247152	-1219378	3346361	HIGHWAY 55	9	
32812	-953936	-1469504	2789912	 HIGHWAY 56	3	
32813	-491792	-1823036	1968532	HIGHWAY 57	7	
32814	-98576	-2112650	1189619	HIGHWAY 58	7	
32815	294640	-2402336	458740	HIGHWAY 59	2	
32816	756784	-2637784	-145999	HIGHWAY 60	0	
32817	1156784	-2870021	-739778	HIGHWAY 61	11	
32818	1487856	-3033001	-1230681	HIGHWAY 62	8	
32819	1056784	-2341358	-719400	HIGHWAY 63	9	
32820	350000	-1444008	-157648	HIGHWAY 64	10	
32821	856784	-815105	-460894	HIGHWAY 65	4	
32822	-81072	273900	307310	BALASTRACKON HIGHWAY	6	
32859	4111056	-4495355	-433804	SCHEERS_FIRST_FOLLY	8	
32860	4386768	-4475669	-295528	EMBER IV	3	
32861	5493552	-5026325	-935791	CHRONOS VII	0	4
32863	5317840	-5059032	-1306717	LITHUANIA I	6	
32865	5855696	-5256586	-1540157	EVEREST II	0	2,3
32867	3773200	-5146237	-526559	ICE CUBE IV	0	3
32869	1846064	-5242059	-16	SCHEER'S EDEN	0	4
32871	2059632	-5308818	653770	NULL+VOID	0	
32872	939280	-5348318	559222	EINSTEIN	11	1
32874	256784	-5520787	274374	FUEL-LESS1	6	
32882	3559632	-4210553	-1104652	BLUE LAGOON	11	
32884	2570352	-4004679	-1213630	FALKENHARDT	0	3,4,13,14,30
32889	2601424	-4143702	-1541090	BASEMENT DH	6	
32892	2132496	-4107520	-1134734	SPERBERA	0	3,4
32894	378224	-4852914	-2631352	BLACK HOLE SUN	0	5
32895	3359632	-4445485	-941508	ALBATROSS	7	
32896	3552848	-4445109	-1220111	UFO PASTURE	7	1
32898	3328560	-4428964	-539822	BIG REGRET	1	
32899	3128560	-4435234	-401937	ULTI-MAD	11	1
32902	2677136	-4342507	-1046299	RCGOOD	6	
32905	3687856	-5881647	-3357485	STAR ISLAND	0	4
32908	8107120	-9232316	-2786137	3FER	0	21,28,30
32911	-625712	-37800	65623	SPECTURE	0	3,4,5,28
32912	894640	358849	-158813	CANADA	0	3
32914	901424	485558	216322	PULSFLOW	11	
32916	725712	267861	-32018	HEAVENLY DONUT	6	
32917	4159632	-4536827	-1723714	JIHADABAT	9	
32920	3677136	-4623457	-1870326	OAKIA	0	1,2,3,4,5,6,7
32930	4955696	-4335983	-631819	MISER	5	1
32932	4755696	-4375095	-401376	ENDAREN I	3	1,2,3,4,5,6,7,8,9
32942	4493552	-4447500	5092	A-SO-IS	6	
32944	4086768	-4711795	53436	TRIAD I	8	
32945	3979984	-5219436	-255517	ENDAREN II	1	
32951	-932496	-931043	163921	SHEN	6	
32952	-901424	-1005759	-116823	DRACUL	6	
32954	4504272	-4730261	-1221398	JELNUS	0	1,2,3
32957	4335344	-4495159	-1167745	UNASEL	6	
32958	5148912	-4830477	-1147371	REVEALING LIGHT	7	
32959	5193552	-5076463	-664616	MONOCHROME II	2	1
32961	5224624	-5118024	-817434	ARGH!	11	
32963	5393552	-5166013	-832123	YLADIOR	0	1,2,3,4,5
32994	1504272	-666960	1770662	RAR	10	1,2
33005	1566416	-449930	1557757	STEL	0	1,2,3,4,5,6,7,8,9,10,11,12,13,14,15,16,17,18,19,20,21
33017	766416	-634105	2288500	OSLUC	10	1
33019	766416	-634635	2155683	GAS 1	6	
33021	1566416	-649930	1462326	COMON	10	1
33023	1359632	-815385	1290195	EZY	5	
33025	1404272	-699802	1803398	OMW	10	1,2
33037	808208	-1178550	752685	STRAHG	0	1,2,3,4,5,6,7,8,9,10,11,12,13,14,15,16,17
33045	4924624	-4489659	-461091	TRIATURN	8	2,4,6,7,8,24
33052	4411056	-4482815	-842726	BRAHEMIA	1	3
33053	4179984	-4632638	-308551	KERUAC	1	6,9
33058	4297488	-4741055	-1492048	DAUGHTER 07-14-01	3	3
33059	2250000	-4750000	-2350000	ZOOMBO	5	
33061	516080	-5527861	-2330081	DANGIL	2	3
33062	1378224	-5119442	-3420817	ZAMA	0	3,7,9
33067	3056784	-4990324	-2698764	BENSON	0	5
33068	501424	-661296	647374	LUCI	4	1,2,3,4,5,6,7,8,9
33079	-732496	-247464	21557	SALLI	0	
33080	-594640	-232157	44084	REPTA	0	
33081	-670352	-235653	-325455	CAZ	0	1,3
33082	-663568	-291012	27134	FAFEGUL	0	
33083	12144	145231	-138279	DIL	0	
33084	-770352	-614475	-315200	GANAVE	0	
33085	-18928	270320	-93852	THAN	0	
33086	-701424	-593517	-348793	TAGUH	0	
33102	3043216	-104645	-3269109	NOVUS	0	4
33104	3859632	-4554480	-1180281	SELINIR	3	1
33106	3390704	-4578474	-925857	EPHESIA	10	2
33108	3283920	-4872695	-1333897	CALALDAR	6	
33112	3635344	-4113073	-452791	LI++	6	
33113	4162480	-4332645	674514	SCARBOROUGH	0	5
33116	3635344	-4013073	-545271	KEMPIS	0	3,4,18
33122	3677136	-4423457	-1838978	ASTRO PATH A1	1	
33123	3532496	-4462138	-2494404	BARREN LITHIUM A2	6	
33124	3456784	-4487646	-2820697	LITHIUM A3	5	
33125	3312144	-4506123	-3534321	LITHIUM A4	5	
33126	3267504	-4513745	-3985174	ASTRO PATH A5	2	
33127	3298576	-4510833	-4270517	LITHIUM A6	6	
33128	3353936	-4493906	-4900610	ASTRO PATH A7	0	
33129	3353936	-4506784	-5036542	ASTRO PATH A8	11	
33130	3478224	-4546662	-5730051	ASTRO PATH A9	0	
33228	2008208	-4857651	-502592	SOLITARY SENTINEL	9	
33229	1370352	-5135410	71290	ANCIENT ONE	3	
33230	601424	-5340118	547726	GOD OF LIFE	0	4,10
33233	1190704	-5496087	1193665	LONELY ONE	0	
33234	1566416	-5593135	1330895	LAO-SOL	4	1,3
33240	2242128	-5736045	1350858	ENDO	0	4,5
33242	1828560	-6110451	902855	ASTUMA	0	2,3,6
33246	1466416	-6766032	1636007	AHAR	0	3
33248	1555696	-7226623	2670883	MAGMA SOL	3	1
33250	1924624	-7368157	2472677	LEHARA	0	1,2,3,4,5,6,7,8,9
33259	1166416	-7548349	1746976	ADRIAN'S STAR	0	4
33261	1259632	-7660150	1378735	A DE LIAN DE XIN	0	1,3,5,8
33266	170352	-7731521	1010545	ALEX'S RADIANCE	6	
33268	32496	155479	1006249	FIRST_STEP	0	1,2,3
33271	3573200	-4797591	-303987	EUCRASIA	0	3
33273	3173200	-4969226	126651	L+ION 1	6	
33274	2759632	-5219210	-341691	WEISHAUPT	0	4
33282	3942128	-4305316	-442144	IAN'S ODYSSEY	3	1,2,3,4,5,6,7,8,9,10,11,12,13,14,15,16,17,18,20,21,22,23,24,25,26,27,28,29,30,31,32,33,34,35,36,37,38,39,40,41,42,43,44,45,46,47,48,49,51,52,54,55,56,57,59,60,61,62,63,64,65,66,67
33336	3659632	-4627550	-1125826	DO NOT COME HERE	5	1,2
33347	4228560	-4335214	-1493296	HELPLESS 1	3	2
33349	-43216	180715	423847	LITHFUL ALPHA	6	
33361	-318928	-51177	201500	GIGER	0	1
33362	-325712	-161387	-147406	FUELS 'N HORSES	6	
33364	-694640	-175151	72300	MOTHER O'TWO	1	1,2
33366	-494640	-220235	-55082	REVENGE OF THE LITH	6	
33370	-932496	-331043	182327	MY CHILD SUPPORT	7	1
33371	-243216	-361959	568695	FUELHAM	6	
33372	2652848	-4989823	-525949	NOTHIUM	6	
33379	4177136	-4458332	-2548681	BLUEPIN	7	1
33390	5121776	-4075066	-2797361	PAENEVITA	0	1,2,3,4,5,6,7,8,9,10,11
33397	4677136	-4330901	-2849413	FAX DURA	11	1,2,3,4,5,6,7,8,9,10,11,12,13,14
33408	4659632	-4115032	-2159086	CIBVS LITHI	6	
33409	4111056	-4395355	-467643	JACOBUM	3	2,3,5
33413	4597488	-4487611	-1768375	FUEL 1	6	
33414	3946064	-5098171	-2048368	FUEL 2	6	
33415	3501424	-5166672	-2322407	SAMON	0	5
33417	3056784	-5190324	-2624302	YELLOW GEM	0	1
33419	2743216	-5238064	-2996572	NEWWFOUNDLAND	0	6
33421	2429648	-5282527	-3524593	UP 4 GRABS	0	
33422	1747152	-5428286	-3685875	CLAY BALL	5	
33423	2064656	-5529027	-4845140	FUEL 3	6	
33424	492880	-5929765	-5699210	NATHANATOS	0	1,2,3,4,5,6
33431	861808	-5947580	-5741320	VEX	0	1,2
33434	1244304	-6039060	-5289446	SELON	0	1,2,3
33438	1964656	-5605759	-4837428	KANOPI	0	1
33440	4004272	-4332329	-828656	LA BELLA LUCIANA	11	
33441	3659632	-4427550	-1201496	QUIET'S GAZE	8	1,2,3,4,5
33447	3190704	-4527738	-757022	NURSE	6	
33448	1887856	-4787917	-1596698	TOMB	6	
33449	1550000	-4850000	-1650000	CROSSED	0	
33450	1267504	-4880605	-1943405	YELLOW MOTHER	0	4
33451	1298576	-4902175	-2326635	HARD YAMES	6	
33452	1122864	-4909945	-2578195	ARMOUR	2	1
33454	1253936	-4943489	-3030374	DOCTOR	6	
33455	1353936	-4952744	-3128537	HAREM	8	1,2,3,4,5,6,7,8,9,10,11,12
33468	1547152	-5021697	-3444539	RED SEED	9	1,2,3,4,20,21,22,23,24,26
33479	3069264	-5430715	1854030	ASTRA 1	0	3
33481	-679984	-5102327	-2858845	ASTRA 2	9	
33482	3544976	-5434786	2062216	TRIPLE STAR	8	
33483	2946064	-4419070	-1044342	IRRATIONAL	8	
33484	3576048	-5740461	1993474	ASTRO BEHOMETH	1	10
33487	3579984	-4407492	52709	GRAN PARSIO	9	1,2,3,4,5,6,8,9,10,11,12,14,16,17,18
33502	4093552	-4468400	458285	GOLDEN RIM	0	2
33504	4473200	-4528699	-1033797	ROB 002	3	1,2
33507	3521776	-4859539	-1128094	JEWEL I	0	1,2,3,4,5,7
33514	3063568	-4942703	-2068073	PULSAR DE ROBSON	11	4
33516	4059632	-5133879	-1330382	BELEFONTE	0	1,2,3,4
33521	3835344	-5233056	-684851	FAR RUBY	3	3
33523	4259632	-5344350	-1544840	BINARY MARY	8	1,2,6,7,9,10,12,16,19,20
33534	4252848	-5338193	-2169450	UMBRIEL	6	
33536	4290704	-4853395	-1871690	WANDERER 1	10	
33537	4711056	-4970276	-1052569	FORGOTTEN REALM	5	
33538	5224624	-5018024	-732889	ORESTES	0	1,2,3,4,5,6,7,8,9,10,11,12
33552	5638192	-5004262	-353473	FENILIA	4	1,2,3,4,5,6,7,8,9,10,11,12,13,14,15,16,17,18,19
33571	4873200	-5285727	-1445634	LITHIUM HERE	6	
33572	4052848	-5299379	-1987317	ITRIA	0	1
33584	3707120	-4668114	1667215	SIAM	8	1,11
33587	3293552	-4810198	1162166	GANDIA	0	1
33589	3266416	-5134407	-191071	RED ROSE ROBSON	10	
33590	3866416	-5413508	-830581	BARDON	8	1,2
33593	3790704	-5411018	-1402566	HENIA	0	1
33595	3008208	-5483926	-1473941	ALPHA 2007	11	1,3,5
33599	2518928	-5436571	-2344630	LANTIRN	3	
33600	3001424	-5665776	-1882703	ESPUCAS	4	
33601	3470352	-5685543	-2236848	BETA 2007	5	1
33603	4514992	-5945443	-2634212	GAMA2007	8	
33604	5179984	-6024194	-1431630	ACQUA MARINE	1	45
33606	850000	-179837	-673795	YELLOW LONER	0	
33616	-112144	-51192	468111	LAMBDA	0	4
33619	163568	-539378	600556	GORDON	0	4,5
33622	414992	-668409	1569204	CORNADA	0	6,11,29
33626	283920	-1098668	1693952	ZORGOZ	0	10
33627	721776	-1332366	1629682	OZANIA	0	
33628	646064	-836066	1153095	HONTODA	0	
33629	814992	-888712	1117449	BILLINGS	0	25
33632	187856	-6215683	127905	DAWN2978	0	1,4
33635	4642128	-4625898	-1146342	BAWST	1	
33636	4873200	-4685727	-1430466	JASNOOM	2	
33637	5179984	-4724194	-1491412	FAMSOL	8	
33638	5486768	-4730587	-1323516	ETTER-SET	0	
33639	5617840	-4732480	-1557170	GREY GOLD 01	6	
33692	1359632	-1115385	1377330	GREY GOLD 04	6	
33693	1435344	-1075749	1758491	TOWER 14	11	
33694	1028560	-1135530	1753948	TOWER 15	11	
33695	1297488	-1120131	1472522	TOWER 16	11	
33696	1490704	-1087728	912358	TOWER 17	11	
33697	1359632	-1101593	1114619	TOWER 18	11	
33698	1290704	-1136991	1138850	TOWER 19	11	
33699	1628560	-1116721	1073990	TOWER 20	11	
33700	1435344	-775749	1752882	TOWER 21	11	
33701	1573200	-786840	1735172	TOWER 22	11	
33702	1366416	-813206	1677293	TOWER 23	11	
33703	921776	-1299843	1396780	TOWER 24	11	
33704	959632	-1425516	1706426	TOWER 25	11	
33705	1297488	-1220131	1531402	TOWER 26	11	
33706	1028560	-1335530	1767012	TOWER 27	11	
33707	1535344	-1235740	1580253	TOWER 28	11	
33719	-356784	-49112	84791	FIRST CHANCE	0	
33720	-232496	-22981	-490230	CODBLU	7	
33721	174288	-419297	-512545	DONORG	4	
33722	74288	-347959	-436304	BIG-BLU	1	
33724	-194640	-222325	-412945	MR-BEAR	5	
33725	-339280	-227378	-789561	TOWER 38	11	
33726	-263568	-221446	-389363	ROBBY	4	
33727	-532496	-236737	-367177	TRAVISMAXIMISPRIMO1	1	1
33729	3828560	-4547754	-1036719	ALAN-YOUNG	9	
33730	4379984	-4552941	-533660	WARFALGOSHMA	5	
33731	4617840	-4549796	-616019	SMITH	9	
33732	4348912	-4523012	-438529	QUASHBAUG	1	
33733	3973200	-4725956	-637858	GREY FOOL 03	6	
33734	4104272	-4730559	-850551	GREY FOOL 04	6	
33735	3635344	-5113073	-445496	GREY GOLD 07	6	
33736	3478896	-3828726	3992582	GREY GOLD 08	6	
33737	3552848	-4433415	-1419005	SINGLE STROBE	2	
33738	3328560	-3928964	-618003	SERAN	4	1,2,3,4,5,6,9,12,13,17
33749	3404272	-3998312	-198144	LITHUIM NEGATIVE	6	
33750	3773200	-4027206	-299920	MINSEAN	1	1,2,3,4,5,6,7,8,9,10,11,12,13,14,15,16,18,19,20,21,22,23,24,25,26,27,31,32,36,38,39,41
33783	3848912	-4136426	104479	MINSEAN II	0	1,2,3
33787	3879984	-4116450	-192594	LI HERE	6	
33788	4186768	-4143444	-134465	STELLAR FRESHNESS	7	1
33790	4286768	-4244020	-167568	WHITE METAL	2	
33791	4379984	-4252941	-443191	BRUSHED PLASMA	2	1,2,3,4
33796	4273200	-4148925	-1044354	HARUHI'S WRATH	8	1
33798	4673200	-4277290	-1336590	SHALIMAR	4	6
33802	5435344	-4348285	-2310302	LUMINAIRE	0	1,2
33809	494640	-971584	178777	HYPOR	8	1,2
33810	418928	-997757	-125733	GREYFIRE	6	
33811	-394640	-77241	-232682	GREYFIRE 2	6	
33812	-225712	-125558	-273894	GREYFIRE 3	6	
33813	274288	9366	-600232	BLUEFIRE 3	7	
33814	756784	62216	-136238	GREYFIRE 4	6	
33816	-143216	-190622	460566	SPACEPLACE	1	1,5,10,48
33821	-5360	-282929	772603	ROCKY PLACE	0	
33822	356784	-425543	187200	REDFIRE 1	3	
33823	908208	-654963	578580	BLUEFIRE 01	11	
33824	570352	-676612	868585	KANE'S STAR 01	0	2
33827	194640	-652177	450273	NEW ZEALAND	0	2,4,5,8
33831	4004272	-4832329	-838928	DON'T SCOPE HERE	6	
33832	4173200	-4884233	-698686	MAJOOMAJOO	6	
33833	4455696	-5003659	-269833	GREYFIRE 05	6	
33834	4486768	-5007317	-325249	BLERGERBLER	2	
33835	4862480	-5230855	-92873	O0O0O0O0O0O0O0O0O0	11	3
33837	4631408	-5271096	197082	AWWW, HOW YOUNG.	9	1
33839	4462480	-5294429	257408	GLOWYBOOM	4	
33840	4024624	-5235637	420349	PLANETLESS	0	
33847	3279984	-5298535	479607	FIRE FUEL	6	
33848	3655696	-5293605	702057	FIRETAFFLAND	0	1,2,5,6,7,8,23,29,30,40,41
33878	767504	-8315857	-1670814	NEKURIA	8	1,2,3,4,5,6,7,8,9,10,11,12,13,14,15,16,17,18,19,20,21,22,23,24,25,26,27,28,29,30,31,32,33,34,35,36,37,38,39,40,41,42,43,44,45,46,47
33926	2056784	-6465841	-1650892	DURAINU	0	1,2,3,4,5,6,7,8,9,10,11,12
33939	2732496	-7144244	-1685433	ACATO MAIOR	8	1,2,3,4,5,6,7,8,9,10,11,12,13,14,15,16,17,18,19,20,21,22,23,24,25,26,27,28,29,30,31,32,33,34,35,36,37,38,39,40,41,42,43,44,45,46,47,48
33988	226800	-1068249	-3393825	RWUULOO	8	1,2,3,4,5,6,7,8,9,10,11,12,13,14,15,16,17,18,19,20,21
34016	195728	-1120606	-3237530	ORRMAROOS	6	
34018	347152	-637522	-2280495	BRYDEE	3	1,2,3,4,5,6,7,8,9,10,11,12,13,14,15,16,17,18,19,20,21,22,23,24,25,26,27,28,29,30,31,32,33,34,35,36,37,38,39,40,41,42,43,44,45,46,47,48,49,50,51,52,53,54,55,56,57,58,59,60,61,62,63
34082	-600336	-1926450	-4140651	S'R QIAA	0	1,2,3,4,5,6,7,8,9,10,11,12,13,14,15,16,17,18,19,20,21,22,23,24
34107	-614992	-734031	-1219112	MOA	9	1,2,3,4,5,6,7,8,9,10,11,12,13,14,15,16,17,18,19,20,21,22,23,24,25,26,27,28,29,30,31,32,33,34,35,36,37,38,39,40,41,42,43,44,45,46,47,48,49,50,51,52,53,54,55,56,57,58,59,60,61,62,63,64,65,66,67,68,69,70
34178	3583920	-4409420	-1541145	COTIRI	4	1,2,3,4,5,6,7,8,9,10,11,12,13,14,15,16,17,18,19,20,21,22,23,24,25,26
34179	3094640	-5065016	-2343905	KENARSEC	3	1,2,3,4,5,6
34186	3621776	-4693277	-1327903	AIRNOD	6	
34187	3101424	-4644598	-1958313	ROCKITBUN	1	1,2,3,4,5,6
34197	3359632	-7440447	-715719	MORBAZOOKA	0	3
34299	-818928	-9187005	692244	SIMBIOSIS	0	
34300	-143216	-9290622	572394	PARTH	0	
34302	-787856	-9238348	585517	BEANS	0	4
34328	1056784	-341358	-666079	CARTEA	6	
34329	1387856	-611504	-1116805	FUSARF	0	1
34331	1112144	-628196	-1315238	SALEA	8	
34332	1067504	-653456	-2027322	NARODET	11	
34333	1529648	-736568	-2611102	BARREOS	0	4
34335	2160720	-1174828	-3319778	CARISA	0	1
34337	4355696	-4364845	-165133	WHITE BLAST	2	1
34339	4142128	-4382625	-523481	SMALL GAS	5	
34340	3773200	-4346237	-487472	VOIDAL LAMP	5	1,2,3,4
34345	3328560	-4328964	-529244	BLU-FLOW	7	1
34347	3759632	-4430317	-1139901	BLUPORT	7	1
34349	3452848	-4414008	-1370212	KER 1	8	1,2,3
34353	3590704	-4429210	-1205327	HOT SPLASH	7	1
34355	3921776	-4463420	-1583645	ARTISTICALLY WHITE	11	1,3,12,14,20,22
34362	4259632	-4644350	-1647122	ENERGISER	4	32
34568	-505360	-694275	1251224	STAGING GLOBE	7	1
34570	25712	-324397	573206	B EXPRESS 1	6	
34571	250000	263157	-144704	B EXPRESS PRIME	6	
34572	-805360	-674868	1470730	B EXPRESS-2	5	
34575	2350000	-650000	-2450000	B EXPRESS 4	6	
34655	481072	-224924	-588232	FEATHERVIEW	7	1
34668	956784	-2143767	-542507	NIBWOV	9	
34669	950000	-2187002	-757274	AFFUDDY	7	
34671	-1118928	-408502	1017125	RUNPAST	10	
34674	4650000	-6050000	-4750000	ADMIRAL FOCAL	0	
34741	2550000	-2850000	-2650000	XNOL XX	6	
34742	2550000	-2250000	-2650000	TEMP NO	8	
34761	3728560	-8816425	-971579	MDIR 22	6	
34762	4024624	-5135637	384778	XNOL XXIV	6	
34763	3679984	-5110478	-32921	MIRACLE DIRECT PRIME	6	
34764	2711056	-4622800	929063	XNOL XXV	6	
34765	2866416	-4860958	170257	XNOL XXVI	6	
34766	2911056	-4845512	718392	MDIR -1	6	
34767	2231408	-3973779	2636994	MDIR -2	6	
34790	3628560	-5054023	-879736	SPUR 1 TRAF STATION	6	
34791	974288	-5519906	-1522296	XNOL XXVIII	6	
34853	3470352	-4485543	-2240447	OX	6	
34854	3525712	-4456324	-2948682	BLUE OX	7	1
34857	2805360	-4443224	-3354369	OLD OX	10	1,2
34859	3050000	-4906409	-2864940	OX ENIGMA	1	
34860	3187856	-4905234	-2883857	XNOL OX	6	
34863	-336432	-547159	1311131	SKT 1	6	
34864	970352	-432993	239305	SKT 2	6	
34865	2950000	756	-2780271	SKT 3	6	
34866	4912144	161035	-5149174	SKT 4	6	
34869	20016	-931585	-3607528	GRANTED WISH	8	1,2,3,4,5,6,7,8,9,10,11,12,13,14,15,16,17,18,19,20,21,22,23,24,25,26,27,28,29,30,31,32,33,34,35,36
34889	178224	-806060	-2416880	NIETAKMIALOBYC	8	
34890	164656	-845152	-2947292	CURSES	3	
34908	-224624	-949264	-4066556	KARZEL1	5	
34909	-507120	-1085899	-4732490	NOTHINGHERE	0	
34910	-282832	-1095865	-5377112	PANLATO	0	1,2,3,4,5,6,7,8,9
34920	-789616	-1128911	-5271668	LEW	11	1
34922	-1196400	-1281118	-5269768	GESUNDHEIT	2	1,2,3,4,5,6,7,8
34935	-448912	-749102	-3154910	BALLON	4	1,2,3,4,5,6,7,8,9,10,11,12,13,14,15,16,17,18,19,20,21,22,23,24,25,26,27,28,29,30,31,32,33,34,35,36,37,38,39,40,41,42,43,44,45,46,47,48,49,50,51,52,53,54,55,56,57,58,59,60,61,62
34998	151088	-731187	-3788550	KARZEL2	5	1,2,3
35002	3766416	-4529610	-656879	GWARG	5	1,2,3
35190	-120016	-5320411	4043507	EL AMAIJEM	3	1,2,3,4,5,6,7
35537	-474288	-640499	1153083	EIGHT	8	
35561	3704272	-4330857	-500013	KAOTICA	9	
35562	3873200	-4320561	-615148	KHEMIA	9	
35563	3973200	-4325956	-696113	SULETE	5	
35564	3759632	-4330317	-1079329	CLEMMA	8	
35565	3652848	-4340609	-1328519	IMDIWO	7	
35566	3952848	-4320328	-1650913	SUGAR COATED	11	
35567	4052848	-4299379	-1963866	KAWAII	7	
35568	4090704	-4302659	-1710427	SWIFT	1	10
35570	3359632	-4340447	-669628	KYRANDIA	2	1,4,5
35572	4311056	-4386995	-657390	GIRANDAN	4	1
35574	4473200	-4328699	-1025662	COBEEN	10	
35575	4679984	-4340337	-1040649	STRAZ	4	1,2,3,4,6,8,9,10,11,12,14,15,16,19,21,23,24,25,27,28,29,30,31,32,33,34,35,40,46,48,50,51,52,54,56,57,58,66,67,69,70,76,80
35620	287856	-737180	23831	DAIKUMAROOS	6	
35671	3050000	-850000	-3150000	REWUST	3	
35688	5750000	-550000	-5850000	HYTHCAPHEEN	6	
35689	5750000	-750000	-5850000	LOPISME	7	
35734	3150000	-2450000	-3250000	KAFLOCWUZ	0	
35735	2450000	-5250000	-2550000	ORAJUCSON	7	
35736	2450000	-6650000	-2550000	LUIBUMFAL	0	
35764	1950000	-6250000	-2050000	AMPRELEES	0	
35776	1550000	-3150000	-1650000	LARAY FEMM	1	
35777	1550000	-4950000	-1650000	VARCIR VUDLAH	9	
35778	1550000	-7150000	-1650000	GONM JET	3	
35829	5650000	-2250000	-5750000	BLYA NUSHA	10	
35836	1650000	-4350000	-1750000	STREYKARP	8	
35839	4250000	-1750000	-4350000	DELEBACORN	11	
35860	56784	-347947	291092	UCKLIMAROOS	6	
35915	3735344	-4573064	-623297	WESCONDIA	6	
35916	3711056	-4612074	-78250	BLEACHLIGHT	1	1,2,3,4,5,6,7,8,9,10,11,12,13,14,15,16,17,18,19,20,21,22,23,24,25,26,27,28,29,30,31,32,33,34,35
35949	3266416	-4634407	-228368	FICTIA A	6	
35950	2990704	-4645929	-521476	FICTIA B	6	
35955	3435344	-4562017	-290200	CADTALINARIA'S SUN	0	3,6,7
35958	4376048	-4847629	1235718	DOCUM	6	
35963	4676048	-4516473	773026	FERALON	0	1,2,3,4,5,6,7,8
35968	3159632	-4349345	-749365	THIRD WIND	10	
35972	2446064	-4329519	-551480	STANLEY AND CO.	8	1,2,3
35984	-336432	-1647159	1255647	THOU SWELL	4	1,2
35986	114992	-2253182	1785282	A SLOW BOAT TO FENIA	8	1,2,3,4
35992	477136	-2241631	1129953	VELIRUAPHOSE	10	1
35993	608208	-2225724	878597	NOT MISTY	0	1,2
35996	394640	-1921424	342801	OTIOSE FLAME	10	
36000	1266416	-1529308	1784829	HEAVY BLUE EMITTER	1	1,2
36004	-943216	-584062	1461459	THOU SWEET	6	
36005	-560720	-1016391	2066889	NULLORB II	5	
36010	-185008	-1137954	2105182	FAUX LI+	8	1,2,3,4
36011	-547152	-1124156	2586757	NULLORB III	9	
36014	83920	-1474185	1891748	BLUE STRIKE	1	1,2
36015	1250000	-1050000	-1350000	NULLORB IV	8	
36019	-818928	-687005	760930	XNOL LII	6	
36020	-267504	-691695	1312574	IONIC BONDING	6	
36021	301424	-1234723	778079	COVALENT BONDING	6	
36022	-243216	-1472717	873060	NULLORB VI	3	
36023	363568	-1522957	392575	FRUMPLING PLUS	3	5
36059	2728560	-4547773	-19365	A LITHIUM OASIS 1	6	
36061	3035344	-4590978	51540	SNOW WHITES STEPMOM	0	1
36088	3179984	-4695549	462834	A DRY WELL	6	
36089	2704272	-4766066	565861	WELCOME STRANGER	6	
36090	3286768	-5020751	775530	A TRUE MIRACLE	4	5
36110	3928560	-4510155	-1121510	BALTHUS PRIMA	0	1
36112	3773200	-5027206	-293580	ANCIENT MARINER	10	1
36114	3973200	-5325956	-747084	ANNAIR	0	6
36116	4021776	-4397159	-1738246	LONELINIUS	10	
36118	4373200	-4023248	-1145765	SOLONE	0	
36119	4166416	-4022099	-1301973	FEWL 1	6	
36120	4159632	-4036827	-1719818	ADION	2	1,2,3,4,8
36126	4566416	-4145435	-1519858	BRYOS	0	3,4,5,12
36134	3121776	-4655657	-835874	ORANGE PEARL	4	1,2,15
36135	2890704	-4936097	-438082	GEDIGAY SUN	0	6
36137	4462480	-4394429	359285	AMBARION	1	1,8
36140	4128560	-4803885	-1390327	SAD	4	1,2
36143	4497488	-4949116	-1719600	GREY SOURCE	6	
36144	4652848	-5144193	-2382140	GREY SOURCE 01	6	
36249	732496	-121830	336781	PRONGO	3	
36260	363568	-122957	460932	DISTO	4	1,2,3,4,5,6,7,8,24,27
36261	81072	-422514	-144867	GLEOS	0	1,2,3
36265	-112144	-651192	480098	VERONICA	4	1,2,3
36272	-136432	-645069	1079931	SPO	0	1,2
36276	377136	-635675	1401865	MACK	0	1
36277	-260720	-824133	1771081	DEKO	0	1,2,3,4,5
36297	4470352	-5039591	-3077848	HOLLAND	2	1
36299	4952848	-5223912	-2686282	EPOS	10	1,2
36302	4401424	-5320713	-3280121	NATHOS	2	1
36303	4363568	-5387748	-3560998	MILKA	1	1,2,3,4,5
36309	4314992	-5035292	-2325733	NOTAUR	0	
36310	4314992	-4935292	-2434943	NOTAUR II	0	
36311	4277136	-4967924	-2525011	NOTAUR III	0	
36313	4377136	-5125490	-2771029	LOVE! :)	0	3
36314	278224	-879487	-2539206	RASEROTHMAROOS	6	
36396	3466416	-4340059	-424576	LITHIUM STAR 1	6	
36403	3921776	-4263420	-1542612	GREY LUMP	6	
36404	4083920	-4439555	-2071621	DIFFERENT SIBILING	11	
36405	4277136	-4341911	-2718354	SPARKLING SOURCE	6	
36406	4470352	-4627919	-3319077	YELLOW HALO	0	1,2,3,4,5
36412	5046064	-4675182	-3177785	BINARY BLUE	8	1,2,3
36416	4632496	-4863930	-3593107	TWIN HARBOR	0	
36417	3752848	-4341158	-1631276	VB001	10	
36418	3777136	-4314201	-1998952	VB002	2	
36419	4177136	-4377179	-2342188	VB003	6	
36420	2952848	-4448045	-894343	VB004	1	1,2
36424	1074288	-4684078	-1590118	VB005	6	
36426	936432	-4874889	-1555253	VB006-L	0	3
36428	1298576	-5002175	-2308327	VB007	5	
36429	1153936	-5025854	-2692983	VB008-L	0	4
36431	1560720	-5066469	-2680886	VB009	0	
36436	1767504	-5026307	-2737367	VB010-L	0	1,2,3,4
36437	1453936	-5044046	-2987892	VB011	6	
36439	822864	-5139184	-2328938	VB012-L	0	15
36441	4173200	-4774602	-849306	YIGHTHOTH	10	
36442	4266416	-4755884	-1209525	GUENDALINA	4	1,2,3,4,5,8
36449	4021776	-4797159	-1738140	KANDRESE	4	3
36451	5652848	-4947777	-3346875	CIPANGO	8	1
36453	6052848	-4994305	-4017409	GHOSTIS	10	
36454	6546064	-5143833	-4621644	LO GNOMO	5	
36455	7146064	-5131294	-5275254	AL ANDALUS	0	2,3,4,5
36460	7677136	-5246450	-5900906	NOVA SOLIS	0	1,2,4,5,8,9,10,11
36594	3221776	-4689395	-947370	CANABRAVA PRIME	3	1
36596	3514992	-3994686	-1637610	PARAGON 5	0	3
36598	3166416	-4450509	-74634	INDIGO SERENITY	1	1,2,3,6
36603	2666416	-4419688	245805	UNENDING DAWN	0	1,4
36606	450000	-351174	-329616	REFUEL +1	6	
36607	-18928	-329680	-40819	SUNSET	0	3,5
36610	2890704	-4436097	-523826	DEVASTATION	11	
36611	2646064	-4525340	-774714	NULLSTAR	0	
36613	2677136	-4584941	-930369	SUNDANCE + CASSIDY	8	1,2,3
36617	2839280	-4619379	-1333383	MEDUSA 5-9	9	1,4
36619	550000	-358340	-325002	TANGENT	8	
36620	818928	-424010	-569620	ROWLINGSTAR	0	3,7
36623	950000	-487002	-779918	SELDOM ENDEAVORED	9	
36624	1256784	-585854	-636547	MAXIM	11	
36625	1632496	-642452	-638716	VAN DE GRAAF	0	1,2,3,4,5,6,7,8,9
36635	1363568	-694931	-392299	INCANDESCENCE	11	1,2
36638	1601424	-741910	-466083	PATTERSON	10	
36639	4638192	-3748129	667037	OUTLAW BLUES	0	1,2,3,4,5
36645	4576048	-3749421	978599	RESONANT	2	1,2,3,4,5,6
36652	4744976	-3731526	975618	NULL BOUNDARY	0	1,2
36659	4482832	-3728235	1299762	FREEDOM	0	1,2,3,4,5,7,8,9
36664	4069264	-3667857	1147909	REFUEL +1 B	6	
36665	3624624	-3854127	838900	KERRAVYN REESE	9	1,3
36668	3311056	-3828793	280161	ONCOMING STORM	0	1,2,3,4,5,7
36674	3411056	-3824613	245156	FOREVER AUTUMN	9	
36675	2759632	-3919210	-321550	ROMEO + JULIET	8	1,4
36678	-50000	-446418	244874	SUPREMACY	0	
36679	-174288	-638409	856944	LENNON	0	
36680	-543216	-607043	863470	P MCGOOHAN	0	1,3
36684	-187856	-783432	14491	T BURTON	0	3
36686	-432496	-837632	-275074	REFUEL +1 C	6	
36687	-701424	-893517	-307360	REFUEL +1 D	6	
36688	-301424	-969034	-727222	SECRECY	4	
36689	-1046064	-1092754	-730116	LOVE'S LABOURS WON	9	1
36691	-290704	-762293	-1939788	SPQR	0	1,2,3,4,5,6,7,8,9
36701	-694640	-875151	164561	REVULSION	0	3,4
36706	2618928	-4619831	-2375126	HELL'S GATE A	8	6
36707	574288	-332147	-1025664	BLOOD GULCH	0	3,4
36709	2394640	-4607114	-1646105	HESPERUS	11	
36710	-332496	-480307	-331628	BERRIGAN 1-1	0	5
36712	4331408	-4287816	537809	AYTARIA	0	
36713	4704272	-4864576	-1488990	JW1-P3-S01	1	
36718	4173200	-4174602	-869194	SHADOWSTAR	0	1,2,3,4,5,6,7,9,10,11,12,13,14,15,16,17,18,19,20
36738	4813904	-3910332	882353	BETINORM I	0	4,7
36741	4369264	-3915628	788359	BETINORM II	0	
36742	4169264	-3939675	769516	BETINORM III	0	
36743	4062480	-3993425	528236	BETINORM IV	0	5
36745	3686768	-4016273	425617	BETINORM V	0	
36746	3848912	-4036426	94778	BETINORM VI	0	4,5,6
36750	4155696	-4118289	-33327	BETINORM VII	0	
36751	3917840	-4209488	83793	BETINORM VIII	0	3,4
36754	3573200	-4197591	-233687	BETINORM IX	0	
36755	3235344	-3842033	-99036	BETINORM X	0	5
36758	3317840	-3793663	778804	BETINORM XI	0	5,7
36763	863568	65380	114073	CESIKA	0	
36764	932496	65929	116228	QAMARAN	0	
36765	494640	28416	159605	IMOZEN	0	
36766	12144	45231	-128829	HULIRA	0	
36767	-294640	65753	-235760	LIT-PERAL	0	
36768	-432496	62368	-245954	JIONET	0	
36769	-563568	59147	-138134	GELLIS	0	5
36771	2132496	-4307520	-1068608	CROWDINGMENT	8	2,7
36774	3973200	-721255	-448030	ONIMACMAROOS	6	
36781	563568	396710	459244	HAIRPEACE	0	1,2,3,4,5,6
36788	6382832	-3560485	-574762	QUIETBONE	0	1,3
36791	5086768	-5035065	-926113	PINK PRINCESS	8	14,31
36872	3328560	-4028964	-628581	CHEESE PLANET 60	0	1,3,8
36873	3673200	-3871914	-432811	HAL	0	1,2,3,4,5,6,7,12,15,34,35
36885	2990704	-3845929	-572093	REFUELER	6	
36888	816080	-5243706	-2675767	SAL9000	0	3
36890	3363568	-4338782	-2645725	LUXINA	0	1,2,3,4,5,6,7,8
36970	2332496	-4519761	-1238026	WUNDERLICH	11	1,2,3,4,5,6,7,8
36979	2977136	-4524315	-1356906	GRAUBL	1	5,8,12,13,14
36986	3221776	-5789395	-822046	ENTERON	0	3,34
36988	3628560	-6354023	-853902	NOREA	0	3,4,5
36994	3890704	-6520850	-1529377	HARTON	0	5
36998	7785680	-121504	157218	TARON	0	4
37000	4324624	-6232930	128489	TASLEN	0	3
37004	3617840	-4636039	386907	LINTERIUS	0	2
37007	4762480	-4256213	-23545	EXIDORIANIS	0	4,5,10,12
37011	525712	-4977223	57282	EFINNIOFULIS	0	1,2,3,4,5,6,7
37018	1425712	-4970953	-781966	PLUNITHIA	6	
37019	787856	-4913593	-441456	RITILEEONIS	0	3
37023	5489616	-5343100	771156	TEST	6	
37024	5342128	-5477551	-1780263	ALEXIA	6	
37025	5408208	-5842128	-3940198	ALTUS	0	
37026	3856784	-5957481	-3544308	MEYSSON	0	
37027	-539280	-138733	-749729	AXEGREEN	0	1
37029	2563568	-5404467	-1827039	POULIDOR	6	
37030	7109968	-7308054	351366	TEORA	8	1,3,4
37037	-194640	77675	-351463	KSIATUT	0	1,2,3,4,5,6,7,8,9,10,11,12,13,14,15,16,17,18,19,20,21,22,23,24,25,26,27
37128	3955696	-4340660	183683	NYTULIUM ALPHA	3	1,2,3,4,5,6,7,8,11,12,13,14,15,16,17,18,19
37146	4473200	-5028699	-988597	COOL BEAN	0	2
37148	3052848	-4436380	-1038398	VELPY	7	1
37150	2777136	-4526086	-1142082	SCATHR	8	1
37152	3459632	-4595682	-804194	NURVAN	1	
37153	2401424	-4717129	-1281621	2STARSN1	5	1
37155	2056784	-4810337	-1427030	LUMINO I	2	1,2,3
37159	1687856	-4844923	-1333565	MUNUS	2	
37162	2832496	-4984829	-1840705	BLUSPINE	7	
37163	-532496	-63885	-220989	BELONGA	6	
37164	3177136	-4891473	-1613983	STUGAO	0	1,2
37167	2928560	-5041503	-208455	REFL1	6	
37168	2521776	-5115370	-220323	DAGU	0	1,2
37169	2152848	-5035234	135677	MRIN	0	2
37171	1290704	-5236991	1155414	FAML	0	1,2,3,4
37172	1514992	-5524242	435821	BAMA	0	4
37174	-625712	-137800	70892	VALA	0	5
37176	1397488	-689697	1431853	PERSI	0	5
37179	1446064	-819346	444100	OPAEL	0	4
37181	870352	-878077	320438	SHEVOION	0	5
37183	594640	-1021744	94401	TALNAL	0	3
37185	1239280	-1087133	251512	VLUPLA	0	3,4
37188	1032496	-1105728	-4557	PURONI	0	1,3,4,10
37197	2052848	-5339733	188079	BABYSUN	9	37
37199	1752848	-5860015	576142	YUANDO	0	4,8
37203	2166416	-6329242	692078	HLOS	3	4,5,6,12
37207	2101424	-5342806	-944604	FARA	0	3,7
37210	1670352	-5452727	-278138	VIEMA	9	1,15,23
37214	1752848	-5060015	491945	SCOOPER	6	
37217	2021776	-5377750	335812	TELENA	0	1,2,3,4
37222	2866416	-5442081	70254	BLSIBI	0	1,2,3,4
37228	2735344	-5479930	432719	PLYKE	0	4
37229	3773200	-6127206	-221070	MALUMMA	0	1,2
37232	3955696	-6200472	411097	HABRUMIA	0	4,5,8,9
37237	4413904	-6249423	1267797	CLEON	0	4,11
37240	4351760	-6255857	1754917	PABROLIA	8	3,4
37243	3882832	-6724949	1897262	ZOSPIDES	0	7
37246	6458544	-4745807	-225388	BOLAPOLI	0	3,4,6
37250	4955696	-4635983	-633493	VWSTPHA	9	3,4,24,25,32,36,52,54
37259	5562480	-4129065	-750083	IZIURS	0	3,8
37262	5931408	-4086028	-1054222	BRIU	0	1,2,4,5
37267	6231408	-4069308	-1418090	AROLLARS	0	1,2
37270	5873200	-4131687	-2403194	UZLAE	3	2,3,4,8
37275	5252848	-4172558	-2953297	AVUTZ	0	2,3,4,5,13,14,15
37287	4401424	-4420713	-3243772	ZIOYS	0	1,2
37290	4377136	-4125490	-2745837	PLONS	0	3,4,6,7,8
37296	4352848	-4195547	-2083180	VIO	0	1,2,3,4,13,14,15
37304	52848	-709527	2076777	KO-ALPHA	9	26
37306	528560	-785668	2181784	CYRUS-ALPHA	0	1,2
37309	52848	-832565	2270757	SCOPME	6	
37310	335344	-922622	2777488	SCOPEME2	6	
37311	-47152	-990120	2061375	VEDUR	0	
37312	428560	-1523267	2259955	XAAZA	0	5
37314	1083920	-1465528	868918	KEYILI	0	1,3,4
37318	556784	-1329117	-198508	NOPE	6	
37319	-232496	-1422981	-448074	FGHAA	0	
37320	474288	-1433309	-840236	XZAILA	0	1,2,3,4,5,6,7,21
37322	950000	-1487002	-774308	LITH1	6	
37330	-294640	-1234247	-334739	RHEDD	3	
37331	150000	-1429677	-35795	NOBOBODY	0	
37332	294640	-502336	354802	SOPHEA	0	1,3
37340	4148912	-5288377	-150961	GRACIUM	0	4,6,11
37343	3893552	-5778849	567977	GRAY EYE	6	
37344	4000336	-5934333	881154	GRAY STRANGER	6	
37348	3869264	-5944472	1100617	BLUE YELLOW STAR	0	3,5,8,12,24
37351	3938192	-6461264	1352763	MELTING IRON	10	
37352	4013904	-6519586	1713180	DRESS	9	8,12,41
37359	3700336	-6429555	1222600	WHITE HEDGE	2	4,6,7
37360	3055696	-6779869	1287831	TERNTIUM	7	
37361	3469264	-6522058	1545539	KALASTEJA	0	1,2,3,4,9
37367	3269264	-6491923	1667752	GREY RAID	6	
37371	3407120	-6208420	1867930	ARGELY	0	1,3,4,22
37374	3231408	-6205429	1583335	MONIA	0	1,2
37377	2779984	-6221589	1069781	DESMES	0	8
37380	3086768	-6357454	991121	NIGHTY LAMP	0	8,26
37383	3055696	-6379869	1322954	KORDELIA	0	1,5,6,10,22
37389	2686768	-6361932	1415875	RED STRANGER	10	1,2
37390	288944	-1046300	-3765986	GREDANIA	0	13
37392	-42128	-1038351	-3432015	LABOLIA	0	
37393	295728	-1060614	-3396039	GARDILER	3	
37395	2467504	-1368086	-3376450	INDICATOR	5	1
37397	4179984	-4332638	-219309	MARDAR PRIME	11	1,2
37480	4131408	-5255271	695703	SELI LETE	11	
37482	3655696	-5093605	729351	SOUPLER	0	1,2,3,4,5,6,7,8,9,13,18,19
37515	3955696	-5140660	257626	BURNT	3	1
37518	4055696	-5146452	351675	A.A.A.	0	3
37519	3824624	-5229346	610655	COLD AIR	6	
37525	2750000	-1650000	-2850000	GM-E1-02	7	
