# case	record	name	stored_hex	x	y	z
# records=4194 cases=4332
0	0	PITSTOP 3	c0f37797570b5e6b	-5497488	5077519	2856581
1	1	HALLUCINOGENIA	c0f15a7a1e539040	4867504	2585957	-5646997
2	2	DARK NIGHT	c0f15204548aa54b	4254608	-4294361	3882927
3	3	LOSANNE	c0f13697954a642a	2568176	-4269415	6430277
4	4	PITSTOP 2	c0f0c364afda1c0b	-5573200	5070536	2429740
5	5	GREAT LIFE	c0f079d5ff0907ec	3716752	-4366451	4158316
6	6	NOTHING 03	c0f02b5ba3869b33	3816752	-4301085	4034419
7	7	EOGILIE	c0eee156ce78990a	4265328	-5738799	2583670
8	8	MYSTAREI	c0eedbf3045abc29	4360720	2538280	-5709743
9	9	MANYMOON	c0edc3eed9fefbe0	2358544	-6213718	4159543
10	10	LIFE MOON	c0ec7859609a335e	4209968	-4265947	3246571
11	11	TINY S11	c0ec36679f298b73	4341040	-4324350	3077919
12	12	PIRIONIBA	c0ebe280634eac53	3858544	-5745947	2575799
13	13	BIG RED HALO	c0eb5daf2c375b80	4865328	-6237451	1846806
14	14	LISTA 58	c0eb5ab339aa0432	4533168	-1974707	6258223
15	15	OLD MAN AND THE SEA	c0eac5ccb83c9ae1	4687856	2665527	-4387974
16	16	PIRIK	c0ea7b34f0c7c707	3827472	-5259728	2693975
17	17	GREY GOLD 08	c0e9f784e0c56784	3478896	-3828726	3992582
18	18	ROCKY STAR	c0e93f72f61c0ce0	3534256	-4285443	3413977
19	19	LIFE FORM	c0e905f0b5bacf2b	3634256	-4255586	3313584
20	20	FALSE HOPE	c0e8ca3ca15aea2c	4674288	2159804	-5028940
21	21	BIG SUR	c0e83cb61018c9b4	-1696400	-6050665	-4835932
22	22	PABROLIA	c0e753fadfa920bf	4351760	-6255857	1754917
23	23	WANALE	c0e6fdcdcdfa949f	3951760	-5640032	2112631
24	24	AL FASEQ	c0e6c1b70187cc5a	4589616	-6076815	1671040
25	25	FUEL 06	c0e6162a3cb83e81	3996400	-4316211	2622327
26	26	XOVAN	c0e5e108a9222011	5778896	-4368741	1774831
27	27	STIRRUP	c0e5df4f0e577dc0	3630320	-2467979	4999632
28	28	ISOTOPE	c0e539be2e61bfce	4237104	-2139746	4794659
29	29	BRIEN	c0e4d19d52d35ee5	2938192	-6236203	2326941
30	30	USELESS	c0e4844d1d8672e1	4496400	-4321587	2162377
31	31	SALAT	c0e44f39df7442ca	5058544	-5844159	1406958
32	32	LISTA 74	c0e419d6ffd34c3d	3989616	-4532625	2276488
33	33	ASTRO BEHOMETH	c0e3fb4b903d90fe	3576048	-5740461	1993474
34	34	SIGUTT	c0e3f144ecc6369b	4158544	-4648509	2112777
35	35	ZEDINAVN	c0e3cd07ab36341c	4765328	-4381639	1942162
36	36	GLIENAR	c0e36e33dddd7edb	5472112	-4348283	1672402
37	37	TRIPLE STAR	c0e366612e3d30d8	3544976	-5434786	2062216
38	38	NOGAS3	c0e3508170f73a21	3782832	-5033628	2077374
39	39	ARGELY	c0e34b004ce200ed	3407120	-6208420	1867930
40	40	HOLDER	c0e3259534ba0e6b	3606032	-1981432	5488044
41	41	ALDRIN	c0e31bdad9d6c5b4	1776048	-6136152	3590978
42	42	NO PLANET	c0e31b30725222e8	4865328	-4337451	1854205
43	43	ILIUS	c0e2faa5bdeca5bc	4182832	-5592128	1661720
44	44	TABRAM	c0e2559deb36a788	4051760	-4476756	2070096
45	45	LISTA 75	c0e22916d4541a2a	3689616	-3941602	2557431
46	46	GIARIS	c0e1b89d69bdebc0	3751760	-4461391	2168286
47	47	FORTISSIMO	c0e189c6ee93f383	3520688	-3890216	2622488
48	48	RAN-J	c0e13a2a93195f99	5703184	-4943425	1251410
49	49	>LONG RUN WIND	c0e12ca4a90f1c57	-1358544	-5367143	-4823856
50	50	VINSJAMO RAESI	c0e118f3bb5b28b3	4251760	-4419133	1863614
51	51	CLEON	c0e1136b86cd22a8	4413904	-6249423	1267797
52	52	DELTA TRINARY	c0e0f3e44167751b	-1282832	-6217066	-4353250
53	53	NEW ENGLAND	c0e0e3bd21293078	-1127472	-5850016	-5244289
54	54	EMPTY	c0e0d8147c4c789d	2931408	-6222148	1891299
55	55	NAVAHO	c0e0cee1dd8fb2a1	-1127472	-6033147	-5060574
56	56	FEEDBACK	c0e085092a671e69	4681072	1513891	-4774099
57	57	FOCUS	c0e05f744dce307e	3654608	-2019716	4542800
58	58	KALPAK	c0df8c7b94e16e19	3585680	-2100909	4288481
59	59	FUEL 41	c0df554faf0fdb91	4979984	6086150	-1058607
60	60	CABRILLA	c0df2d2b5b8bf727	4385680	-2042094	3564625
61	61	MDIR -4	c0df0eff1ef65183	1923536	-2604344	6348672
62	62	STRATA	c0df06208766cfea	4376048	-5947629	1220593
63	63	MOLAR	c0df027b9be5382b	5258544	-4943861	1221422
64	64	MONIA	c0df015dcb508a23	3231408	-6205429	1583335
65	65	IKYAN	c0def11b3376af46	3507120	-4994985	1808677
66	66	UNDO	c0deeab17366e354	3538192	-5043669	1774051
67	67	ELDER	c0de8ca9a21d32bc	5765328	-5832975	930228
68	68	SOLO	c0de7b24c04cbde3	3844976	-4358971	1862310
69	69	ASTRA 1	c0de2de1936874e1	3069264	-5430715	1854030
70	70	OUTER RUN WIND	c0ddeabfea39428a	-1027472	-5805997	-5135362
71	71	LISTA 57	c0dd92dcb6d6b183	3978896	-2028624	3751813
72	72	VIERNES	c0dd58a65c6fcc53	4551760	-4429306	1490521
73	73	TORQUE	c0dd4c7e426652b8	4113904	-4534813	1608186
74	74	LISTA 94	c0dd342301c20b0e	5865328	-4801802	1061795
75	75	UMSAAD	c0dce5c388d6fe6b	-1776048	-4847969	-3436734
76	76	KINGLET	c0dcddfa070f4084	3378896	-2037877	4292895
77	77	APHID	c0dc97c23ebfb8ef	3609968	-2130117	3807588
78	78	GARIILD	c0dc8c9420b4dadb	4589616	-3976815	1601700
79	79	SIAM	c0dc2ce591752456	3707120	-4668114	1667215
80	80	TARVOLA	c0dc0e0d586a7424	4582832	-4950628	1266235
81	81	UNION 76	c0dbba8d5e81bcb8	-1189616	-4842327	-4929114
82	82	SPUR 3	c0dba2fdd79e91cb	-2862480	-6260473	-1579197
83	83	BEVE	c0db96b9ff2544e0	4889616	-4398910	1313447
84	84	NESS	c0db963871a216cd	3269264	-4427846	1951456
85	85	LUMINARY	c0db877c42b413c2	4644976	-6123464	991091
86	86	IGNAZION	c0db1062a9a3d531	3331408	-5456165	1524673
87	87	CANDLIMARA	c0db09eec41e0afe	5327472	-4299442	1208799
88	88	WOTAN	c0db087dba64481b	3462480	-6134435	1303272
89	89	MARIANNE	c0dad9baf7a34569	5396400	-4152620	1226948
90	90	DIRL	c0da8e8aee1438f1	3809968	-1942060	3675292
91	91	TYRIAD	c0da343b653f6666	5665328	-4477163	1057889
92	92	GAS2	c0da11575f67dffb	3062480	-4998009	1743946
93	93	COLER	c0d9e0ea08d09dcf	-1507120	-4842032	-3631322
94	94	OOZE	c0d9d0a342e4a776	5765328	-5032975	911010
95	95	SESSIGE	c0d9be89659daa2c	4451760	-4337229	1365327
96	96	MORIA	c0d9be27849271e2	3876048	-4435559	1533268
97	97	DOCUM	c0d99976750458d3	4376048	-4847629	1235718
98	98	CUYG	c0d975fbc36cefe5	4551760	-4335716	1321092
99	99	BVANK	c0d96ae65c333b34	4276048	-5541552	1098399
100	100	HOLE	c0d9528d3e084e61	3738192	-4502467	1540614
101	101	YORIAT	c0d945fb8f9526dd	4413904	-4349423	1348058
102	102	KORDELIA	c0d92fba2ea0c84b	3055696	-6379869	1322954
103	103	POE	c0d8d2e3b023ad07	3131408	-4623621	1755683
104	104	BLUE YELLOW STAR	c0d8b8bfc0478d9e	3869264	-5944472	1100617
105	105	NENDREK	c0d8b8ab3f397ee8	4851760	-4308407	1211034
106	106	DIANE	c0d8a23d0392b586	3869264	-5844472	1115467
107	107	MDIR -3	c0d896f6f5e32f3a	1851760	-3255254	4177185
108	108	LISTA 70	c0d84eb507eb63b0	3976048	-4429289	1413363
109	109	SYSTON	c0d82b78b775a1cf	3869264	-5444472	1174868
110	110	CARREA	c0d7d97e417ddd5a	-1438192	-4830566	-3515328
111	111	FERREL	c0d7d89fdcb64048	-1338192	-4834587	-3774341
112	112	GTON	c0d7cad6389e6681	4513904	-4364650	1236617
113	113	RED STRANGER	c0d7a2667cf8fea6	2686768	-6361932	1415875
114	114	GOLDEN FONT	c0d785fa763c8dd3	6034256	-4325458	922876
115	115	NORAV	c0d73c65a4d5264d	5120688	-4337096	1071353
116	116	RR-82	c0d72749222209e5	4476048	-4648525	1139478
117	117	CHRONO BREAKER	c0d7100628457df5	-782832	-6140930	-4912532
118	118	NOGAS2	c0d6ebed9bee8e63	3400336	-4424777	1560025
119	119	MDIR -2	c0d6d5a31542fe04	2231408	-3973779	2636994
120	120	HALLOWEEN	c0d662627dd778f4	4613904	-4279877	1160764
121	121	LISTA 23	c0d65dfb06e54318	4069264	-4767857	1180513
122	122	GENRE	c0d64f656351cbaa	3665328	-1929861	3229709
123	123	WISWAN	c0d63fd44f99cf1b	4276048	-4146733	1284897
124	124	SNOZEN PRIME	c0d61c91b1affcd2	4038192	-4540663	1234849
125	125	TEST	c0d616cdb36326cb	5489616	-5343100	771156
126	126	HEFBA	c0d5e678d7ee9f7b	4776048	-5351212	877463
127	127	KELTA	c0d5ccd38070844e	5658544	-4943265	798068
128	128	SROM ALPHA	c0d58ca490e15a93	2962480	-4637612	1606146
129	129	RURITANIA	c0d56d61f569ae16	-920688	-4849920	-4913827
130	130	FREEDOM	c0d536bf488fbb51	4482832	-3728235	1299762
131	131	TRUNON	c0d516454a6cdfc6	4107120	-4445444	1182666
132	132	SOLISSIMA	c0d4f0932d515053	5796400	-4309349	858423
133	133	WAIPOINT4	c0d4db31398b580c	4844976	-5439587	810360
134	134	REYVAIR	c0d49182bd7da1ed	4476048	-4348525	1082091
135	135	BIKRU	c0d490d7ad50dc3f	4276048	-4341552	1134378
136	136	REMDA	c0d479838e916716	6134256	-4295602	795666
137	137	PERIHELION	c0d4789305374bf3	4782832	-4395414	997135
138	138	INUTIL	c0d47612a63a3268	5051760	-4350783	953282
139	139	GRAY STRANGER	c0d46d8020dc9047	4000336	-5934333	881154
140	140	NARKKU	c0d460d615cbeb08	5827472	-4968989	720641
141	141	TRIPLE ZERO	c0d4521d5c94bfce	-1076048	-4642017	-4165830
142	142	BERGA	c0d402ed84f440c1	2824624	-4422179	1640519
143	143	NOGAS	c0d3f70eee6bf392	4307120	-4418574	1074241
144	144	LA JULIA	c0d3d46c070b21b0	-589616	-6341131	-5431024
145	145	RUBAIYAT	c0d39354f27c053c	-644976	-6346615	-4896970
146	146	ROPEIL	c0d380d774c95093	-1007120	-4813965	-4119302
147	147	BRACKIS	c0d3374baa9c7e1a	1648912	-5048663	2363682
148	148	NIGHTY LAMP	c0d2fe6fa0fc6cbf	3086768	-6357454	991121
149	149	OUTER CHARGER	c0d2f35279263cc1	-644976	-6146615	-4894863
150	150	LISTA 30	c0d2db5b0947235f	4269264	-6135814	737130
151	151	STALIN	c0d2dac211e0a2fb	4169264	-5339675	867244
152	152	XNOL XXVII	c0d2c49350a425a4	1396400	-2640687	5211806
153	153	SANITARIUM	c0d2c3b583f4b258	2855696	-4518981	1488964
154	154	BLACKENED	c0d27c78b4f86ff5	2955696	-4633889	1382110
155	155	RUBYFLASH	c0d26b920061468f	6465328	-6441812	452893
156	156	HEAT SINK	c0d25480e7db11cc	5996400	-5037714	621356
157	157	HOTIRIS	c0d251d9ae3f6275	3055696	-4879869	1258058
158	158	DESMES	c0d211b60955d689	2779984	-6221589	1069781
159	159	GANDIA	c0d1faf18f062507	3293552	-4810198	1162166
160	160	GLAUCESSNE	c0d1d6c38caef6a4	5458544	-4318954	774842
161	161	GAUSS	c0d1d1fbdfcb2931	3462480	-4481780	1175915
162	162	GAS1	c0d1a8b5cae78ed1	3969264	-4409540	1033150
163	163	ATEN	c0d19c02645d1c19	-720688	-4781410	-5232889
164	164	LISTA 71	c0d1781658839253	3900336	-4276431	1072474
165	165	PHEENER	c0d15596aa3547d6	5589616	-4963084	639843
166	166	MISERY	c0d149a07318291d	3055696	-4479869	1293181
167	167	SMOOTH	c0d1395c12886e8d	4458544	-1945053	2033813
168	168	CCCPTV	c0d131d78830711e	3831408	-4271991	1075736
169	169	TRIFECTA	c0d12d3d2b6dae25	1348912	-4927784	2646091
170	170	CONOCO	c0d11add5c5c7dce	-720688	-4821874	-5040323
171	171	SORROW	c0d119945fb43325	3324624	-4625763	1138592
172	172	SERGIO	c0d0f853146ad112	3255696	-5040757	1058870
173	173	ENDO	c0d0f7540cd2d817	2242128	-5736045	1350858
174	174	RAMUH	c0d0f56f8705e6c4	4507120	-4591703	839113
175	175	IMPERIAL POST 2	c0d0e759a5f0d6ed	5251760	-5611554	587346
176	176	NULL BOUNDARY	c0d0de92ca2affaf	4744976	-3731526	975618
177	177	PMS	c0d0c71d740e12eb	2955696	-4845734	1199542
178	178	REFUEL +1 B	c0d0bb45d394d4b1	4069264	-3667857	1147909
179	179	VERDULOM	c0d0affcdc3a85f6	4469264	-5487862	696708
180	180	ASKEW 10	c0d08938c664e7e8	5265328	-2222843	1446761
181	181	FIRST POPE	c0d080f508372818	848912	-6341198	3139412
182	182	MATHUZEL	c0d06850fb8d508c	3962480	-5014432	845577
183	183	RESONANT	c0d06595e5ed6d69	4576048	-3749421	978599
184	184	LIP 004	c0d05cdce1ab703c	3862480	-4439790	977074
185	185	BETINORM I	c0d038585386886b	4813904	-3910332	882353
186	186	SPUR 2	c0d02e27e7a36528	-1342128	-5859850	-2106716
187	187	SHAOLINWTSTAR1	c0d00a350508aba8	-1048912	-6135945	-2551998
188	188	SKARRJ	c0d009118a30b813	4576048	-4322743	830100
189	189	FERALON	c0cfe2dcd1050d95	4676048	-4516473	773026
190	190	LISTA 56	c0cfcceb5d6d6e64	4020688	-1947522	2079317
191	191	DAGWOOD	c0cfb5da11f9c956	3155696	-4823363	1066660
192	192	SEPTOS	c0cf41917896c20b	4200336	-5681208	670626
193	193	GLAUCENIA GAMMA	c0cf3d73f688a39f	5858544	-4342967	628645
194	194	GENIA	c0cf295ac3c2f791	4707120	-5664832	598338
195	195	ASKEW 21	c0cedeba6fcbc564	4858544	-2231770	1457644
196	196	CS-31	c0ce5167b27c5026	4469264	-4587862	757049
197	197	NOSFER	c0ce3bccf5f14caa	2986768	-4825805	1073961
198	198	LONE MULTIPLE	c0cd8f5d6ba6884c	3966416	4333666	-880483
199	199	SELI LETE	c0cd806fbefc2d96	4131408	-5255271	695703
200	200	MARDOC	c0cd7895fa3c13c4	-769264	-4828803	-4062099
201	201	RETREAT	c0cd4f936cdb5293	4162480	-6132645	587893
202	202	TULON	c0cd4eeb66a7dae8	3079984	-5552043	877524
203	203	RUTANA	c0cd4d8559e4fd46	4169264	-4539675	792675
204	204	AMBER LOVER	c0cd4d47245b6f13	-776048	-4351251	-4442859
205	205	ECHINUS	c0cd18a88fbf44ee	3544976	-1934786	2172010
206	206	LITHIUM 2	c0cd08eb837ed924	3655696	-5393605	753946
207	207	CHRISTOPHERS CURSE	c0cc9104ca2b8fe9	5758544	-5131474	494962
208	208	EVERREADY	c0cc19e601447919	-644976	-4799014	-4648349
209	209	HOLLOW	c0cbed6ecbfa5be9	2779984	-4521589	1137544
210	210	SINNEY	c0cbd575389a77aa	3824624	-5929346	628416
211	211	SOLOMONA	c0cb76e29ad9dce0	4269264	-4235814	777589
212	212	LISTA 65	c0cb5ddae540d1f4	4231408	-4937080	670712
213	213	DESIRE	c0cb17fe291dd6e6	5076048	-5253900	520153
214	214	WOODROW WILSON	c0caa10a1c6b8a23	1373200	-5038193	1970685
215	215	FIRETAFFLAND	c0ca89097c7ab9c8	3655696	-5293605	702057
216	216	SOUPLER	c0ca8680ae73795b	3655696	-5093605	729351
217	217	HOLEPUNCH	c0ca6b54880e1d5d	3766416	4322687	-830823
218	218	MIND	c0ca587fab4fc666	2669264	-2239373	2256637
219	219	BETINORM II	c0ca57c914751cc3	4369264	-3915628	788359
220	220	JASON'S STAR	c0ca2fd2a7187735	5551760	-4303333	561199
221	221	CORINTHIA	c0ca29bed4207dbc	4469264	-4387862	683077
222	222	GATHIS	c0c99a5a5d98e5ac	5689616	-4314139	534051
223	223	VALPUN	c0c97a92846431c0	5789616	-4934123	456656
224	224	ASKEW 9	c0c95877eb39aeba	4751760	-2171682	1257539
225	225	AUP	c0c93794eb311497	4638192	-4248129	655268
226	226	XYTHES	c0c935515d019683	4876048	-5003934	528973
227	227	YUTE	c0c931fcfd40e0ca	5551760	-5103333	455307
228	228	A TRUE MIRACLE	c0c8feea3c66dfd6	3286768	-5020751	775530
229	229	GRAY EYE	c0c8f5cfde55f0a2	3893552	-5778849	567977
230	230	PULSON	c0c8b39492d71836	2373200	-4824218	1104668
231	231	BETINORM III	c0c8afdc2270b194	4169264	-3939675	769516
232	232	UNLUN	c0c8af790295a1d8	4638192	-4348129	626700
233	233	WASHNIR	c0c8465df3c70967	3793552	-4549610	720123
234	234	LIPP 003	c0c83ab8d39d61e8	4807120	-4451397	579737
235	235	CYLORE	c0c839ae62933885	3624624	-4454127	768270
236	236	ELIPSOID	c0c8319a8ac95815	-873200	-6200198	-2287990
237	237	ALPUL 100	c0c823a12c5c418f	4162480	-4932645	601950
238	238	COLD AIR	c0c7daa2dbec9603	3824624	-5229346	610655
239	239	SCARBOROUGH	c0c7c247115c7d4f	4162480	-4332645	674514
240	240	BLUE RING	c0c79eee068dd9b3	-669264	-4270901	-4231048
241	241	FELIS AURORUM	c0c73489393123c8	4369264	-4800882	566404
242	242	LISTA 81	c0c71cf5982c26ae	3555696	-5347547	622371
243	243	KERRAVYN REESE	c0c6e39dc8caba80	3624624	-3854127	838900
244	244	HERE	c0c6d711c34e3953	6158544	-6408056	296322
245	245	LAO-SOL	c0c6c61a4f0f1dfc	1566416	-5593135	1330895
246	246	NOX	c0c6bf54e3637046	2373200	-4524218	1084735
247	247	XNOL XXV	c0c6bdd1e14b582f	2711056	-4622800	929063
248	248	JARN	c0c6b55958b2886c	4469264	-5265950	494019
249	249	SUBWAY BLUE	c0c6ad2e84844f45	-638192	-4247882	-4282743
250	250	OUTLAW BLUES	c0c6a610fc70d054	4638192	-3748129	667037
251	251	CAPUTO	c0c64a2c090b406c	3011056	-5741333	660151
252	252	WHITY	c0c63f175b5e28e2	2711056	-4822800	871150
253	253	SOLITARY	c0c62974ee9db06c	973200	-5009829	2327302
254	254	SUL	c0c61a6a18ff0295	4231408	-4237080	631209
255	255	EQUATORIAE	c0c6195d7ecf72df	-1042128	-4958576	-2189607
256	256	LAPIS	c0c616c80752af5a	3555696	-4847547	656144
257	257	ASKEW 8	c0c613d7a0f268d4	4276048	-2046733	1291565
258	258	BIG GIANT	c0c5eb15c1fd3916	2811056	-4549692	877456
259	259	ENSPRIS	c0c5c2f59223d0ab	3755696	-4439584	668232
260	260	IMMEMORY	c0c5b999dee7f0d2	3355696	-4169919	794913
261	261	BHOPAL	c0c5af706399de10	2879984	-4786591	805414
262	262	HOPE AGAINST HOPE	c0c55df7d629104d	5658544	-2443265	791297
263	263	LARUNE	c0c55db85609dd0d	4262480	-5376216	477371
264	264	WONKO THE SANE	c0c534bee9d6c34f	2542128	-4033081	1058998
265	265	GROOPER	c0c52988c237b849	-4844976	-5097829	-438687
266	266	LIGHTER	c0c527eb17e5bca7	3655696	-5455290	543143
267	267	LITHSTOP-2	c0c5169f51907798	3862480	-3989544	700686
268	268	MAX	c0c4fe91f4ef669e	2473200	-4536779	958003
269	269	MYONE	c0c4fb9f4617a9ff	5720688	-4838292	388146
270	270	FAR SHORES	c0c4de2ed6cc2159	3148912	-4346277	780676
271	271	GREENBELT	c0c4da9184eb79ef	376048	-5442863	5216559
272	272	UNFORGIVEN	c0c4b83b066d87f9	2979984	-4589577	775650
273	273	NADALIA	c0c49ff42d776463	3893552	-4278849	633851
274	274	BIUYTTER	c0c49cfb963dd04f	3479984	-6392650	474414
275	275	MYANDRIS	c0c4819d5327bbf5	5651760	-4340057	428034
276	276	SUENONASTREYA	c0c47b0b52c9196f	5482832	-5821092	328552
277	277	EPITAXY	c0c466d0232436df	3907120	-1841243	1452000
278	278	SCHWIMMER	c0c4309edcefc65f	1366416	-5070742	1491936
279	279	LITHIUM GEAR SOLID	c0c42aa25c47446e	-507120	-4385899	-4642287
280	280	SARTRE	c0c427c76e67ce9b	2642128	-4521735	863778
281	281	LISTA 83	c0c4268089949c8d	3755696	-6394104	429619
282	282	CHILD OF THE DAMNED	c0c410ecaf3e268e	4362480	-5219787	451177
283	283	BANNANA	c0c410ea02bc7bc5	1973200	-4015204	1296742
284	284	MDIR -1	c0c3caa8d9cd3c7a	2911056	-4845512	718392
285	285	TRIPOD	c0c3c2fcb50a0c15	4431408	-5638552	404934
286	286	BRIGHT-RED	c0c3c07a21469608	-538192	-4282814	-4387444
287	287	ASTUMA	c0c3b3f25e2d272a	1828560	-6110451	902855
288	288	HABRUMIA	c0c3b186890b57dc	3955696	-6200472	411097
289	289	AYTARIA	c0c3822b7890772a	4331408	-4287816	537809
290	290	ASTRA 2	c0c35f61e4c33c42	-679984	-5102327	-2858845
291	291	DALB-100	c0c33e48179df635	3417840	-4918145	586133
292	292	BETINORM XI	c0c3254feb4c4edc	3317840	-3793663	778804
293	293	ORANGIAN	c0c31490c2d11911	4907120	-4337961	458927
294	294	NEW ERA	c0c2f6b07a3d4140	3655696	-5155290	515191
295	295	THE LION	c0c2c72d7c046fd4	2811056	-4449692	768636
296	296	PUSHAN	c0c2c5e1808b6165	4769264	-4635633	434753
297	297	HAPPY	c0c2c48f9a208e5e	2273200	-4438174	952449
298	298	THETHREE	c0c2c48c5844e079	-1527472	-1334960	-4712388
299	299	SERVICES	c0c2aef30cd14289	2773200	-5281245	653143
300	300	LAKANEW	c0c297c79041f920	4669264	-4132328	493371
301	301	AZANIA	c0c294ddfdddff8a	1128560	-5066859	1663748
302	302	HLOS	c0c288cebd0ff790	2166416	-6329242	692078
303	303	SHMEE	c0c2661944fdd059	3555696	-4747547	558041
304	304	GROVER_CLEVELAND	c0c24e4a93c626d4	3755696	-4139584	602854
305	305	CAMEL	c0c24b6cb41deee8	376048	-4742863	5251818
306	306	EARTHBOUND	c0c23d86d580429c	2404272	-5033521	771698
307	307	HEPEROS	c0c2391ee70590f1	2066416	-5483581	823400
308	308	PLEXUS	c0c21dc2087350b5	2404272	-4533521	850979
309	309	POSTER	c0c1a0981132c610	735344	-5093662	2409548
310	310	PLANETLESS	c0c14caf8ca6d456	4024624	-5235637	420349
311	311	NAVRIA	c0c0eba89d2b7075	3955696	-5000472	437976
312	312	GERYON	c0c0d2cf5d42e9ab	-320688	-4765585	-5636205
313	313	ALLUTUPPURAINEN	c0c0cf669eb77836	2973200	-5544223	522128
314	314	UNKNOWN STAR / CLASS	c0c0cd6bb3ad0a6c	3924624	-4582492	478346
315	315	BETINORM IV	c0c0bcd770dce5c3	4062480	-3993425	528236
316	316	PLATTEKILL	c0c0a4912470ccf8	-4223536	-552022	-3654810
317	317	RAELC	c0c0976efcf4fd93	4807120	-3151397	560749
318	318	BELLAMY	c0c08ef5307114f3	3179984	-4995549	533680
319	319	GEMINI	c0c070b2397ba6c0	4362480	-4519787	426900
320	320	GOLDEN RIM	c0c05f63aa08b287	4093552	-4468400	458285
321	321	LITHIUM GIRL	c0c04c5a747d9979	-524624	-4225059	-3764698
322	322	FIRE FUEL	c0c0479247f57bd6	3279984	-5298535	479607
323	323	ZORN	c0bfff89a1d551d7	4055696	-5346452	377776
324	324	XNO15	c0bfd399c98c4dbd	4431408	-4938552	372296
325	325	SHELLEY	c0bfa495928a897b	4162480	-4129830	471229
326	326	THE SPOUT	c0bfa0c18a827262	2973200	-5244223	519285
327	327	GESUNDHEIT	c0bf8d2117b5df30	-1196400	-1281118	-5269768
328	328	G.O.G.	c0bf4682e8291474	2504272	-4531751	705498
329	329	DU MILDE	c0bf4580eea61d23	2535344	-5128875	615644
330	330	NOLITHIUM	c0bf119b2f8ab10b	-431408	-4367096	-4221659
331	331	XNOL XXIV	c0bf10fac2947359	4024624	-5135637	384778
332	332	ANTIOCH PRIME	c0bee6b37376c7bf	-1028560	-5036066	-1527193
333	333	ASKEW 184	c0bebf707275ca08	3438192	-1233198	1856484
334	334	CHARLANTI GAMA	c0be8882fab1ecd1	4093552	-4868400	392217
335	335	LONELY ONE	c0be839905a4cb23	1190704	-5496087	1193665
336	336	FAML	c0be81e953e44f5c	1290704	-5236991	1155414
337	337	INDUSTRIAL DISEASE	c0be50a07f597d78	4976048	-4297664	362894
338	338	BLOU-1	c0be509fb143ff84	4055696	-5246452	364725
339	339	EMPATHY	c0be3f2a93ae7a33	4769264	-4335633	374468
340	340	SOL DELL AVVENIR	c0be26ad724eaf29	2673200	-4466539	646458
341	341	X	c0be0ceb9d0f8e24	4124624	-5257711	354740
342	342	LEPTA	c0be02669953c4a1	1759632	-5074183	860417
343	343	XNO12	c0bdf32a422c5500	4362480	-4219787	416496
344	344	ASKEW 185	c0bdd800060bc52d	3224624	-1903689	1244567
345	345	CAITHRIS	c0bdca42133a6ec3	3111056	-4437153	552458
346	346	LISTA 29	c0bd970e433ec91b	3955696	-4200472	455895
347	347	JOTUN	c0bd5f008c2fd00c	-511056	-4886608	-3010816
348	348	A.A.A.	c0bcac51285610aa	4055696	-5146452	351675
349	349	LEAD ROLE	c0bcaa21ff9fd76f	4638192	-2348129	673775
350	350	WELCOME STRANGER	c0bc7d3c11b732e4	2704272	-4766066	565861
351	351	GUIDER	c0bc509525c04b7c	2773200	-3881245	673443
352	352	NULL+VOID	c0bbec759be2308e	2059632	-5308818	653770
353	353	FADE TO BLACK	c0bbbfa5eeb01bcd	4024624	-4435637	397924
354	354	EVII	c0bbb14c61e927da	2366416	-5551635	539624
355	355	AMBARION	c0bb8598ecb378e4	4462480	-4394429	359285
356	356	DEULHIA	c0bb34b03804390c	4262480	-4297307	380227
357	357	LARGE TASK	c0bb30f2971f5e92	3111056	-4037153	554224
358	358	A DRY WELL	c0bafeee603efd86	3179984	-4695549	462834
359	359	MIXING IT	c0bad10586a3123f	-3535344	3723125	521558
360	360	CIBINO	c0bac150b6b04830	5276048	-5055692	256778
361	361	LITHIUM	c0baa3fa3b4de0cb	666416	-4350207	2352489
362	362	IXEROK	c0baa14c34cdd326	-386768	-4863624	-3624113
363	363	SHINNY BLUE	c0ba9c3292a1b334	1928560	-4141780	852839
364	364	KALTRIDOR	c0ba741dceff6f6d	5038192	-4896797	274497
365	365	GEEWAMIDEK	c0ba5d3c7b60f6d3	4869264	-4907867	282422
366	366	POIPLE	c0ba2f85ef84ac0f	-4838192	-5080255	-272731
367	367	DARNIT-NO LI	c0b9e5478c584fc8	-4554608	-436663	-3333258
368	368	RADAGASTAR	c0b9a382c41510e4	2435344	-3568883	755168
369	369	FOO	c0b97502e47c1d81	276048	-4630197	5098758
370	370	SKIAD	c0b95c75df6106d9	4769264	-5192224	262183
371	371	OUJUN	c0b95a873fc9a700	4531408	-4420360	324033
372	372	LINTERIUS	c0b9596095827b5a	3617840	-4636039	386907
373	373	PLYKE	c0b9563d1b81b6c3	2735344	-5479930	432719
374	374	VISTANA	c0b95562681f67b4	-300336	-4843169	-4458602
375	375	STOVE TOP	c0b8fd578dd0649c	269264	-4991319	4759989
376	376	CANDELA	c0b8fd108826b62e	3686768	-4616273	375875
377	377	MG CORE YELLOW	c0b8f9e9448d9c44	-362480	-4325557	-4077937
378	378	KADRA TIN	c0b8f9a5bf4fd610	4969264	-4980100	258356
379	379	ELEVENSES	c0b8f64385afdfa6	3548912	-5115546	351991
380	380	BETINORM V	c0b89e23abc6e437	3686768	-4016273	425617
381	381	NEO	c0b7f955345fc811	3479984	-4292650	410844
382	382	TREASURY	c0b7e15f0a631b1d	3648912	-4732863	353992
383	383	GLOWYBOOM	c0b7c19829e618d3	4462480	-5294429	257408
384	384	CONTRITE	c0b76d95a2fe3933	4031408	-1804535	824431
385	385	SNEAKER PIMPS	c0b72390b2bfc8dd	4055696	-4146452	352242
386	386	ACKANDUA	c0b721c9493d53c5	3311056	-5428793	329445
387	387	PU	c0b721294ae33c26	3279984	-4998535	361154
388	388	HIPGNOSIS	c0b7206ad762a196	-3834256	-542131	-2848177
389	389	YUANDO	c0b71df77d284167	1752848	-5860015	576142
390	390	UNLOVED	c0b663b802ae86a4	4062480	-2158003	653795
391	391	SAMARKAND	c0b660afbc765da1	4224624	-5110857	265322
392	392	ASKEW 183	c0b607b5f13d616e	3620688	-634106	2456427
393	393	BARREN	c0b603d6ecad2715	4776048	-1351212	873306
394	394	XEW	c0b6022af065be3c	1804272	-2199504	1419721
395	395	LIFESAVER	c0b5d5d49faaf544	3111056	-3937153	456361
396	396	MITHIS	c0b5a34ee7750d3f	5582832	-4343485	228435
397	397	THE VOID	c0b577a7c36eab6b	2804272	-4533223	432307
398	398	TUESDAY	c0b51dd2fd0c3b79	2973200	-4920580	369506
399	399	BLUE MAN	c0b51251530fd217	2579984	-1977634	1057240
400	400	GRINDAG	c0b4eacb522c5e4d	2028560	-3604181	732400
401	401	COZA I	c0b4e8a0c8b497c4	3717840	-4660522	308917
402	402	OVER AND OVER	c0b4ce9f34fbabf7	3148912	-2046277	826660
403	403	SNOOKER BALL	c0b49b549db49e4a	-1021776	-5360925	-963062
404	404	CAMEO	c0b48f316e321189	3724624	-2107273	670573
405	405	BURNT	c0b476cbc093d22e	3955696	-5140660	257626
406	406	ALSCOPE	c0b459e01871f986	2873200	-4846257	374158
407	407	JEFFOK FUEL001	c0b458d343493886	3617840	-3736039	385371
408	408	ASKEW 186	c0b4301e062d12e7	3348912	-2580912	597937
409	409	NOVA SOL	c0b3d08598a036b4	4293552	-4257950	277464
410	410	NEWHAVEN	c0b3ce18f2252f9c	2173200	-2163851	1078175
411	411	TUHKIMUS	c0b3cab718e44444	3748912	-5119108	264014
412	412	CHOCOLATE BASE	c0b33113e8d837fc	5107120	-5642162	170503
413	413	QUATERNARY A	c0b3309d4b02681b	4193552	-4028711	290780
414	414	LAURIE ANDERSON	c0b3139c40698325	2466416	-4128367	479619
415	415	RIO	c0b2f7d8af544e2d	652848	-5094897	1459881
416	416	BROWNCLOWN	c0b2eb65d7521c03	-2742128	-3746358	-471469
417	417	AWWW, HOW YOUNG.	c0b2cb48851a0a85	4631408	-5271096	197082
418	418	S'R QIAA	c0b2b4bc05af9fd0	-600336	-1926450	-4140651
419	419	PAYTROR	c0b2b0a3ed97eb57	2466416	-4528367	428392
420	420	AWET	c0b2ae75e9c30c1c	1921776	-5644011	440921
421	421	REDIAN	c0b29654d00f74c7	4700336	-4332862	233642
422	422	HILLO	c0b283043645c69a	3786768	-4447922	281360
423	423	ELSEWHERE	c0b280958001eb90	3173200	-5138273	290503
424	424	LISTA 3	c0b27f35fc0e4ce2	3786768	-4347922	287600
425	425	LEW	c0b25b328dddcc11	-789616	-1128911	-5271668
426	426	ALEPH 0	c0b25650b73c7f51	4562480	-5638000	182493
427	427	HOPELESS	c0b254e191b77f3e	1752848	-5160015	518853
428	428	BRIGHT HEART	c0b23c759dd78007	2273200	-1938174	1059603
429	429	IODINE	c0b1f71090f97338	2804272	-4333223	378476
430	430	VATKOON	c0b1f1706fd69477	4700336	-5332862	183252
431	431	GRUNT	c0b1eca272226408	176048	-5036467	5175191
432	432	PYRRHIC FOOLISHNESS	c0b1df3733ac12e9	3955696	-4240660	272744
433	433	LITH07	c0b1c18de0b971ff	2209296	463664	-4437410
434	434	MIKOS	c0b1a8e744e2e031	1921776	-5044011	466387
435	435	HAKIDEEM	c0b1631c3f05120b	4662480	-5312642	179697
436	436	PULSITIUS	c0b140234ee2307e	2904272	-4631453	328313
437	437	NOMICRON	c0b136eb6e6e00d3	2766416	-5508132	289210
438	438	KICALICA	c0b134e88369ea53	4155696	-4561360	232380
439	439	SPANIANA	c0b134a65265de19	2355696	-920154	2032037
440	440	SCOOPER	c0b10b46781722fd	1752848	-5060015	491945
441	441	LI+SOURCE	c0b1065413fb9c50	3886768	-4748498	236143
442	442	HAWKIN	c0b0fd85338e8b48	3479984	-5404507	231264
443	443	BABY PLUM	c0b0ecef68cdebbe	4224624	-4510857	227371
444	444	BIZEEMET	c0b0d4dcc594f3a5	4700336	-5232862	175184
445	445	FARWAY	c0b0d411e45c0b45	-3127472	-448997	-3067933
446	446	MEANINGLESS	c0b0b369ba9d7cfc	1866416	-1939481	1181093
447	447	NSF 02	c0b0a832d979458d	3648912	-4532863	257811
448	448	GENEZIS	c0b08f655dd0a2b3	1811056	-1260418	1857195
449	449	NISSLEY	c0b08e8f7b7cebd5	3479984	-4704507	258897
450	450	CANDELAS	c0b078b2cb5c70f4	4362480	-4533712	213199
451	451	GOLIATH	c0b0589cb91cda11	1962480	-818203	2606087
452	452	BRIGHT ELEVEN	c0b025b20d97cf0d	-138192	-6191472	-4831274
453	453	WORTHLESS	c0b01acfcfbac57f	2479984	-1222206	1360192
454	454	APHORISM	c0b017215e7290dd	1283920	-4190011	765689
455	455	MINDO GRINN	c0b012247e8d81ac	3717840	-4160522	265975
456	456	LITHSTOP-3	c0afddffefd8cda6	2735344	-3979930	374685
457	457	JUNIO	c0afd5a487a1477c	5138192	-6376196	124376
458	458	SKT 4	c0afd245bf0ae419	4912144	161035	-5149174
459	459	JUST HOME	c0afaba77f59458f	2428560	-5391642	309596
460	460	AVIALA	c0af7b21393f06a7	3817840	-4285005	246314
461	461	TEQUITO	c0af73e6e5f9d428	-2889616	-433096	-3216949
462	462	LIA	c0aec7598fd5c6bf	1383920	-5102252	557940
463	463	VAITH	c0aec1cb1e551c3b	2973200	-4120580	321345
464	464	DARUNI 5	c0aeb0c961744a48	4293552	-3757950	243471
465	465	BIG BLUE	c0aea995d86e1118	4969264	-4680100	168760
466	466	APALSA	c0adfdcf1f630e37	2904272	-5031453	262710
467	467	LISTA 82	c0ad98783a36d22e	3411056	-5124613	216714
468	468	MIDAKOB	c0ad48be75c7739a	4562480	-5238000	156847
469	469	EXCLUSIVE	c0ad3f9422808da0	2904272	-4131453	312012
470	470	NARANJITA	c0acfdcc9fdeede4	2935344	-4630986	272990
471	471	GRAVITY	c0acd02c6d523c2d	1077136	-5101958	671110
472	472	TELENA	c0ac864d94f65ee3	2021776	-5377750	335812
473	473	NEOS	c0ac817fc44b25cd	4362480	-4333712	192997
474	474	BAMA	c0ac7eee5092821d	1514992	-5524242	435821
475	475	VALYX	c0ac7814d3003701	2916080	262885	-4753549
476	476	UNSUITABLE	c0ac21cf68094330	2786768	-993580	1300493
477	477	LANGELIN	c0abcb16642e22b5	5376048	-4356588	151894
478	478	ONCOMING STORM	c0abbf65a22dab21	3311056	-3828793	280161
479	479	FARUHN	c0abbf31deea88d7	2642128	-1521735	883346
480	480	VOOTAQ	c0ab3dfc18242af1	4800336	-5190764	139942
481	481	TASLEN	c0ab0edcb988c2af	4324624	-6232930	128489
482	482	HEAVY BLUE EMITTER	c0ab017ff711de0b	1266416	-1529308	1784829
483	483	PANKTAN	c0aae18c847274d5	2973200	-4320580	267849
484	484	WAIPOINT3	c0aa92dbe3b7311d	5069264	-5252333	127751
485	485	TRICOLOUR	c0aa7813438ee650	-1904272	-1497938	-1187751
486	486	EPILOX	c0aa757c0b607af8	-162480	-4836006	-4310180
487	487	JOYCE KILMORE	c0a9f47f5cd2f739	-242128	-4332401	-3167076
488	488	SNOWFLAKE	c0a9685895ccd1e5	1886768	-770887	2235962
489	489	ZIMMER	c0a944d95777e769	3917840	-5209488	158473
490	490	WTLITHIUMSOURCE	c0a9365c6c03b621	-173200	-6367951	-2926009
491	491	SHEL	c0a9364642f6a4c3	4155696	-5161360	150456
492	492	AKYAASLE	c0a8ffc000000000	1050000	2650000	-1150000
493	492	AKYAASLE	c0a8ffc000000000	-1150000	2650000	1050000
494	493	FOREVER AUTUMN	c0a8fc985fcd3661	3411056	-3824613	245156
495	494	DJIBRIL	c0a8d89d5d05e799	2090704	-5171008	294172
496	495	LAGIG	c0a8d0439732ea3b	1377136	-5474191	421310
497	496	NYTULIUM ALPHA	c0a8a3cbc45a56cf	3955696	-4340660	183683
498	497	YANIS	c0a89c333543ddb4	869264	-838888	4319850
499	498	HARGATH	c0a89175a5b85d18	4324624	-4132930	175945
500	499	GARAAN	c0a88157d3f09ace	4324624	-5232930	138604
501	500	RAMAPO	c0a7ba432112fc0e	-3527472	-319738	-2692810
502	501	LITHIUM 1	c0a7b8dc374579e4	3411056	-4924613	180760
503	502	TOWER 28	c0a76c623eb82dd5	1535344	-1235740	1580253
504	503	VIANDANTE	c0a6c15c6bac77ce	300336	-2119098	4576510
505	504	UNENDING DAWN	c0a6a17d529393f5	2666416	-4419688	245805
506	505	GRIMNEBULIN	c0a693c838c94b76	2935344	-4530986	217285
507	506	HERB GARDEN	c0a6603718027938	-4241040	-222411	-3036412
508	507	LETDOWN	c0a6262283455b28	-521776	-3329925	-1631717
509	508	EINSTEIN	c0a5f29462f17357	939280	-5348318	559222
510	509	JMK	c0a5e519ddcc9c8f	5544976	-4364947	115791
511	510	BULGARIA	c0a5dc12f5d15497	3579984	-4607492	169632
512	511	IAVOH	c0a5b87e2fce1693	3779984	-5023104	146427
513	512	ASKEW 182	c0a55b4b752e274e	3551760	-333345	2308899
514	513	TOWER 14	c0a53677486ce50d	1435344	-1075749	1758491
515	514	YBARRA	c0a514f7328ab73b	5476048	-5957484	82716
516	515	NEGALITH	c0a4c039cd1e25b5	-1866416	-1513968	-939986
517	516	NEGALITH 2	c0a4bfb877b5bcb6	-2235344	-1534775	-774134
518	517	WHITE WIDOW	c0a4721fa1665112	3379984	-2301521	336422
519	518	NOTHINGHERE	c0a45c2f83e36dc8	-507120	-1085899	-4732490
520	519	WHISTMAGE	c0a45b86d2768805	3442128	-4530971	167077
521	520	AMANDA NEWA	c0a40aefba591f6b	1752848	-4646231	315008
522	521	LISTA 96	c0a403f1ebaf7a01	3442128	-4330971	171855
523	522	ZERO FUEL	c0a3c35c14714cc7	-2438192	-391297	-2651497
524	523	BORRELIA	c0a3a8a6b3364d82	3986768	-4680147	134861
525	524	GRYNNAA	c0a39f34c74cb61b	3442128	-4130971	176633
526	525	ASCS 1	c0a38ed7cb9cfd86	2190704	-5111912	223546
527	526	PUNAVALO	c0a370a1e8a6837d	3173200	-5269226	148820
528	527	SLOATSBURG	c0a349612253a8f0	-2507120	-367093	-2682349
529	528	ISSEI	c0a30d3f27211b58	1611056	-768778	1968943
530	529	BLUE SPARK	c0a2fcdfd644dc0d	100336	-5003294	4841407
531	530	TOWER 27	c0a2f697a8d6401c	1028560	-1335530	1767012
532	531	TOWER 26	c0a2f0bdc87519f8	1297488	-1220131	1531402
533	532	BRIGHT 778	c0a2e6e1f974b7f7	-2035344	-1429330	-831658
534	533	PIANORO	c0a2b956c4b19bc9	-2724624	-638120	-1378476
535	534	XNOL XXVI	c0a2888fb0179216	2866416	-4860958	170257
536	535	ZERO LITHIUM	c0a2842c1eba698b	-2131408	-458630	-2424572
537	536	BLUE BRIGHT	c0a2805fe3f606ab	3035344	-4890978	159519
538	537	TOWER 25	c0a23cae890cd21e	959632	-1425516	1706426
539	538	SOLLUSEN	c0a22f3cd278f51d	1379984	-741804	2273781
540	539	FELYS	c0a22c611f9ae730	1108208	-5138861	408467
541	540	TREMBLAY	c0a227026d5d483d	2259632	-4341005	236873
542	541	LUCKY DIP	c0a21491cc2674a7	2966416	-5344856	145965
543	542	NINES	c0a1d856263e2374	1621776	-2073868	679135
544	543	BATTERY	c0a1c9d4bad7db57	1859632	-2179798	561699
545	544	KANE	c0a1759ec32312fd	3004272	-3998610	186034
546	545	DECTAA	c0a1748dd666015a	4662480	-5012642	95599
547	546	BOUNTY	c0a17263d2e5a1f3	1373200	-778257	2089632
548	547	NO FUEL	c0a10a706fe23847	-1793552	-468291	-2596986
549	548	LYGHT	c0a0e87c087444fe	1952848	-4313160	256946
550	549	TOWER 22	c0a0c7c9dd1b2680	1573200	-786840	1735172
551	550	TOWER 16	c0a0b832ed28e42e	1297488	-1120131	1472522
552	551	SD LITTERBOX	c0a0b3ee364334b9	4774288	88467	-5061867
553	552	CELEPH	c0a080422080b5aa	-828560	-1640462	-1553926
554	553	SHOULDN'T HAVE	c0a079f9b8ad670e	477136	-4141631	1067236
555	554	LOSTNFOUND	c0a072e97cb26021	3479984	-3304507	183089
556	555	GREY GOLD 04	c0a0517a638e5874	1359632	-1115385	1377330
557	556	SPARKIDELIC	c0a021e1c86c6249	-1597488	-1148132	-1125844
558	557	BABYSUN	c0a01b50f13ee3d5	2052848	-5339733	188079
559	558	TOWER 15	c0a00115b53ddb57	1028560	-1135530	1753948
560	559	FERTILIA	c09fdd0a50cf04d2	4193552	-1728711	281299
561	560	MONUMENT	c09fd67c5d3b4a86	4969264	-5122360	80050
562	561	KIINAAJI	c09fa1a239b47951	4762480	-5356213	79361
563	562	ROUGE 1	c09f80040e48686c	4055696	-5979474	83131
564	563	L+ION 1	c09f344ee25b1c19	3173200	-4969226	126651
565	564	LISTA 55	c09f336f4ce40ece	4224624	-2510857	188251
566	565	HIGHWAY 51	c09f11926faef1b9	-3033584	108297	6052430
567	566	PUKANY FLISS	c09ef5e7b9166cf8	2190704	-3511912	257550
568	567	MULTI	c09eeae379700984	2290704	-5021744	172013
569	568	GIZMO I	c09ee470d3770cfd	2635344	-1419938	528353
570	569	TOWER 20	c09e84d5ddf57e23	1628560	-1116721	1073990
571	570	TOWER 21	c09e7f1a4dfb1d71	1435344	-775749	1752882
572	571	NOUVALLA	c09e763db7a5ab60	6358544	-4607758	66541
573	572	VERON	c09e5fe870831d75	2359632	-5058003	162880
574	573	NEGALITH 3	c09db023ad247dc1	-2235344	-1551723	-547776
575	574	TOWER 23	c09d1f150ddc18f6	1366416	-813206	1677293
576	575	FANTOR	c09cf8fba240ee5d	1811056	-560418	1826936
577	576	LIP 003	c09c3cc14e9fa1cf	4324624	-4432930	94268
578	577	WORM'S FUEL 3	c09c2a4e99115de0	1252848	-1358223	1059313
579	578	LISTA 6	c09c25ec25f0bd3c	4936432	65419	-5578437
580	579	RAR	c09bc1f1d2bfdded	1504272	-666960	1770662
581	580	OMW	c09bb0e2cf554fdd	1404272	-699802	1803398
582	581	GOD OF LIFE	c09b7c78cd6fa2fc	601424	-5340118	547726
583	582	CHECKMATE	c09b7bc77d4e826b	2766416	-3796421	167479
584	583	BRIGADIER	c09b7af670acc85a	4255696	-4407340	93768
585	584	ANNANDERA	c09ae23edc7ccc8f	-2208208	957887	813422
586	585	TOWER 24	c09a264958241a6c	921776	-1299843	1396780
587	586	TOWER 19	c09a1d22a2167434	1290704	-1136991	1138850
588	587	TOWER 18	c09a15bb5d2a38fc	1359632	-1101593	1114619
589	588	PANLATO	c09a0a73644e79c1	-282832	-1095865	-5377112
590	589	POTEMIK	c09a0a44cb0bc64c	3373200	-4101250	120466
591	590	MINSEAN II	c099fd88269ee966	3848912	-4136426	104479
592	591	SYPH	c099f510232ec1fc	-408208	-3940299	-1032829
593	592	LONE WOLF	c099f059bb8b921a	2559632	-5522851	117433
594	593	LONE STAR	c099ee18f02a596f	1477136	-3464936	324241
595	594	GABRIELLE	c099e0a49407c51b	1052848	-1236149	1272524
596	595	OMIRAHNDI	c099bcc54cc3db8e	808208	-3078550	662026
597	596	MOHAA	c09889d9f6db0117	-2804272	-1731080	-323512
598	597	OZANIA	c0987cdd264451d8	721776	-1332366	1629682
599	598	GOODLE	c09873fc7e05a7e2	2328560	-1429241	470241
600	599	ANAMAYANE	c09870a511244da9	2290704	-5521744	123662
601	600	FENNBRIDGE	c0980b9c6ef666dd	1714992	-4334394	207024
602	601	LISTA 60	c097cb76ac5f8844	-1374288	553232	2002980
603	602	KJW FUELUP	c097c722737afe0b	1152848	-1131650	1166457
604	603	LISTA 13	c097c0b0f06efe32	277136	-4143401	1323863
605	604	COMON	c09742f262f35676	1566416	-649930	1462326
606	605	TOWER 17	c0971d7b95b29d81	1490704	-1087728	912358
607	606	TG L3-X0	c097158e01bb7ecf	877136	-1820469	925219
608	607	XAAZA	c0970d4bf442a07f	428560	-1523267	2259955
609	608	BETINORM VI	c09701d39b0c48d9	3848912	-4036426	94778
610	609	MRIN	c096fb0164218263	2152848	-5035234	135677
611	610	S05 FUEL SOURCE	c096611dbf6c0e4a	4900336	-4448666	65701
612	611	EZY	c096595cb818ba5c	1359632	-815385	1290195
613	612	DEAD STAR	c096484c73837d52	4086768	-4311795	80929
614	613	UNSTY	c096450a29d6ce12	-1632496	960896	908585
615	614	BETINORM VIII	c09597b0b753f80e	3917840	-4209488	83793
616	615	GRANK	c095915d81527ea4	-1246064	-4624960	-239518
617	616	KEYILI	c0959128512bc09c	1083920	-1465528	868918
618	617	PERSI	c0959053dbec1aa0	1397488	-689697	1431853
619	618	CINCOSUUN	c0958b6f72750d33	2448912	-356129	1581027
620	619	ZUABAR	c0957f6a032e94dc	1746064	-4444149	177306
621	620	FS 0001	c094dce9dfff0ea8	4086768	-4411795	74056
622	621	HAKED ROQ	c094d6909550a0af	4731408	-5121833	55033
623	622	LITHULITHU 64	c094d40334ec9da2	-1221776	-1184863	-920813
624	623	FUEL STATION BETA	c094cde42c3adbe6	1535344	-535740	1618723
625	624	FEELING BETTER	c094c680b8c16b7f	2559632	-4322851	120166
626	625	NEWBORN	c09463a2edf625a9	1852848	-1486587	473751
627	626	BARTOK	c09409871d408dcd	770352	-2831847	587839
628	627	PSYCHSTATS	c09407182fbdbd52	3948912	-4953743	65524
629	628	BRUCINE	c093de792e936db3	4143216	69678	-4404773
630	629	PAPPADELTA	c093becd5e4cb56f	6361392	-90819	2187335
631	630	GREGORY	c0935b0ecda7d6f9	4086768	-4511795	67183
632	631	GIMLI	c093409351f999b4	3579984	-3907492	88081
633	632	GIAK	c093378c472efedb	169264	-1526251	4760742
634	633	VELIRUAPHOSE	c092e239167395ad	477136	-2241631	1129953
635	634	TSAGOR	c092a6fa9d3b15a4	805360	1114399	-1330089
636	635	CRASH	c0929bc004833e2b	1377136	-1874191	461422
637	636	NOT MISTY	c09295702600e656	608208	-2225724	878597
638	637	DAYSTAR	c09294821b792bf1	1052848	-936149	1206473
639	638	MAGLIOZZI	c0928ad7e630848a	-44976	-5036632	-5238704
640	639	MILITANTE	c0928725ef0ba95d	-38192	-6102339	-5087893
641	640	LUTAR	c0926a0fac29aabf	270352	-5086437	857022
642	641	HOBBE	c0921dabd3154b77	2259632	-1388217	369611
643	642	GLOMA CLUSTER	c09191be3a5a4559	-214992	-3342390	-1564787
644	643	OSLUC	c09160bc73f9ad9c	766416	-634105	2288500
645	644	WREYA	c0912b8b6242cbc3	2697488	-4776562	85286
646	645	HELLO	c091281ee1c4f4fe	3579984	-1002801	305857
647	646	STEL	c091277d18620aca	1566416	-449930	1557757
648	647	PEPPER SPEAR	c09125ac0bb02100	-839280	-4633030	-282228
649	648	BLSIBI	c0911fa4d756d5b2	2866416	-5442081	70254
650	649	RYEL	c09111c0aca8a556	-221776	-2836740	-1736452
651	650	PENGUINIX	c0910d4fde90cc6b	4731408	-4421833	52163
652	651	MILIUM	c090e32f65d98ba8	3611056	-4316254	69343
653	652	BALLON	c09093be5d060932	-448912	-749102	-3154910
654	653	GAS 1	c090620c7886cdbe	766416	-634635	2155683
655	654	MULTIPLARA	c0902b86cab927ef	2359632	-1743452	251557
656	655	TRIAD I	c09013db74a7e3ba	4086768	-4711795	53436
657	656	AMBER OWEN	c08fcea37181f975	3917840	-4109488	63218
658	657	AAAAAAGH	c08fbf6e6f401c28	-904272	-504804	-2225571
659	658	NORAVIA	c08f4b3bf9ccb5e4	1783920	-2420146	231949
660	659	TOPSARR	c08ef6962c746737	1921776	-1444011	357045
661	660	SILO	c08eeb4b2fd5e07f	-1601424	916932	673804
662	661	CAERIS	c08e9d53396aaf76	2866416	-4442081	76940
663	662	RAGE	c08e88c6de7b08cd	721776	-832366	1626376
664	663	SIGLAR-2	c08e17c0002b6c81	820016	266048	-4413975
665	664	ZOBROK	c08dddf6ef739e15	1852848	-2665639	193509
666	665	VARD 1	c08ddc932927a3bd	1001424	-5962192	160044
667	666	ROSARIES	c08d0fc58024eba1	-1532496	973713	623217
668	667	EVESTAR	c08c722b359b7388	3879984	-3933256	59647
669	668	RASCO	c08c6a7a818c828c	1285008	226261	-3127493
670	669	WAFFLE BASE	c08c50b8a81f8031	5713904	-5616305	28235
671	670	CYRUS-ALPHA	c08c504843548593	528560	-785668	2181784
672	671	HOMESLICED	c08c4a498a66b751	632496	-3581245	399663
673	672	WHITAR	c08bba69e7f5aa98	706448	249628	-5031504
674	673	KARZEL1	c08b18cfd210998e	-224624	-949264	-4066556
675	674	LISTA 31 LIFESAVER	c08b00240809afee	4831408	-4303641	41554
676	675	CASTOR III	c08afe9c89183c17	4017840	-4633971	46396
677	676	SCOPEME2	c08adabe70ac01b5	335344	-922622	2777488
678	677	MORTIGO	c08ac79d07478c7a	1477136	-4408490	131597
679	678	TURNER	c08ab0f5a30609c0	3473200	-5482739	44853
680	679	ONE OF MANY	c08aa63f0871d228	714992	-983636	1212556
681	680	LOVE'S LABOURS WON	c08a14b5c33daf9c	-1046064	-1092754	-730116
682	681	GRAN PARSIO	c089fd7519c19675	3579984	-4407492	52709
683	682	NARWIN	c0896609a3d4c151	-148912	-1540144	-3543794
684	683	SERACUS	c08963c8ada1c084	5576048	-4858380	29991
685	684	BLOGENSTEIN	c089508dc2e13658	1039280	-1848638	421636
686	685	BILLINGS	c0894ae2ab9988bc	814992	-888712	1117449
687	686	BYUU	c08944f4513e07a4	3473200	-3882739	59962
688	687	BRIGHT STAR	c08942adfe2cd9fa	777136	-1292367	804838
689	688	TSEUDO-NO-HAMA	c08935652f37d526	2966416	-3144856	86470
690	689	ENIAWD	c0889501c4d001f2	2321776	-4647893	72894
691	690	MARRIN	c08842a50e7dc0b8	-1325712	773546	757027
692	691	URAJ	c088280028b86fce	-322864	1258071	1903070
693	692	GASTAR X	c087e9dad0b4e988	1028560	-435530	1708226
694	693	LISTA 97	c087e6e99bd1a18c	2966416	-4344856	59344
695	694	ASKEW 187	c0872c93f196c3ef	3273200	-3143550	72071
696	695	EARENDIL	c087229d4b30a7f3	-1666416	-405906	-1094497
697	696	ESCAPEE 27	c086d90a11083afb	-846064	-1159573	-745235
698	697	WTEXPLORATION1	c086856985875818	-5951760	575445	210422
699	698	GIALDORA	c08676569870494f	3473200	-4782739	43271
700	699	SNOW WHITES STEPMOM	c08671c2b99256b4	3035344	-4590978	51540
701	700	ELDAR	c0866b334f3e2397	69264	-2130112	4862408
702	701	DUL	c086684eaaa00075	-614992	-934031	-1248279
703	702	STRAHG	c086678a8d790ea8	808208	-1178550	752685
704	703	MOUSER	c0866565f9465cac	-1104272	-324787	-1998239
705	704	ABUNDANCE	c08664aee2a9e9ef	877136	-1075946	759295
706	705	LIFE IN SPACE	c0865d31698dcbdd	1114992	-803939	798372
707	706	DEKA	c08543c352a35b5c	546064	-938156	1328283
708	707	REJECT	c084f7766fa71ad2	-681072	1028816	957521
709	708	GASTAR XIV	c084c94fa509793b	1414992	-919167	511423
710	709	MERIDITH	c084884d802253d9	-1501424	857517	510322
711	710	DONNARED	c083e8526af1deeb	-1639280	1054080	368672
712	711	NU	c08382fc98f1bddd	-414992	-1138211	-1321849
713	712	HONTODA	c08376c61de9fd7e	646064	-836066	1153095
714	713	NIFORAN	c0836aa61fa7c6ef	3542128	-4619626	37971
715	714	LIKEHOME	c0836915afea05c3	3948912	-4453743	35317
716	715	CHAKA	c08350b195b6c52e	1546064	-1448329	276029
717	716	BLUE FURY	c0831a3f21a3078f	1952848	-5085046	61557
718	717	JAYWAZ	c082e9cc84543019	-543216	1292957	861708
719	718	GASTAR XIII	c081fc5e2b44727a	808208	-978550	727736
720	719	LITHU 2	c081f111ca85de23	-2021776	-1635301	-173653
721	720	GASTAR VI	c081dc0d463b3f16	370352	-1841353	838049
722	721	ROMANUS	c081c85d4fd47633	790704	-463543	1552541
723	722	SC 17	c081a896a76da204	-4809968	-48481	-2423211
724	723	BYFI	c081752462a2fad4	-178224	1278064	2452536
725	724	KRAAN	c081684117b14654	-1328560	-339628	-1234512
726	725	MOA	c08132aef6a3583c	-614992	-734031	-1219112
727	726	RABIEN	c080b9c0d28d4f0c	-5009968	-46093	-2317724
728	727	SC 16	c080a0ba40eb3afa	-4403184	-49231	-2454598
729	728	SKRAT	c08098e7e4a3829f	52848	-5109527	1966880
730	729	GAUL	c080927c936b9209	1577136	-4292069	78342
731	730	DAVROS	c08089688853917b	2252848	-4361807	53852
732	731	ZORGOZ	c0808335135a1fb5	283920	-1098668	1693952
733	732	OPAEL	c0807173d6861523	1446064	-819346	444100
734	733	STONEWATCH	c080707b5355ff9e	-935344	-302777	-1857553
735	734	SHINMIEN	c08064efe9444a53	3473200	-5682739	26580
736	735	BYSTAR	c080603ee15d14f8	677136	-808788	956855
737	736	POWERPUFF	c0803aea90533cf6	-1066416	-281721	-1728727
738	737	GLENGOS	c07f7543b9c6ed6d	3948912	-4353743	29276
739	738	ANCIENT ONE	c07f5b0c47168c2f	1370352	-5135410	71290
740	739	LUANI	c07f2ac11821f80d	466416	-435510	2454955
741	740	MR BRIGHT	c07eead5409d3cf4	377136	-935675	1401841
742	741	ALARA	c07ec548209dd08e	2052848	-1439733	166578
743	742	GASTAR XII	c07e1f5fc51f60b3	346064	-942335	1477917
744	743	FILLUP	c07dfa0e732647a5	-550000	1289411	676318
745	744	GASTAR XV	c07de1a436247b39	739280	-909824	710812
746	745	ARDSLEY	c07ddd7a7ccbaa13	-697488	-341882	-2003880
747	746	LOCKSTAR	c07d90d9a48018bb	952848	-422047	1176320
748	747	A SLOW BOAT TO FENIA	c07ce90155049c91	114992	-2253182	1785282
749	748	CORNADA	c07b345cf0fc9884	414992	-668409	1569204
750	749	EVORA	c07b262d875bbdcb	456784	-5761371	165059
751	750	AVIGNON	c07b0fb103124cbd	-1659632	-379441	-687563
752	751	ORPHUS	c07ae1bbe62b307c	594640	-6221744	116255
753	752	SPQR	c07addc3433c7922	-290704	-762293	-1939788
754	753	STERIL I	c07ad14188ce1331	163568	-4239378	618780
755	754	ETHANION	c07a843cdc7fc53b	3135344	-4250969	31832
756	755	BASILL	c079e60000000000	750000	650000	-850000
757	755	BASILL	c079e60000000000	650000	850000	-750000
758	755	BASILL	c079e60000000000	-750000	850000	650000
759	755	BASILL	c079e60000000000	-850000	650000	750000
760	756	AGARASH	c079b6a802cde560	-890704	-333652	-1384376
761	757	FOTIOS' STAR	c0795b42217ba136	752848	-414304	1300716
762	758	FUEL-LESS1	c0784f75b5af74c0	256784	-5520787	274374
763	759	EROH	c07778c0bd011d6a	-153936	1247215	1956063
764	760	TRIDENT	c0774edd65ad82a3	1070352	-1049165	332090
765	761	GARN	c0774bf113c1a548	1352848	-399675	689378
766	762	SYSIPH	c0770769d0ad0aab	-777136	-755009	-627979
767	763	LAKESIDE	c07651bf32cc7aa8	3879984	-4433256	20761
768	764	TAKISH	c076493138b9d234	-1146064	-483499	-643496
769	765	GREENBLUE	c075cb2af03c3129	746064	-433976	1076980
770	766	BLUEFIRE 01	c075829ff58712aa	908208	-654963	578580
771	767	SINGYOOLARITEE	c07573f6c13bda34	-1246064	-1124960	-244867
772	768	FALLA	c075595c8ce8a0a1	-166416	-810980	-2531009
773	769	GROLOM	c07547e4dc710206	663568	-1836709	279372
774	770	WTKARATESTAR	c075441f534fce14	-125712	-6420802	-421543
775	771	VLUPLA	c0752da446b1effe	1239280	-1087133	251512
776	772	WHAD'YAKNOW	c0750e99b73b9670	-28560	-4607999	-2560039
777	773	HOPE IN SPACE	c0750378999b93eb	839280	-679071	589926
778	774	MACK	c075013d0d0cc66c	377136	-635675	1401865
779	775	VIERE	c074fe3961885484	514992	-473485	1377492
780	776	KANE'S STAR 01	c074f316af0f32e0	570352	-676612	868585
781	777	WORM'S FUEL 2	c074ed833b53c3da	-643216	439525	1184412
782	778	CLAMARE	c07492f714e68b33	1077136	-543103	562714
783	779	COOL RESPITE	c0747e917867d5d4	370352	-1141353	775748
784	780	HOLMAN	c07452589071c985	-305360	1036478	1027323
785	781	HIGHWAY 59	c0744b51240bc96b	294640	-2402336	458740
786	782	RIBENA	c072b674d597b0f6	-825712	1090544	332495
787	783	LISTA 5	c072691e93c84451	3512144	22540	-3721022
788	784	ION+ #1	c0723a7aaf6e19e3	2659632	-3947014	27783
789	785	COVALENT BONDING	c072194e8009e735	301424	-1234723	778079
790	786	LAUNCHBOARD	c072111f0474892a	-490704	-329770	-1786374
791	787	GASTAR V	c071fa5e75b5240e	470352	-927341	659476
792	788	SPIRE	c071c03264cc16d0	-963568	989581	297854
793	789	LIGEIA	c07182b7ede6be32	501424	-961296	581245
794	790	DOC	c0717ad2908ea7f6	2677136	115059	-907956
795	791	EKA66 ATROPOS	c07167c6c7300196	1083920	-265528	967600
796	792	GIANT'S TREASURE	c07166a86b7d15cb	908208	-554963	552389
797	793	PYRO-TRIPLITS	c071446341865556	-739280	-693969	-538507
798	794	TRIYON	c07131b228fb10b7	395728	199378	-3486792
799	795	OTIOSE FLAME	c0703ef9c35b2d2a	394640	-1921424	342801
800	796	ANGRY HAROLD	c070026de0261b20	-321776	-456147	-1745175
801	797	LOPENSIS	c06ef7f1fdb6a605	677136	-338980	1079346
802	798	OREH	c06ecbceae370a80	-495728	131550	3777911
803	799	GOLDEN SUN	c06ead55e91ff8d3	-852848	-253347	-1135839
804	800	SENATOR	c06ea7565c77dca2	3542128	-4719626	14669
805	801	SHEVOION	c06e9c7d29f3b168	870352	-878077	320438
806	802	MONTEGMA	c06e726133272ed9	3204272	-4732925	16061
807	803	CAPIS	c06e6532c2e58e8d	374288	938029	-692587
808	804	BLUE STRIKE	c06d411e6f5c1f28	83920	-1474185	1891748
809	805	FOS	c06cbc891fadf3af	739280	-409824	758782
810	806	SC 03	c06b7370f6d3f05a	-2638192	-35665	-2333988
811	807	FRUMPLING PLUS	c06b2bc7fa61a79e	363568	-1522957	392575
812	808	LUCI	c06ad5338950fb10	501424	-661296	647374
813	809	SECRECY	c06a8d425ac00218	-301424	-969034	-727222
814	810	MOTHER	c06a12f191428a74	246064	-544425	1557082
815	811	GOG	c069175edf8a32bb	163568	-1839378	667181
816	812	FOOFOO	c068de70ad679bee	-1660720	38546	3107928
817	813	GASTAR VII	c068d07f1406db8f	870352	-393929	579004
818	814	OCTANE1	c0684ca39104a77e	-1436432	60324	2243416
819	815	SHELL 2	c068240000000000	150000	5150000	-250000
820	815	SHELL 2	c068240000000000	-250000	5150000	150000
821	816	FUEL STATION ALPHA	c06821473b56e7d4	377136	-426980	1198786
822	817	REFUEL +1 D	c0681441e6e8c2ef	-701424	-893517	-307360
823	818	SENSIHA	c067cd14a89ce6d4	746064	-233976	1090786
824	819	DSDGSD	c0675aba1e3a81bf	-421776	-275554	-1607571
825	820	GEMINI PRIMUS	c066e7aca6b3d18c	239280	-632515	1210717
826	821	ALIBI	c06653a965a0dd74	2550000	29419	-2380940
827	822	TEVICLAW	c0664af7a5aa0933	294640	-1402336	431630
828	823	SCRAT	c065d1264b3ed545	-370352	-661330	-712610
829	824	ULV 1	c065597e4daa0467	401424	-613546	693472
830	825	SC 11	c06553d29256357e	-3138192	-28002	-1941601
831	826	ONETT	c0651e1cd13f2bcc	-232496	-1005408	-722732
832	827	RUN AWAY	c064b211e65c8536	-470352	-640152	-549872
833	828	PLANET DRAGGER	c0647092daac1a49	370352	-421376	1047806
834	829	JOLTY	c064552a91dfb262	177136	-554186	1656999
835	830	EKA65 JACKPOT	c063ddafd4272dd2	808208	-278550	705949
836	831	IKAR	c063b206905a7c77	-746064	-220521	-957699
837	832	PULSIEUS	c063629d0a57d06a	401424	-513546	752277
838	833	SOLSTAR	c0631654532d4ea7	1914992	-3544545	22496
839	833	SOLSTAR	c0631654532d4ea7	-5144976	-179020	-165786
840	834	ELHOR	c062f9cba3b26a9f	263568	-740889	777398
841	835	CHARLANTI ALFA	c062e6391413fabf	456784	-4261371	77674
842	836	SOTELYA	c062e35af508a7b3	1659632	-114730	793578
843	837	RENNT	c062cd144620bbf2	-98576	1287350	1185237
844	838	LABOLIA	c062c41fabe1ecd6	-42128	-1038351	-3432015
845	839	GODSPEED	c062bf10f011258c	659632	-127249	1786696
846	840	CHARLANTI MAIOR	c062bdbabd626766	156784	-4245538	225243
847	841	CONUKO	c062bd8b3d5f69f1	263568	-840889	676453
848	842	EFINNIOFULIS	c062bc43c1c3c06a	525712	-4977223	57282
849	843	DAWN2978	c062ab288f5de539	187856	-6215683	127905
850	844	GANAVE	c062a684d8c61601	-770352	-614475	-315200
851	845	RUTAN	c062a3cfa01cbbaa	918928	261658	-620180
852	846	DOMINORAL	c06299ea847b68a6	-643216	221620	1043917
853	847	FELISIAN SEARCH	c062937d0f05385b	-1208208	-556423	-221054
854	848	AMSCRAY	c0628d7bd1a82323	-1205360	63627	1935255
855	849	FGHAA	c06287ab12b5b36d	-232496	-1422981	-448074
856	850	KESALA 1	c06286710699318b	363568	-605380	673346
857	851	SC 10	c062772628876590	-3176048	-22017	-2112536
858	852	MANAMANAH	c06276c3f8d98ca0	-2028560	-193012	-377261
859	853	CHAOTICA	c0626ba30ab3f16b	670352	-437173	502845
860	854	DRESSED UP NO PLACE	c06244d66abd6f29	-932496	568957	275471
861	855	OVOID	c062420150cd1f9d	294640	-1102336	449711
862	856	PERDINE	c0623a36315e2bee	566416	-112242	2293631
863	857	TAGUH	c062268f49cac2f8	-701424	-593517	-348793
864	858	MATRON	c06221f0a18278f6	-670352	-535653	-403983
865	859	RONCEVALLES	c0618580ff4c19ce	-1346064	-264988	-392979
866	860	DECANTER	c0612b64bd002a64	1777136	-3537169	21851
867	860	DECANTER	c0612b64bd002a64	601424	-440118	518917
868	861	MICHELLE	c06104c0e79883f6	732496	-621830	298907
869	862	PLETH	c0607ce5055c3027	-53936	1249305	1957525
870	863	SUPER	c0601cb9669afefd	2018928	35086	-1819660
871	864	GAIA	c05f609e02a66858	570352	-276612	795542
872	864	GAIA	c05f609e02a66858	-1146064	-341382	-320795
873	865	PIIK	c05f416efac3653b	1508208	-1344514	61654
874	866	YIRA	c05ebf32998b01a6	-3000336	-23767	-1724712
875	867	YRIDITH	c05e8328023fc8e9	1008208	-231376	523199
876	868	CHUCK	c05e780000000000	650000	250000	-750000
877	868	CHUCK	c05e780000000000	150000	3250000	-250000
878	868	CHUCK	c05e780000000000	-250000	3250000	150000
879	868	CHUCK	c05e780000000000	-750000	250000	650000
880	869	RHEDD	c05e6ec3b3bd80d9	-294640	-1234247	-334739
881	870	MIRACULA	c05e44dc15093a81	456784	-1761371	150486
882	871	MARIE EVE	c05c3f4566b2829b	1239280	-487133	187162
883	872	EREBOR	c05b9cdc1d8b9197	-439280	-382294	-657704
884	873	DRACUL	c05a7a771999ba17	-901424	-1005759	-116823
885	874	AALIYAH	c05a15ea7db6a8e3	650000	334495	-479908
886	875	JJ	c059e494b3c5fdf6	832496	-593487	209627
887	876	A-SO-IS	c05970e53342430d	4493552	-4447500	5092
888	877	JELIM	c05952a8e327238f	-718928	220160	639955
889	878	SKT 2	c05922e6dffe7a92	970352	-432993	239305
890	879	SCOPME	c058fa5d225f4976	52848	-832565	2270757
891	880	SF 02	c058f26e85de9221	-2431408	-18156	-2260478
892	881	REFUEL +1 C	c058e9b6274d965c	-432496	-837632	-275074
893	882	REST STOP-E	c058e62b9b979762	432496	-369004	624066
894	883	GREY SHIFTER	c058c3900f0ab7db	232496	-556762	765234
895	884	COROSIA	c05783ad8410bf74	-94640	-1879331	-528829
896	885	COME HERE NEXT	c056ae36de2ecfac	521776	-95961	1811900
897	886	3 BROTHERS	c0567cfa7f220814	-777136	-155009	-746725
898	887	EKA63 ASTOUNDING	c05677abec788022	670352	-237173	565257
899	888	S08MS NOVA	c05671f312adceee	467504	154008	-1246962
900	889	TRIPLEX	c0565fe9b2e998a6	-598576	88246	1694346
901	890	SABURE	c05600a82fd1a53d	1077136	-143103	570971
902	891	NEW AVALON	c0560079efce4c08	446064	-140246	1406798
903	892	TWIN TWEEN	c055dcefbd91a27f	277136	-243401	1296448
904	893	EKA62 ANNOYANCE	c055c60739ebcdd7	1139280	-217885	350858
905	894	EKA45 HALLUCINATION	c055a80000000000	450000	350000	-550000
906	894	EKA45 HALLUCINATION	c055a80000000000	350000	550000	-450000
907	894	EKA45 HALLUCINATION	c055a80000000000	-450000	550000	350000
908	894	EKA45 HALLUCINATION	c055a80000000000	-550000	350000	450000
909	895	HYPOR	c0557ab7072ea49e	494640	-971584	178777
910	896	REDIPLE	c0553edc62d81005	-332496	-438827	-582436
911	897	BILLESTA	c0553b0c6e4e2604	501424	-261296	648165
912	898	DANCERS	c0551fddbe046315	-532496	-436737	-363337
913	899	KIDITH	c054eb09acc38c2b	1694640	50788	-972174
914	900	MOORLIA	c054ab59d445b5d3	1514992	-124242	439246
915	901	SKERRKA	c0549ba098ba22c8	-363568	-871605	-260129
916	902	POLON	c0548afa64f2894f	1263568	269560	-241250
917	903	EKA67 TOO MUCH CORAL	c05478a694593b7f	270352	-259295	1168104
918	904	ABI	c05437b872e7cb5e	470352	-227341	756293
919	905	CORAL II	c053f81f849158be	-539280	-237210	-624416
920	906	BENJAMIN	c053f3346565935a	508208	-149311	1051647
921	907	KO-ALPHA	c05377e0881b7739	52848	-709527	2076777
922	908	WISHPERER	c0531da664a126ad	-729648	55940	1873342
923	909	FORTAHN	c05319fa5277f8b4	443216	260721	-661204
924	910	JROT	c052df3a07ecb03b	70352	-945533	1134813
925	911	NEMO	c052d2b2c8e0bf85	425712	-634229	278861
926	912	EMILIE	c0529da076fc6398	532496	-240661	581056
927	913	GARBLE	c0526eb0df6a4817	856784	184895	-465420
928	914	VAIBOA	c0525a3e5fe286e4	714992	-83636	1227612
929	915	URCHIN	c05207a3f63d0614	763568	-401200	235420
930	916	LUZEIRO	c051e72f219e120f	577136	-125210	990992
931	917	BIBALEEBU	c051db5a89b16f4f	670352	-138694	768253
932	918	FRUNKLE	c05188861831832a	456784	-1061371	144659
933	919	ERRANTE	c0514357fe715609	-470352	-240152	-611320
934	920	VOULU	c0510798b12319f2	-225712	-1125558	-268129
935	921	RUNNER 3	c050ee16a1cc259b	-701424	-393517	-245343
936	922	CHANDLER	c050e41c9896f557	770352	-131847	665208
937	923	OZKO	c0506b679ed5060b	108208	-412587	1471114
938	924	DARK JUNCTION	c05031c14b88a740	425712	-934229	162875
939	925	GLQX	c050218c082fbc76	563568	-437608	261632
940	926	HALBWOLFS QUASAR	c04ff166e473a74a	408208	-141826	1103489
941	927	EKA64 ANOTHER ODDITY	c04fce3075ce894a	463568	-238799	574626
942	928	TELAR	c04f82240c5b5705	225712	-679313	410990
943	929	MANI PULSAR	c04f5b6a0fe79081	614992	-78560	1298060
944	930	BLINKER	c04e99a272c84c2f	174288	555611	-631997
945	931	NAPHTHA	c04e8dd9c8ddc473	2052848	-4204453	7080
946	932	TOWER 38	c04e748c4cdb4a2b	-339280	-227378	-789561
947	933	GROGSTAR	c04e17e03ae08824	-232496	-405408	-638545
948	934	LESSER	c04d6c197b91f42b	263568	-396703	562792
949	935	DARK PULSAR	c04d5365feee12b3	-656784	186397	479091
950	936	BITOFDES	c04d29aa94dbbf64	1401424	184662	-225378
951	937	CHILD BEARER	c04d284a4007060b	-463568	-621765	-202320
952	938	DEATH	c04d25eb9dd367db	2077136	58965	-475972
953	939	EKA61 CANCER	c04d20b77b0a108b	801424	-235619	308507
954	940	IMMORTAL	c04d13cd9570adfb	236432	267209	-920508
955	941	ASCS 00033	c04d0a667b7d124c	170352	-331521	1028437
956	942	BALOMETROF	c04ceb9dff0c8a66	1708208	171588	-197336
957	943	BETA I	c04cc701c1e982cb	-939280	-319018	-192075
958	944	PLIGHT	c04cc1a47526c229	-32496	-1907498	-927835
959	945	TALNAL	c04cad773f1948d9	594640	-1021744	94401
960	946	NEW ZEALAND	c04c942a0fcea0df	194640	-652177	450273
961	947	MOJAVE	c04c87771d68a42d	301424	-234723	806465
962	948	THE INVISIBLE STAR	c04c38e7d4eb813f	-139280	-386474	-1048608
963	949	THIN BIRD	c04c247bca90f32d	101424	-539223	1029162
964	950	AXEGREEN	c04c0bbbf9c5dec5	-539280	-138733	-749729
965	951	YILLIA	c04c04fb026accfc	-101424	-656793	-841241
966	952	BEAUTY AND THE BEAST	c04bc57532cbd6eb	-1170352	263451	180140
967	953	FAILED HOPE	c04bb0e4006301ca	1101424	-941014	53434
968	954	LEOPOLD	c04b80dcf81b3242	-29648	1258023	1474796
969	955	GLADYS	c04b77baf34afa69	-601424	-221860	-411711
970	956	STILLNESS IN SPACE	c04b520b59c668c6	525712	-577223	180064
971	957	AYTHERIA	c04b210602158167	-239280	-241390	-939373
972	958	GROGGY	c04b20cac26e8429	563568	-203290	473573
973	959	CARNEROS	c04abf111c756d7d	732496	-221830	329207
974	960	OMIC	c04aad633ff74be9	-701424	-293517	-259154
975	961	MERLINIA	c04a9ceb9b63afb9	-1683920	-239528	-131961
976	962	GORDON	c04a7df5127f4480	163568	-539378	600556
977	963	BERRIGAN 1-1	c04a7b03788e6cbd	-332496	-480307	-331628
978	964	BURKHEART	c04a75c7916b157d	70352	-645533	1165269
979	965	SOPHEA	c04a41bebd6a68bc	294640	-502336	354802
980	966	GLISTER	c04a390fc1aa9505	-939280	-149204	-374227
981	967	GANK	c04a2d2e2ad23a8a	1714992	-134394	227143
982	968	MARVAIL	c04a0cd09141e13f	-232496	-305408	-733741
983	969	VELORUM	c04a017742d0bef5	-439280	-182294	-649509
984	970	SOLARIS PRIME	c049ed6bd2f17ecd	-770352	-214475	-313851
985	970	SOLARIS PRIME	c049ed6bd2f17ecd	-39280	-997253	-1323770
986	971	BUNNY WARREN	c049e3ac793a2c16	-463568	-721765	-154754
987	972	ALPHA I	c049c5c79a75b283	-432496	-537632	-221677
988	973	CAZ	c049b4c575db2a6b	-670352	-235653	-325455
989	974	CANADA	c0497e22a14642cf	894640	358849	-158813
990	975	KERAMINE	c048f3c640004588	-36432	1290440	1061497
991	976	LOVER'S ETERNAL	c048cbf6b530b0b9	194640	-452177	563487
992	977	LUMINANCE	c0482d5d680f2403	-425712	-797215	-142477
993	978	SKYGEM	c047fa0971b4aa5c	294640	-402336	404519
994	979	TRAVISMAXIMISPRIMO1	c04724b8a95d0865	-532496	-236737	-367177
995	980	CARAGOND	c04702f9b7fc9013	-332496	-238827	-579572
996	981	TEALSTAR	c045ea98cf56ce00	394640	-321424	345557
997	982	CONTIOR	c045b71e5aa8cea6	139280	-232195	1342933
998	983	WHEN	c04506e730093a03	312144	257153	-523914
999	984	SCRATCHY	c044385711e9c4b0	-432496	-203318	-459891
1000	985	LOS	c043d570997b40ac	339280	-101762	1148923
1001	986	GREDATIOUS	c041cd4fe7183150	2359632	-43452	347252
1002	987	WORM	c040b9a6d88d384e	201424	-186973	888201
1003	988	CADINALIA	c04032aad6a161ca	994640	139762	-233042
1004	989	ALEIA	c03f57b26e95cce3	570352	-82257	668065
1005	990	BRAILLARLYA	c03ec4093c8d8792	-432496	-237632	-299351
1006	991	PHORIA	c03e6c6501c5dba5	-439280	-76652	-903531
1007	992	ARNALIA	c03e281b8607c13a	439280	-71009	966782
1008	993	PRONGO	c03e0de8b8945a2b	732496	-121830	336781
1009	994	KRY	c03db632c5f60ea2	-332496	-138827	-643676
1010	995	REDFIRE 1	c03c6c08528db438	356784	-425543	187200
1011	996	RED EYE	c03bf1ffd76d232d	232496	-156762	766748
1012	997	CRIMSON GLOW WORM	c03b26a2cef8df54	325712	-222307	374971
1013	998	MELKOR	c03b254deba17868	1156784	29979	-782766
1014	999	RADIANCE	c03adfe97304e65c	-532496	-136737	-369097
1015	1000	JOJOS	c03abf9895a0fc98	-132496	-240917	-837969
1016	1001	REKINI	c03a75562c22d304	164656	54848	-2929708
1017	1002	ANGEL	c039fb85ea36ed94	363568	-105380	678168
1018	1003	DIAMANTPRINSEN	c0391a33b66f6f98	-232496	-222981	-484207
1019	1004	ORETA	c038c742c636e5ae	225712	-279313	393031
1020	1005	AMENTI	c038c2046329acb1	-770352	-114475	-280746
1021	1006	YAKULANTERN	c03895ac3c60a5d5	-250000	267914	367053
1022	1007	SOMMENDLING	c0387b65e207e165	94640	-433089	597304
1023	1008	WORMULON-3	c0381ca986b4b214	-601424	-121860	-328996
1024	1009	WORMULON 2	c037f7cd6a69ac82	-570352	-87902	-478068
1025	1010	EKA47 LONELY GIANT	c037a00000000000	350000	150000	-450000
1026	1010	EKA47 LONELY GIANT	c037a00000000000	50000	3150000	-150000
1027	1010	EKA47 LONELY GIANT	c037a00000000000	-150000	3150000	50000
1028	1010	EKA47 LONELY GIANT	c037a00000000000	-450000	150000	350000
1029	1011	ROBBY	c036b9c06170b076	-263568	-221446	-389363
1030	1012	LONE GRAIN OF SAND	c0361553d264d983	160720	109347	-1256572
1031	1013	PSELEMEME	c035e42bfa4916c9	-363568	-271605	-221691
1032	1014	MELVIN	c035cb75861adcf8	-625712	113546	306765
1033	1015	BURGER	c03501a704cd4d21	-763568	158828	173212
1034	1016	PLETHORA	c034b52dee359ade	481072	75076	-573352
1035	1017	DISTO	c0349aeb1377ff23	363568	-122957	460932
1036	1018	ROJOSOL	c03356e56801b8b8	-325712	-361387	-164300
1037	1019	GALACOR	c03355a1841e303c	618928	73580	-424554
1038	1020	AISHE	c032df27e6bf085e	-201424	-128450	-729400
1039	1021	FETITA	c031e48860b746e4	-525712	-733043	-46430
1040	1022	MR-BEAR	c031de981cee8d91	-194640	-222325	-412945
1041	1023	RICHEY	c02fd02c2645c48d	-663568	508988	47096
1042	1024	DARKFIRE	c02eddd61a30c5e7	556784	-397200	69785
1043	1025	BROWN GAS	c02e39abb3b21aeb	-394640	-277241	-138128
1044	1026	KALANTA	c02df67515f20b46	39280	-262948	1450474
1045	1027	FUEL FOUR	c02c6c858a379493	-732496	-134647	-144096
1046	1028	CAMLANN	c02b32b9e2f96097	163568	-107470	773613
1047	1029	ORWELL	c02a16cbb85a390a	601424	-40118	540640
1048	1030	LIT 3	c028403062c79ae2	-470352	-40152	-642044
1049	1031	SIJIE	c02800c3ce79adb3	425712	-134229	210026
1050	1032	GREGO	c027b1cd2a58c6b7	-305360	36478	1063592
1051	1033	EKA44 CORPSE	c026ad3d61cdbe96	-263568	-121446	-354221
1052	1034	GAMLADRIFAL	c025c8afca47dfe4	56784	-747947	256454
1053	1035	FUEL 34	c0256748415acd6c	-539280	-37210	-533310
1054	1036	JETME	c024d1b6a1818e0e	-43216	355626	677323
1055	1037	LITHFUEL 2	c024c847be737b77	-1477136	-220973	-31835
1056	1038	MARIYANA	c024c4bcb7784068	-194640	-122325	-436142
1057	1039	FUEL 28	c024a389878cc087	650000	34495	-460241
1058	1040	FUEL EIGHTEEN	c024187092e81be0	-463568	-121765	-178005
1059	1041	MILES	c024041af87eac20	256784	-120787	322671
1060	1042	FUEL FOURTEEN	c023cfc7511c3b97	-332496	-80307	-370980
1061	1043	FUEL 30	c0239da51c5149f3	-618928	27326	579909
1062	1044	FUEL THREE	c02365cc2cf33d3b	-63568	-252198	-604977
1063	1045	4SARAH, 4MICROSOFT	c0235e783aae6cc4	56784	-447947	380737
1064	1046	FUEL 33	c02351d22eca35e7	-670352	-35653	-404175
1065	1047	FUEL TEN	c0234bfb4a6b1a20	287856	-437180	76669
1066	1048	ITHILIEN	c0230aa492d81a9a	550000	41660	-415519
1067	1049	B EXPRESS PRIME	c0230a39328cd64e	250000	263157	-144704
1068	1050	SF 01	c022b3d06e9275e3	-401424	-40691	-572487
1069	1051	GASTAR IV	c022a3dc34cf4186	-125712	-220802	-335767
1070	1052	LITHULE I	c022a11d7e31cc27	-174288	61591	867727
1071	1053	FUEL EIGHT	c02274b57daabaa5	-563568	-240853	-67984
1072	1054	GASTAR II	c02251c7eaf81e71	63568	-213125	676098
1073	1055	FUEL 23	c02243011e0522d1	463568	-38799	507666
1074	1056	FONTE	c022429c084186ff	-294640	-134247	-230823
1075	1057	BAROLL	c021d54efb867107	-287856	302237	102489
1076	1058	TELPERION	c021b517ce457514	374288	27268	-867492
1077	1059	SHELL II	c021a88f15c91f53	-136432	54931	1178117
1078	1060	FUEL ONE	c02181439bc372e5	-494640	-120235	-147167
1079	1061	TECHRON	c021760bf8d6bb63	456784	-161371	118442
1080	1062	FUEL TWENTY	c0215f3cb8ae61f2	-150000	160748	360233
1081	1063	FUEL SIXTEEN	c020e96b10d6dec0	-632496	-121211	-110296
1082	1064	FUEL FIVE	c020c4d08cdb7f7a	-394640	-177241	-119869
1083	1065	NEBULA	c0209a32f43f4789	-94640	-179331	-489113
1084	1066	LISTA 17	c020875a4348d3c4	-1336432	2999	2061987
1085	1067	DEAD MARTYR	c0202b09ae3764ae	25712	-524397	599561
1086	1068	EKA48 REPLENISHER	c01f800000000000	350000	50000	-450000
1087	1068	EKA48 REPLENISHER	c01f800000000000	50000	1050000	-150000
1088	1068	EKA48 REPLENISHER	c01f800000000000	-50000	-3150000	-50000
1089	1068	EKA48 REPLENISHER	c01f800000000000	-150000	1050000	50000
1090	1068	EKA48 REPLENISHER	c01f800000000000	-450000	50000	350000
1091	1069	LIT 4	c01f6b4357be9e8f	143216	127301	-430833
1092	1070	GREYFIRE 3	c01f0c6ed3ede115	-225712	-125558	-273894
1093	1071	FUELS 'N HORSES	c01efe75ff732f80	-325712	-161387	-147406
1094	1072	FUEL ELEVEN	c01efb0410eddbcb	-112144	148808	464116
1095	1073	REMEDY	c01ed9b9735320ed	-363568	-71605	-296260
1096	1074	FUEL 22	c01e2f73a909ddb1	625712	-220217	54766
1097	1075	ALBINONI	c01e2270fbd3b9c4	456784	-261371	63101
1098	1076	LISTA 2	c01e123f82771e26	263568	-40889	697578
1099	1077	BELONGA	c01e12241988a0fe	-532496	-63885	-220989
1100	1078	FUEL 37	c01dc7de880087b1	-332496	-38827	-576707
1101	1079	MENDOZA STAR	c01d10f04070db5b	56784	-249130	513660
1102	1080	SALVA	c01d0e841dc14e1c	-132496	-96728	-566802
1103	1081	FUEL 32	c01d0828a09e5249	-532496	-36737	-371018
1104	1082	FUEL SEVENTEEN	c01d02e1b247d8b1	-563568	-140853	-91368
1105	1083	GASTAR IX	c01ce9c1fd8fae07	2052848	95547	-36852
1106	1084	FREEP	c01cca82fd8763cd	-163568	-102358	-429910
1107	1085	FUEL 35	c01cb447254721ec	-639280	-23198	-483887
1108	1086	GREYFIRE 2	c01c5eed8d13a75c	-394640	-77241	-232682
1109	1087	ALISON MOORE	c01b7d097b06c241	187856	-215683	169609
1110	1088	BALASTRACKON HIGHWAY	c01b4bc919ee42a8	-81072	273900	307310
1111	1089	FUEL 38	c01b3e107429fd3a	-339280	-27378	-733206
1112	1090	LONENLUS	c01b2a0c2c64d48f	118928	-354763	160959
1113	1091	KIPLING	c01b20ed8b26a513	-25712	-484974	-543893
1114	1092	EKA54 OLD GREY	c01b130fc5a36b5d	-250000	67914	398658
1115	1093	FUEL 25	c01a7a746310ba2c	663568	-36709	271752
1116	1094	LISTA 36	c01a0a7f1660adea	74288	150855	-580924
1117	1095	EKA58 WEAK LIGHT	c01a05d8f9f08b32	450000	48826	-296095
1118	1096	LITHIANA	c019f669e53ddcae	-125712	-120802	-427402
1119	1097	GREYFIRE 4	c019a897624fb263	756784	62216	-136238
1120	1098	MASS LI	c019a1be23704b6f	694640	-140831	65503
1121	1099	GRAY PROLETARIAT	c019983c43c6139b	25712	-424397	586383
1122	1100	DEPOT	c019891356bc059b	156784	-84958	479267
1123	1101	LONELY S06	c0195165b502dca9	-525712	-533043	-22587
1124	1102	FUEL SEVEN	c019206d08c9fdb9	-63568	-152198	-649273
1125	1103	FUEL 31	c018f86bb45c9c0e	-732496	-34647	-245977
1126	1104	HEAVENLY DONUT	c018e55a450963be	725712	267861	-32018
1127	1105	SKT 3	c018cd5fb38c0c7d	2950000	756	-2780271
1128	1106	MOLLY PITCHER	c018677e70058d16	1032496	-4205728	1405
1129	1107	REVENGE OF THE LITH	c018007b392580ac	-494640	-220235	-55082
1130	1108	LISTA 88	c0172f62e2208e7d	-70352	-87006	-946942
1131	1109	UCKLIMAROOS	c017016055ce1b6e	56784	-347947	291092
1132	1110	TEXACO	c016e07b78e1f1cf	494640	-71584	161522
1133	1111	FUEL 27	c016e01aa0023138	587856	29401	-330884
1134	1112	VIRA	c01598d431d43d23	-1424	-3916208	-968183
1135	1113	FSS 0003	c015708c681e6975	194640	-52177	527772
1136	1114	GASTAR III	c0150d722c4c28f0	356784	-202863	72717
1137	1115	SUNOCO	c0150ae329757612	-243216	38041	568583
1138	1116	EKA49 SISTER	c014d36348ebf913	-418928	41657	298341
1139	1117	LITHIUM HERE 2	c014a840ab839577	-25712	-384974	-521729
1140	1118	DAIKUMAROOS	c0143a588a6b6c5f	287856	-737180	23831
1141	1119	GAS STATION.3	c013d830417461d4	-601424	-21860	-377354
1142	1120	FUEL STATION	c013cb0678346bc6	32496	-144521	1053640
1143	1121	FUEL 36	c01385f066a15822	-608208	-9866	-813388
1144	1122	COOL	c0137ca8bbedf804	456784	-61371	173784
1145	1123	REMEMBERANCE	c01372eb17b2f17c	150000	-429677	75440
1146	1124	B EXPRESS 1	c0131fcbf2dccf72	25712	-324397	573206
1147	1125	LIT 2	c012858b359062f9	74288	152041	-409959
1148	1126	FUEL 29	c011f6d1015dce9d	-132496	-40917	-828399
1149	1127	FUEL NINE	c011b9c90fe9fdd0	118928	-454763	81936
1150	1128	EKA50 FATHER	c011800000000000	250000	50000	-350000
1151	1128	EKA50 FATHER	c011800000000000	-50000	-1750000	-50000
1152	1128	EKA50 FATHER	c011800000000000	-350000	50000	250000
1153	1129	FUEL 39	c011475397b775ea	-201424	-28450	-753799
1154	1130	FUEL 26	c0112e874fb0afc1	563568	-37608	202666
1155	1131	FUEL 40	c0112bc9c83adac5	-432496	-37632	-263753
1156	1132	SHELL	c0105ae1baa94181	-325712	-61387	-204494
1157	1133	LISTA 32	c01002074aef4dad	-94640	-79331	-533037
1158	1134	DAGON	c00fb5bf1424f245	87856	-294186	153360
1159	1135	FUEL TWELVE	c00f2efb1296158f	163568	-39378	605178
1160	1136	EKA51 MOTHER	c00ebb9b35415b12	-318928	48823	246715
1161	1137	CPN 17	c00dfb7fe4f517f2	-1032496	11632	312057
1162	1138	GASTAR XI	c00df67969115557	50000	-422511	177290
1163	1139	TENNENTS SUPER	c00d4897c3956076	-25712	-284974	-499566
1164	1140	LUTHIEN	c00cfd8df8e3ef9b	425712	-34229	248688
1165	1141	LISTA 4	c00c7f7008a019b7	1656784	1904	-1129246
1166	1142	LITHFUL ALPHA	c00a7b30c13fe222	-43216	180715	423847
1167	1143	FUEL SIX	c00a65f015f9de24	118928	-254763	108909
1168	1144	FUEL TWO	c00a52eafc4e4e30	-125712	-174213	-150246
1169	1145	LISTA 16	c00a1a1e60eac6c6	363568	-22957	390916
1170	1146	FUEL NINETEEN	c009942c7f91d020	-725712	26372	167064
1171	1147	MARTYR	c0097bf608d3e968	-1377136	-44560	-51911
1172	1148	FUEL 21	c0093b219a602daf	-32496	-139402	-696218
1173	1149	FUEL FIFTEEN	c00921e2a11b7ebe	56784	-147947	373948
1174	1150	OASIS	c008b2deb08c4381	-594640	-332157	-15631
1175	1151	BLUEPOINT	c007682a50b67bd3	350000	55992	-149300
1176	1152	ORIAHSLA	c00726cffa2fef35	187856	-115683	133167
1177	1153	CODBLU	c004f4508de47df0	-232496	-22981	-490230
1178	1154	STROOMF	c004e121319f0298	825712	24867	-127109
1179	1155	EKA53 BLUE HERMIT	c004a328eaf5994f	394640	-21424	305114
1180	1156	ATCHOUM	c004755255ca7334	125712	-36319	560104
1181	1157	VINODIAMOND	c003eea9cf7beaff	456784	168474	-32376
1182	1158	EKA68 EMPTY BLUE	c003dfa893389a5d	325712	-22307	341911
1183	1159	LONLINESS	c003b2d57299c2b8	150000	-229677	71472
1184	1160	DVERNARQ	c00352caacaf5fde	387856	72395	-86023
1185	1161	BLUE J	c003000000000000	-50000	-950000	-50000
1186	1162	UNHAPPY MEDIUM	c002d50e565ec7ee	-294640	-34247	-233291
1187	1163	WAYBEACON	c00289d3cdcffebf	-225712	-102875	-99797
1188	1164	PESHT	bffffcb6569187e5	256784	-20787	374538
1189	1165	VIELETA	bffe000000000000	150000	50000	-250000
1190	1165	VIELETA	bffe000000000000	50000	250000	-150000
1191	1165	VIELETA	bffe000000000000	-50000	-750000	-50000
1192	1165	VIELETA	bffe000000000000	-150000	250000	50000
1193	1165	VIELETA	bffe000000000000	-250000	50000	150000
1194	1166	DWARNIA	bffde07d5ffcaa16	160720	9347	-1243007
1195	1167	EKA41 SERENADER	bffd65f722a0a2f5	356784	-25543	201616
1196	1168	EKA72 SLOPPY KILLER	bffcdb84714e0aee	-263568	-21446	-319080
1197	1169	EKA57	bffc2217ce728067	143216	27301	-449706
1198	1170	VALIETA	bff94393c1172131	87856	-94186	190820
1199	1171	CONCUBINE	bff90b30e5587772	112144	59562	-234333
1200	1172	TANITH	bff8fec08d700f30	-156784	-437190	-22791
1201	1173	BLUEFIRE 3	bff8abf84df2d7df	274288	9366	-600232
1202	1174	OREGOTH	bff89dd30b673180	-125712	-74213	-164911
1203	1175	VARG	bff8797137f8c73a	56784	-49130	548301
1204	1176	DRODARIN	bff7214381adecfc	16080	46760	-1922622
1205	1177	ASCS 12	bff6e9fd16694d30	-225712	-25558	-248256
1206	1178	EKA70 BLUE FLAME	bff6d2a4d415345a	-194640	-22325	-328266
1207	1179	UNAVENHORON	bff52bea77fce2d0	-325712	-131538	-30885
1208	1180	BUMMER	bff4a1128b2e0841	156784	-45538	180587
1209	1181	OL	bff3e2e9341cce53	250000	63157	-78718
1210	1182	FARYSCHE	bff34dd943901e15	-187856	-183432	-35013
1211	1183	DAI SIJIE	bff2f628f4d9fcee	256784	-74201	62198
1212	1184	NARGIL	bff1c764f9c95fc6	-56784	-115693	-169142
1213	1185	KALASTROMAS	bff0c37ed56add98	-25712	-145550	-279963
1214	1186	FALAFEL	bff0be932f1fbc6e	118928	-154763	56859
1215	1187	BLUE SHIFT	bff03b9b09117d4a	-125712	-20802	-387965
1216	1188	SCIMITAR	bff03aea2e599691	43216	105804	-221848
1217	1189	NONPLUS	bfefd40177f7e617	-25712	-84974	-455239
1218	1190	NIDFORSPID	bfeeda89bb8ae6d9	-325712	-231538	-12785
1219	1191	YARVON	bfee5cd75be6836e	-663568	208988	6842
1220	1192	NITRIS	bfedd1c9bc1f7da0	-187856	-483432	-10261
1221	1193	FELTHIA	bfecce3ab3517d77	356784	-102863	24528
1222	1194	DORISIA	bfec51c0d03d7cda	118928	-54763	135882
1223	1195	HIGHSON	bfec3aa7056f064d	-32496	-39402	-688968
1224	1196	ASCS 00030	bfec000000000000	-50000	-350000	-50000
1225	1197	HEADSHOT	bfebd09b48595131	563568	-3290	468797
1226	1198	LAN STAR GALAXIA	bfe93106b346f52a	-232496	-5408	-626112
1227	1199	SOVERYALONE	bfe8c503f063a255	56784	-47947	284303
1228	1200	FREYA	bfe7e985d7016458	81072	77486	-118953
1229	1201	SPLIT	bfe6b8242a208bf5	594640	-21744	54910
1230	1202	UNNEED	bfe5fbc51d8f39cc	318928	16574	-129965
1231	1203	STAR P12 M16	bfe526e9c2f6d39b	-187856	316568	11115
1232	1204	ARRAG'S HORN	bfe4621ecf43b79f	63568	-13125	763460
1233	1205	OLENARA	bfe310828a7f44d6	-18928	-229680	-137040
1234	1206	ASCS 00025	bfe2b52d61d37dc3	50000	-122511	95439
1235	1207	BRAXOS	bfe29df7591c37f8	18928	-140432	218872
1236	1208	YGLOLIA	bfe276052df1b270	-87856	-69100	-95029
1237	1209	FELID	bfe01a1f87e098ea	-325712	-31538	-48985
1238	1210	SHTAMAN	bfdfbf76246f65df	-156784	-37190	-85076
1239	1211	ANOTHER BUMMER	bfdfb399cdb20e09	-525712	-33043	-28515
1240	1212	DARRIGO	bfdf02b19e6f8c37	-118928	-236846	-17202
1241	1213	TALKARAS	bfdd76768e660618	763568	-121186	4975
1242	1214	CASIRIMI	bfdd40548c7c9113	8208	-36174	1539328
1243	1215	MEYNRENTS	bfdcc66a0ef33244	-118928	63154	59862
1244	1216	RIVER	bfdb2d747f4524c8	218928	-69094	28073
1245	1217	SOLLSETRENS	bfdaaffdc57bef2a	25712	-24397	664745
1246	1218	ST-T63363T0	bfd972e85af9bb2e	-25712	-45550	-339519
1247	1219	VOLMA	bfd8000000000000	50000	50000	-150000
1248	1219	VOLMA	bfd8000000000000	-50000	-150000	-50000
1249	1219	VOLMA	bfd8000000000000	-150000	50000	50000
1250	1220	RIBELLA 75	bfd4d8aad94ea2ac	218928	30906	-48140
1251	1221	EKA71	bfd4ce37f0f41408	294640	-2336	472318
1252	1222	ASCS 00026	bfd33b6c3fb30d22	150000	-29677	67505
1253	1223	LARCENET	bfd25a0085e1a1df	625712	-120217	3812
1254	1224	ASCS 00034	bfd23ce1c5d59158	187856	-15683	96725
1255	1225	SUNSET	bfd04d4cdbc24c76	-18928	-329680	-40819
1256	1226	CUSTARD	bfd00d94caa05d54	-18928	-129680	-102188
1257	1227	DIL	bfcf377b0ae96694	12144	145231	-138279
1258	1228	LONLEY SUN 2	bfcde4539a34502a	763568	-21186	14436
1259	1229	ASCS 10	bfc66884e4eb4c76	50000	-22511	155537
1260	1230	ONESOME	bfc543ffcb22c956	418928	2243	-176807
1261	1231	TRAVAIL	bfc4aedebf5a9aa5	-163568	-2358	-418951
1262	1232	ASCS 11	bfc0000000000000	-50000	-50000	-50000
1263	1233	YUINCA	bfbff4cb34294413	-12144	27311	376371
1264	1234	JULIA	bfbf545b2bebbddb	18928	-40432	159913
1265	1235	YLASTRAVENYA	bfbd8d3c6fda25a1	-56784	-15693	-129542
1266	1236	BEALISYC	bfbc93f0a94e1760	-187856	16568	35867
1267	1237	AMMANN	bfb96b25f339d83b	1424	-60400	1154420
1268	1238	KATMANDU	bfb7d1ff9ebe90b4	-256784	72385	5006
1269	1239	NACIREMA	bfb5e195dd47ca8c	-225712	-2875	-131716
1270	1240	AEWIREK	bfb3af314f2f1c8b	150000	-129677	3953
1271	1241	HULIRA	bfb21d94c0de3f6d	12144	45231	-128829
1272	1242	ACKENROHM	bfb01f5cef79abd5	43216	5804	-251085
1273	1243	KAYD	bfa881f157fc7756	-481072	153	650323
1274	1244	EVAW	bfa6a2c47e1b1936	-287856	2237	68657
1275	1245	ASCS 00028	bfa55a2fc9aba324	-118928	-36846	-9517
1276	1246	BALASTRACKONASTREYA	bfa35e38876c96a9	-18928	-29680	-67336
1277	1247	TRARTARTARNOV	bf24bd356ee6816e	150000	70323	-15
1278	1248	ILYASTRAFEL	3f7b698cca7833ab	-187856	-83432	427
1279	1249	HRENAN HALO	3f98bfc65ca0c6e4	356784	-2863	-23661
1280	1250	GONZOLIA	3f9b0be55bc11b8d	-932496	-32557	870
1281	1251	PERISTYLE	3fa62320c0ceae92	-18928	70320	-32484
1282	1252	ARBITER	3fa98479f6dd544e	-832496	862	-69451
1283	1253	NIHILANTH	3fafa41977dd3444	287856	-137180	-1565
1284	1254	AWANA	3fb0c367f56cbbe3	1424	39600	1161220
1285	1255	JENERIA	3fb4539012de5839	12144	-54769	-119378
1286	1256	POINTLESS	3fb4930cc91cc236	-425712	2785	-67787
1287	1257	FOX	3fbb2cd62f26566b	5360	-36337	-545027
1288	1258	NULL AND VOID	3fc0000000000000	-50000	50000	-50000
1289	1259	PATINE	3fc1fc5484061999	87856	5814	275087
1290	1260	SCHEER'S EDEN	3fc3d1a0a17185ad	1846064	-5242059	-16
1291	1261	+NAN L.Y.	3fc56aac1f41e304	-25712	15026	-433075
1292	1262	BISDAR	3fcc25e4765f1e9d	-525712	-333043	1256
1293	1263	OVID	3fcea84992dbfa89	1032496	-5728	-40498
1294	1264	MEMORY	3fd03e1fc3e31960	-1221776	261	-795876
1295	1265	TERBOUGH	3fd0f3cf10d1a03f	-87856	30900	-97571
1296	1266	ESSENMACHER	3fd1168753dcafa9	-12144	-72689	302469
1297	1267	QWERT	3fd1886cd0f6d22c	-132496	3272	-631914
1298	1268	ORENN	3fd19036a4a865be	81072	-22514	-150350
1299	1269	KNOCK	3fd2ef2fe68637a8	287856	-37180	-27643
1300	1270	FUORER	3fd4ae17a7123492	-5360	-82929	726943
1301	1271	REVENGI	3fd4f7e906340eb5	50000	77489	84562
1302	1272	KOLM	3fd62114757b1ea2	-156784	62810	-35112
1303	1273	WEMADEIT	3fd756bca52fa499	-43216	-19285	437557
1304	1274	HOPE	3fd7c2455a8231e5	456784	-31526	-25779
1305	1275	KAYV	3fd8000000000000	50000	-50000	-150000
1306	1275	KAYV	3fd8000000000000	-50000	150000	-50000
1307	1275	KAYV	3fd8000000000000	-150000	-50000	50000
1308	1276	OPPORTUNITY	3fd8036d28f9b4b9	-25712	54450	-268003
1309	1277	S0 NO PLANETS	3fdaf44f8c2f4dcb	250000	-36843	-45725
1310	1278	SERPENTINE	3fdc1a1f874994e3	218928	-369094	-5434
1311	1279	SOLNEMAN 2	3fdc98c75b4983bc	5360	-136337	-611447
1312	1280	EKA69	3fdcdd5fdfc77045	118928	45237	83832
1313	1281	CRENSHAW	3fdcfd58bcfd33d2	12144	-154769	-241000
1314	1282	TONAL	3fde14dfa7373f71	-50000	-46418	202518
1315	1283	THAN	3fdebbaca3fa227e	-18928	270320	-93852
1316	1284	MASWO	3fdfd262e3fc334c	263568	3297	572181
1317	1285	TREMIRE	3fe02bbb3e277ba7	-256784	-127615	15421
1318	1286	SATUROS	3fe0ba1461f13c78	18928	159568	173067
1319	1287	ASVS 00027	3fe130555d205fd1	-256784	-27615	75750
1320	1288	MUOTAX	3fe2a0df9719e665	-125712	25787	-179576
1321	1289	SAUERKRAUT 1	3fe315614b01a096	625712	-20217	-47143
1322	1290	KHAPHIR	3fe6c0086558c833	-81072	-26100	335987
1323	1291	WOLF S0-1	3fe7865d8041ac14	-5360	-182929	749773
1324	1292	AMCHUS	3fe816ca22578d6d	387856	-27605	-70309
1325	1293	THASP	3fe8228063f26ddd	-12144	-172689	359639
1326	1294	LIGHTING	3fe871260e86b2a9	36432	-33110	-633205
1327	1295	EKA75 PROUD GRANNY	3fea8b04ad026c62	156784	15042	351717
1328	1296	MITOCHONDRIA	3feb2c695fb3735f	-118928	-136846	52177
1329	1297	FLYTRAP	3febe9247fa277d3	-94640	20669	-445889
1330	1298	JACKLIGHT	3fed994e3be7df6d	-143216	-8545	755825
1331	1299	EKA52 JUNGLE STAR	3fee35faa7be3a98	-387856	-12094	201267
1332	1300	DARK AND STORMY NITE	3fee47803b6a6e03	-12144	-272689	285737
1333	1301	EYEQ	3fee9ea9d21f0c83	12144	-354769	-222098
1334	1302	EVERBRIGHT	3fefbb81a57c46a1	218928	-169094	-26787
1335	1303	TIKON	3fefd477598fe8b2	963568	-4765	-216641
1336	1304	MENENTAVE	3ff0edc904de752a	-56784	84307	-221013
1337	1305	EKA74	3ff134f84ba1c619	256784	25799	162335
1338	1306	SOLIBO	3ff15e6d2e360f87	832496	6513	200211
1339	1307	VERFALAMAYA	3ff193ea604147cf	356784	-302863	-10167
1340	1308	LAINOS	3ff1b00d6af0e715	5360	-336337	-613214
1341	1309	TRIFFLE	3ff2000000000000	50000	-150000	-150000
1342	1309	TRIFFLE	3ff2000000000000	-50000	450000	-50000
1343	1309	TRIFFLE	3ff2000000000000	-150000	-150000	50000
1344	1310	DUODENUM	3ff211fa28129727	112144	-40438	-249045
1345	1311	DJORASIUS	3ff2420f0493c435	43216	-94196	-280322
1346	1312	KOWAI	3ff2be72ff4126a7	-77136	10954	-1386472
1347	1313	ROCKY PLACE	3ff2bf162f6a1552	-5360	-282929	772603
1348	1314	MINOCRACY	3ff42656ee4e0c89	29648	-39256	-1082053
1349	1315	GREMMAYKALA	3ff486ff5059e164	5360	-436337	-548562
1350	1316	SEIOS	3ff4c6ba290e3ee6	-43216	-44374	677134
1351	1317	RELIEVER	3ff4d0183aa61440	-25712	154450	-327558
1352	1318	65536	3ff59c33d7a09ba2	456784	-131526	-22481
1353	1319	LONE SUN	3ff5deb69c050120	-701424	6483	-300588
1354	1320	SILICA	3ff5e7442d4ea4ba	12144	-554769	-203197
1355	1321	SOLNET I	3ff6614479f68411	287856	62820	77351
1356	1322	LENASD	3ff679cfed892751	74288	-47959	-394282
1357	1323	MARINA'S STAR	3ff7ae57f9cc1fa0	-98576	-12650	1186913
1358	1324	FIRST CHANCE	3ff7c5970fe37612	-356784	-49112	84791
1359	1325	NOXIS	3ff8a63971610758	12144	-654769	-193747
1360	1326	LOVELY-AMBER	3ff8b4eee37cd70c	-12144	-472689	269004
1361	1327	TUMARIS	3ff8d4deda3b85cd	-12144	-372689	342906
1362	1328	SPECTURE	3ff8d570cc6b8e43	-625712	-37800	65623
1363	1329	AMATA	3ff9222a73688370	518928	-12088	-250421
1364	1330	SCHLOCK	3ff98de9be9960c9	174288	-19297	-474884
1365	1331	THE LONELY STAR	3ff9d617cfd03d17	-287856	-97763	57380
1366	1332	NEGATORY	3ffa244416bf298e	56784	50870	565621
1367	1333	EKA73	3ffa432c9def7447	-325712	38613	-130511
1368	1334	CHIHUAHUA	3ffa56a25ab1ff8d	625712	79783	32975
1369	1335	BEROL	3ffb05986e8d8d53	725712	-32139	-72410
1370	1336	VILA	3ffb6ec31216be5f	525712	22777	143187
1371	1337	ERITHROS	3ffbaeb7f03d5762	456784	38629	98053
1372	1338	HARD WORK	3ffbdb9d4d313771	-218928	-44011	180703
1373	1339	ETHEREAL SHARD	3ffc16741d11952d	-525712	-133043	25099
1374	1340	LAN STAR NOVA2	3ffc2710a5928703	167504	-9588	-1095583
1375	1341	SIMMER	3ffc79490a40aa3c	-1139280	-128850	12123
1376	1342	QUESTIONS	3ffc8494934db523	-118928	-336846	44492
1377	1343	VOGT	3ffccce85d4c0b71	-50000	-146418	245875
1378	1344	METZ	3ffce21d6a076c9a	81072	-122514	-181748
1379	1345	YELLOWISH	3ffde1bcfbf8a755	-425712	-29129	150607
1380	1346	FARENLONLEE	3ffe000000000000	150000	-50000	-250000
1381	1346	FARENLONLEE	3ffe000000000000	50000	-250000	-150000
1382	1346	FARENLONLEE	3ffe000000000000	-50000	750000	-50000
1383	1346	FARENLONLEE	3ffe000000000000	-150000	-250000	50000
1384	1346	FARENLONLEE	3ffe000000000000	-250000	-50000	150000
1385	1347	CELESTARA	3ffe4e1cf3997406	-139280	13526	-1005398
1386	1348	BIG BUMMER	3ffe686be578b799	-150000	-39252	322785
1387	1349	CLOWES	3ffe94e733f3a37e	181072	-46421	-227392
1388	1350	COLD GATE	3ffed056ea307875	-394640	22759	-214423
1389	1351	MARIN	40010352b4b58d72	656784	-33028	-98036
1390	1352	T BURTON	40010fb80de32ec5	-187856	-783432	14491
1391	1353	NINTUIT	4001d91365bd9150	-1070352	-88798	23473
1392	1354	AIUR	4001d9b4b3dc8cfc	225712	20687	477866
1393	1355	FARQUAR	4001ec39cf0228b2	201424	13027	853806
1394	1356	IMOZEN	4001f265e901fe3c	494640	28416	159605
1395	1357	DEPRIVED	400293e1d1c6ddf6	212144	-26106	-419305
1396	1358	BUFF	4002ada648cbff96	-2512	-333266	2788927
1397	1359	TEDDY	4002ccc2934f92e5	-118928	-536846	36807
1398	1360	AMOUR	400386ab300dd5f2	318928	-83426	-91734
1399	1361	FRAPHAM	400388e4daab1e58	-932496	67443	-38827
1400	1362	GAV	4003f2c365a586df	-332496	19693	-380818
1401	1363	NAVRADA	4004c88dbfbc79cd	43216	-194196	-309558
1402	1364	LOST	4005000000000000	50000	-350000	-150000
1403	1364	LOST	4005000000000000	-50000	1050000	-50000
1404	1364	LOST	4005000000000000	-150000	-350000	50000
1405	1365	ARKHAM	40050391548e9a52	-46064	40129	-1421011
1406	1366	FIRSTBORN	400556bec66aae2d	-739280	6031	-598250
1407	1367	LAMBDA	40057fba4a790622	-112144	-51192	468111
1408	1368	DENOTS	4005d87ca6e48142	-563568	159147	-30446
1409	1369	BIRD	4006225fbcf95e9e	-363568	28395	-268008
1410	1370	STEVE	40078ca8f152f822	387856	-327605	-23167
1411	1371	VILVETOS	40089279461fe8dc	-125712	125787	-194241
1412	1372	ENTURUS	4008affb0253bddd	-81072	-126100	301856
1413	1373	DESERTIA	400901d47f962ab1	556784	-29117	-192815
1414	1374	JURACIA	40090a0d9c1b0c25	318928	-183426	-53503
1415	1375	WORMULON	40095c613f985354	56784	152053	367158
1416	1376	ICY CHILLS	4009d22bb053b1fb	-187856	-283432	60619
1417	1377	GALVANA	4009f3828512ecc6	270352	13563	884672
1418	1378	GIGER	400a4f8a76e13304	-318928	-51177	201500
1419	1379	COBAR	400a5443a0babe4b	-325712	-431538	23415
1420	1380	YAYOI	400afe75388169ac	36432	-133110	-695798
1421	1381	EONWE	400b000000000000	50000	-450000	-150000
1422	1381	EONWE	400b000000000000	-50000	1350000	-50000
1423	1381	EONWE	400b000000000000	-150000	-450000	50000
1424	1382	IRVING	400b1460bc5338ff	350000	-44008	-219762
1425	1383	LORNADERER	400bc2910471cea1	-125712	79198	-348529
1426	1384	FRED	400bec7417df2cbc	-50000	-346418	201517
1427	1385	SIBERIA	400c1caad572073b	143216	-72699	-337506
1428	1386	FAIR WARNING	400c37e164f6f961	74288	-147959	-320908
1429	1387	STAR 0691	400cc1fcae5ee81b	-570352	12098	-520965
1430	1388	STRUDLE	400e57b8c0e6650a	701424	12131	445745
1431	1389	LIFEATH	400e6eb4fbd5f42e	-1814992	-340024	6164
1432	1390	ASCS 00035	400ecd63bff68332	-250000	-32086	479996
1433	1391	SALLI	400f42ae97d2c701	-732496	-247464	21557
1434	1392	TARN	401025a1b642c938	43216	-394196	-236960
1435	1393	LONESOME HOWL	4010800000000000	50000	-550000	-150000
1436	1393	LONESOME HOWL	4010800000000000	-50000	1650000	-50000
1437	1393	LONESOME HOWL	4010800000000000	-150000	-550000	50000
1438	1394	ARMONIKOS	40109dad9d5fefc3	112144	-140438	-263757
1439	1395	DISCOVERING	4010b1fa5d45cc2f	-218928	-344011	55419
1440	1396	RADNEX	40111b1f2e1ce08c	-43216	-219285	451267
1441	1397	YONKO	40113acf2cd14065	43216	-294196	-338795
1442	1398	TOFU	4011800000000000	250000	-50000	-350000
1443	1398	TOFU	4011800000000000	-50000	1750000	-50000
1444	1398	TOFU	4011800000000000	-350000	-50000	250000
1445	1399	EKA60 BALANCE	401180b932fa1cc4	425712	65771	156278
1446	1400	DESIDERADTA	401185ab9af101eb	-218928	-144011	138941
1447	1401	ASIMOV'S LAIR	4011a2c44aaddd54	-91792	-28689	1674230
1448	1402	GHAINA	40122d6614f86b9f	125712	63681	567654
1449	1403	LIT-PERAL	4012451b89336f82	-294640	65753	-235760
1450	1404	NOSYEUR	40124a5716c5c7d3	-450000	-17755	572308
1451	1405	IKANA	4012581adfb72d41	652848	5103	1376576
1452	1406	GELLIS	40126afa260b4d9e	-563568	59147	-138134
1453	1407	LUCKY THIRTEEN	4012e32e7a16adee	-1139280	-528850	7837
1454	1408	LATAL	401358ea4650ca14	-25712	854450	-220160
1455	1409	TEMPLAR STAR	401394dc5cf8289b	250000	-436843	-44825
1456	1410	KIKI	4013adb6d069c2f0	250000	-136843	-143804
1457	1411	EKA59 INDUSTRY	4013cb421886dc23	281072	-39255	-448498
1458	1412	GLEOS	4013d96080681280	81072	-422514	-144867
1459	1413	GUILLE	4013de68db6e623b	656784	-133028	-56852
1460	1414	FIRST_STEP	40145608e5c5bf2d	32496	155479	1006249
1461	1415	CYMBALINE	4014b1b123aa11fb	381072	-32089	-423081
1462	1416	TARSIS	4014c40820783a38	-218928	-244011	97180
1463	1417	PURONI	4014cf678af47e69	1032496	-1105728	-4557
1464	1418	FAFEGUL	4014f57fb73f27b5	-663568	-291012	27134
1465	1419	KSIATUT	4015412d8b7e933a	-194640	77675	-351463
1466	1420	IDEAL	4015508b404190da	174288	-44389	-688771
1467	1421	SUPREMACY	4015dcfcca310a3b	-50000	-446418	244874
1468	1422	ACHILLE	4016026a640b9312	450000	-51174	-238939
1469	1423	PARADISO PERDUTO	40160c4a28e56483	487856	-49102	-230101
1470	1424	SOLAR LIBERUS	4016783ba3d461bb	-832496	-104789	64393
1471	1425	BLANCO EMPTY	4016800000000000	150000	-150000	-250000
1472	1425	BLANCO EMPTY	4016800000000000	50000	-750000	-150000
1473	1425	BLANCO EMPTY	4016800000000000	-50000	2250000	-50000
1474	1425	BLANCO EMPTY	4016800000000000	-150000	-750000	50000
1475	1425	BLANCO EMPTY	4016800000000000	-250000	-150000	150000
1476	1426	TEMPUS FUGIT	40168b1d53e6c5d3	-1167504	-2144	2251524
1477	1427	MELEE	4016e09477824fe5	2390704	-62649	-38186
1478	1428	VARLOS	401703acfdcec7ac	243216	-51201	-462028
1479	1429	ZILCH	40172f4ebe3c4f75	312144	-42847	-433379
1480	1430	LUTZ	4017d50fd6593768	418928	-97757	-145485
1481	1431	PROMISE	4017f991645c8be0	570352	17743	592279
1482	1432	FRAUD	40181782a50b1a79	70352	64869	1319764
1483	1433	REPTA	401857d917ac1fe8	-594640	-232157	44084
1484	1434	VALARAUKAR	401866b0006be111	-235344	10062	-2576098
1485	1435	DAMMSUGARE	40186abefe04c2c5	67504	-113149	-799193
1486	1436	VALA	4018733acb4c8537	-625712	-137800	70892
1487	1437	BYRON	4018b4ad5b1ffbe8	412144	-28516	-525534
1488	1438	LLUKEPOINT	401963150c848261	-129648	-35701	1371216
1489	1439	PHLEGMANA	40199375d7704c47	81072	-322514	-244542
1490	1440	QUADOLUX	4019b4d4a13cf739	343216	-29704	-630374
1491	1441	CESIKA	4019c324d7bc0910	863568	65380	114073
1492	1442	OPEC	4019eaccfd9881b3	356784	397137	45728
1493	1443	WORMULON-4	401a0c418d2e3b6b	-763568	-141172	60411
1494	1444	LONE STAR	401a3663079d696e	250000	-336843	-77818
1495	1445	PATHOS	401a3eabd8c3478a	250000	-236843	-110811
1496	1446	TYRANT	401a541dd7a014e5	-136432	-45069	1070467
1497	1447	GRELLIKALYA	401a7a698c18f555	-356784	-249112	74478
1498	1448	JIONET	401a8990bca64963	-432496	62368	-245954
1499	1449	SOMETHINGUSAWFUL	401a9fe070616109	618928	-26420	-407051
1500	1450	ALDERAAN	401af8dab3bbd8e0	1132496	-246313	-24173
1501	1451	THALASK	401bd6f698cacf18	-1132496	-30467	201715
1502	1452	OLD PAINT	401be5717af9955f	74288	-247959	-378606
1503	1453	URK	401be854052c904b	1777136	-137169	-28621
1504	1454	MINGEOS	401c12de2e4dbfdf	74288	-149145	-633450
1505	1455	QAMARAN	401c9504e24e423e	932496	65929	116228
1506	1456	FENIX ALPHA	401c99bb7b3fb359	-43216	-244374	677040
1507	1457	SPACE ODDYSEY	401cc54653a7d371	356784	74457	270756
1508	1458	THE LIFE GIVER	401e2402db5cf9a9	-318928	-151177	156284
1509	1459	MAGNOPEA	401e5fa68bd6e7ec	181072	-146421	-286406
1510	1460	SOLARITY	401ea28e697942a0	-232496	77019	-427705
1511	1461	NOBOBODY	401eb486368c145c	150000	-1429677	-35795
1512	1462	BONDLESS	401ee15416431298	-150000	-139252	369596
1513	1463	LEBRIZ	401ef9e412a81445	-132496	103272	-565955
1514	1464	TRASSHAK	401f43f912e31b2d	167504	-55824	-835910
1515	1465	LONESTAR	401f800000000000	350000	-50000	-450000
1516	1465	LONESTAR	401f800000000000	50000	-1050000	-150000
1517	1465	LONESTAR	401f800000000000	-50000	3150000	-50000
1518	1465	LONESTAR	401f800000000000	-150000	-1050000	50000
1519	1465	LONESTAR	401f800000000000	-450000	-50000	350000
1520	1466	LOMELORT	401fd6ad97ea7361	-387856	-112094	183080
1521	1467	FORAXIS	401fe4f08fef3b25	-694640	-75151	152742
1522	1468	AUSTER	40200b167f8b5ff7	350000	-144008	-159151
1523	1469	EKA55 INTROVERT	402117ca42e286a4	-418928	-58343	349670
1524	1470	SKATYA	4021232487087261	-243216	-61959	568611
1525	1471	MOTHER O'TWO	402197d0f871ace1	-694640	-175151	72300
1526	1472	TENIASIS	4021a0faee9cc971	143216	-172699	-356379
1527	1473	KIET	4021e956c916ae1c	-683920	11230	-1166048
1528	1474	BLOOM	4022c00000000000	150000	-250000	-250000
1529	1474	BLOOM	4022c00000000000	50000	-1250000	-150000
1530	1474	BLOOM	4022c00000000000	-50000	3750000	-50000
1531	1474	BLOOM	4022c00000000000	-150000	-1250000	50000
1532	1474	BLOOM	4022c00000000000	-250000	-250000	150000
1533	1475	VIPER	4023497c78abcf3e	-525712	-233043	78714
1534	1476	DESOLATION	40239c7fc627647f	36432	-433110	-621435
1535	1477	UNIAN	4024a3047e6e71af	570352	23388	773528
1536	1478	BIG-BLU	40268e631a3bd0a9	74288	-347959	-436304
1537	1479	SOLARUS MINOR	4026dd47dbada7fa	174288	-119297	-549835
1538	1480	ERITREIANGAMA	402830f86ee1a87d	156784	215042	358760
1539	1481	OUT OF THE BLUE	4028e655f357314d	-1229648	-3781	2677796
1540	1482	NIPOLE	4028f39bfc82d193	387856	-1127605	-28526
1541	1483	SPACEPLACE	402925a2bd5a137b	-143216	-190622	460566
1542	1484	ASCS 00029	4029369c53b3306f	550000	-58340	-392890
1543	1485	DHULCRON	4029be88e5ed0336	-801424	65898	-243734
1544	1486	NOBODY	402a400000000000	250000	-150000	-350000
1545	1486	NOBODY	402a400000000000	150000	-350000	-250000
1546	1486	NOBODY	402a400000000000	50000	-1750000	-150000
1547	1486	NOBODY	402a400000000000	-50000	5250000	-50000
1548	1486	NOBODY	402a400000000000	-150000	-1750000	50000
1549	1486	NOBODY	402a400000000000	-250000	-350000	150000
1550	1486	NOBODY	402a400000000000	-350000	-150000	250000
1551	1487	GOAT	402a9c691570973c	-401424	59309	-558865
1552	1488	ENTOMERIS	402be18335347f2e	587856	-70599	-335898
1553	1489	XZOR	402c29efa14514e0	-36432	-455799	848018
1554	1490	BLUTCH	402d3c5b04d3d60f	556784	-129117	-203336
1555	1491	ICTHUS	402e7ec9e295da10	356784	-5202863	-8214
1556	1492	TAI HEXIS	402ed348e267735f	181072	-246421	-345421
1557	1493	NAURAD	402ed76fa6f6b639	1477136	91510	114082
1558	1494	SPAKARRR	402f477457164abf	-394640	222759	-177905
1559	1495	TALON	403059346f9abff2	487856	-149102	-224751
1560	1496	KRIKMEK	4030c2d8b4696904	1170352	88754	161361
1561	1497	EKA43 BURNING BRIGHT	4031e3fcd066e4ab	-432496	96682	-427855
1562	1498	STUARTLITTLE	403230977c86b2f3	370352	58647	837467
1563	1499	CEEL	403298f4acea36c5	1170352	-1373898	-11566
1564	1500	ASCS 00032	4032c78b4588ab60	-74288	-381403	662797
1565	1501	COYOTE	4032f66708034cd8	518928	-112088	-326009
1566	1502	GARFUN	40339c0e4b62ce02	350000	-244008	-229613
1567	1503	VIOS	403401a3b0b84392	-601424	78140	-425711
1568	1504	XB323	40354872480cf03a	450000	-151174	-312855
1569	1505	RADION	4036163c7153ff28	67504	-343007	-953897
1570	1506	BENIGNITY	40365e48b41ec7a1	-843216	-21055	1259908
1571	1507	31337	40367550f0bafb00	656784	-233028	-146739
1572	1508	BALZAC	403709a2ffb22ff1	650000	-65505	-541066
1573	1509	TELCHAR	40373f7ce7bdd0e7	-36432	-609560	1046854
1574	1510	UNREAL	4037d293a718d6f3	312144	-142847	-534272
1575	1511	AFTERIMAGE	4037d2a87eb7f339	-139280	140666	-1215952
1576	1512	DENISE	4038170fe124c26d	-112144	-451192	476103
1577	1513	ERITRUNGUL	403895e2bbd3ae9b	363568	177043	381957
1578	1514	CREAVMEN	4039f3c6e508db29	16080	-853240	-1891550
1579	1515	MOBY	403aa9ac300ba4e3	487856	-249102	-219400
1580	1516	FIREBYRD	403b031219b41f1d	-136432	-229546	862523
1581	1517	METTPHACC	403b722b510646aa	-301424	130966	-695252
1582	1518	SELDON	403b8471c4db246b	412144	-128516	-519518
1583	1519	DAZIARN	403ba6cfbe2186a7	-167504	-132280	1247961
1584	1520	PERFECT PINK	403bace8a0d5e97c	274288	-190634	-529282
1585	1521	SOMEWHERE	403e3b2b1bf9392b	-1443216	-11223	1866440
1586	1522	BIG SOLNEMAN	403ea9478656bfad	-1339280	-428603	53415
1587	1523	EDOM	403f15a652b617a3	639280	59424	818261
1588	1523	EDOM	403f15a652b617a3	-3173200	6168748	-1588
1589	1524	RUBY	403f7607159357ea	-994640	-73062	432928
1590	1525	RYGAR	40400eaa9e32892f	-143216	-490622	457050
1591	1526	300183	40401f56acdff26e	550000	-158340	-370260
1592	1527	ARCHITECT'S AGE	40404b640967b4f6	-532496	163263	-374858
1593	1528	AIRONTO	4040cf3c36177e7a	-343216	-133296	734853
1594	1529	VERONICA	404187b63d1c1042	-112144	-651192	480098
1595	1530	KREME	40427fb42f772844	14992	1251894	1971276
1596	1531	DONORG	4042ba5dc607b7ea	174288	-419297	-512545
1597	1532	STEPPING STONE	40438c74dd3bc27d	-594640	-832157	79011
1598	1533	SMALL LONE DWARF P1	4045bab42b3c64e5	736432	-44137	-1337028
1599	1534	NUMBER 18	4045bc2791da4ef8	-622864	-28231	2472121
1600	1535	YOMI	4048018a2746be00	-47152	-490120	2077531
1601	1536	TOMORROW	4048100000000000	250000	-550000	-350000
1602	1536	TOMORROW	4048100000000000	-350000	-550000	250000
1603	1537	LITHUAR	40481a7a5786c6fb	-250000	-532086	362399
1604	1538	SAVITAR	40482cf364273ba9	856784	-115105	-490277
1605	1539	LI WELL	404838e60b226a0c	677136	61020	1172456
1606	1540	HOMECOMING	40486c0c7b8e9562	718928	-140751	-482698
1607	1541	FUEL -436432	40487bbc170c0e00	-436432	-88642	1265740
1608	1542	LITHFUEL	40488408ec7465bf	-739280	106031	-625509
1609	1543	FUELHAM	404908457ec48faf	-243216	-361959	568695
1610	1544	FUEL THIRTEEN	40490c5dccef8762	-618928	-172674	468750
1611	1545	REFUEL +1	404a0b59158b7ba0	450000	-351174	-329616
1612	1546	GREYFIRE	404a4707e5cf5230	418928	-997757	-125733
1613	1547	MAFALDA	404a669968a7086d	650000	-165505	-490820
1614	1548	GREY STAR 8	404ad00000000000	550000	-150000	-650000
1615	1548	GREY STAR 8	404ad00000000000	-650000	-150000	550000
1616	1549	XIBIT	404b3caa5508db61	487856	-549102	-203350
1617	1550	RICHARD STOCKTON	404bf763ac192e96	-418928	-358343	372587
1618	1551	MY CHILD SUPPORT	404c244f26122518	-932496	-331043	182327
1619	1552	VELMAS	404df97969588d09	-343216	-233296	748699
1620	1553	LUUN	404eddb15b781182	-625712	-286454	344414
1621	1554	INDIGO	404f59805d3ed550	1470352	-169718	-251254
1622	1555	FEATHERVIEW	404fd3208d7ff96b	481072	-224924	-588232
1623	1556	FLUX	404ff32139ad0512	-243216	-461959	568724
1624	1557	TANGENT	4050036f50d4c889	550000	-358340	-325002
1625	1558	DOUBLE	405018c9a10479df	243216	-551201	-480284
1626	1559	ZEROA	405018fbe48e4129	-122864	-281953	1858744
1627	1560	MEIFUMADO	405019568ed1bee3	325712	677693	291737
1628	1561	DIMAGGIO	405043b6f5b67712	122864	-336219	-1574904
1629	1562	KAHDEON ALPHA	4050a998de10250b	-318928	-751177	278205
1630	1563	TWINKLY	4050ac98039ce281	-463568	578235	-248821
1631	1564	GRANTED WISH	4050d1296290a866	20016	-931585	-3607528
1632	1565	EXTREMIS	4050f9a347d172c5	-481072	-199847	706262
1633	1566	TRILUMI	40513b96cadd6eed	-1332496	-128377	402960
1634	1567	UPHRET ALPHA	40514c05f9013b39	2459632	-5106073	-5509
1635	1568	BACHELOR	405187b071ffc412	-250000	-632086	443738
1636	1569	EKA46 HALLUCINATION	4051b80000000000	350000	-450000	-450000
1637	1569	EKA46 HALLUCINATION	4051b80000000000	-450000	-450000	350000
1638	1570	ZAZIE	4051e8329665e855	618928	-326420	-354541
1639	1571	PAPPIOLAN	405207639365d3e5	336432	-213703	-1003045
1640	1572	DON'T BOTHER	4053696a49c494fc	-518928	-365508	409375
1641	1573	HIGHWAY 64	4053eb3f558fdb53	350000	-1444008	-157648
1642	1574	FATHER	40542e89d219542b	-477136	174230	-971079
1643	1575	RUNNING	405445c73ce910e3	-274288	-326487	905516
1644	1576	CARPAINTER	405488cc6245719b	167504	-555824	-882224
1645	1577	SHOOTER	40548a52ec18b174	4017840	-5233971	-3907
1646	1578	WAYWARD	4054d751fda08b2d	274288	-490634	-619464
1647	1579	NOON	4054dc99341d7441	-446064	174742	-1070571
1648	1580	DIABLO	405504e007cd718c	687856	-292096	-418456
1649	1581	FOSKAMINK	40557a4ea6820f83	450000	-551174	-346376
1650	1582	THE ESCAPE	4055a80000000000	450000	-350000	-550000
1651	1582	THE ESCAPE	4055a80000000000	350000	-550000	-450000
1652	1582	THE ESCAPE	4055a80000000000	-450000	-550000	350000
1653	1582	THE ESCAPE	4055a80000000000	-550000	-350000	450000
1654	1583	MOSES	4055ecbac150b7d9	1577136	-1492069	-37268
1655	1584	COUCH	4055ff02108ac6ef	-625712	-1137800	123585
1656	1585	QUANGCHO STAR	405601006cfbbb13	659632	72751	1834084
1657	1586	LUCY	40569f090a383df6	-946064	156848	-609785
1658	1587	DEEP PULSE	4056efd93cb04ebc	-587856	-440757	354099
1659	1588	KEBAB	405726aea2b5edbb	587856	-670599	-234908
1660	1589	SETH	40572a386e9d274c	1163568	-188344	-422812
1661	1590	PULSFLOW	4057abb261289546	901424	485558	216322
1662	1591	SPO	4057c2ba608b3e7c	-136432	-645069	1079931
1663	1592	HENDERSEN	4057ca77d6022389	-98576	-812650	1187944
1664	1593	LENNON	4057d6600a70beb1	-174288	-638409	856944
1665	1594	TARANE	4057e6ece9432268	-487856	-526426	372277
1666	1595	FISTERRA	4057f34c77d98793	-436432	-188642	1163637
1667	1596	BEREFT	4058027d050d22a1	4155696	-4718289	-4898
1668	1597	VEDUR	40580f3576e9de2c	-47152	-990120	2061375
1669	1598	PARAD0X1	40581d4e75281d56	-481072	-299847	668695
1670	1599	ALBOREN	4058246fe0eccfa2	270352	413563	863710
1671	1600	TATOO	40584fe9b2925b41	81072	-6022514	-199175
1672	1601	BALODRAKAN	4058b07115db9aac	2490704	-1503553	-26371
1673	1602	YHUA	4058b5b2eed73d67	1156784	-150026	-569521
1674	1603	SC 04	4058b67c73c5a89d	-2944976	14118	-2377539
1675	1604	ERIC I	4058d32dfdbffaf1	-1132496	-330467	265328
1676	1605	MYLAR	4058e42428c25c59	2214992	-128701	-349262
1677	1606	KALEB'S STAR	4058e7a11088fb80	-4546064	-7347	2982617
1678	1607	LOOKING GLASS	4058f277bf07666a	443216	-339279	-663603
1679	1608	REVULSION	40590280532011c5	-694640	-875151	164561
1680	1609	COCANIGH	40592b01e1421307	-625712	-586454	274347
1681	1610	INSIGHT	40595d4c570c8dce	129648	-660434	-1184923
1682	1611	NOPPIN	40595e93d2202718	-443216	-232132	986326
1683	1612	ARETINO	40597029ea2fd231	153936	-392714	-1683173
1684	1613	FAILURE I	4059980000000000	350000	-650000	-450000
1685	1613	FAILURE I	4059980000000000	-450000	-650000	350000
1686	1614	GESTERN	4059a721113b7386	4762480	-4456213	-4835
1687	1615	OUELLETTE	4059aa3ed0bbee98	-601424	478140	-356998
1688	1616	HAIRPEACE	4059ab2c6ec2f114	563568	396710	459244
1689	1617	YELLOW LONER	4059bfd37270cf90	850000	-179837	-673795
1690	1618	AGHE	405a1913a6428e8a	-1028560	63934	-1587468
1691	1619	SC 02	405d455ea249df42	-790704	100087	-1479468
1692	1620	STOPLIGHT	405dd02174820d7a	-243216	-861959	568836
1693	1621	FELL	405df82a5e5e888b	-550000	-310589	701761
1694	1622	BETA X	405e5858e3447166	191792	-393743	-1607331
1695	1623	HARD TIMES	405e77c6c291052a	-236432	-411650	1252183
1696	1624	CRUMB	405ef7e03f52030b	650000	-365505	-521399
1697	1625	ANOLON	405f480000000000	550000	-350000	-650000
1698	1625	ANOLON	405f480000000000	-650000	-350000	550000
1699	1626	STRAWBERRY	405f8aa8ddc9e904	1983920	-2444629	-26014
1700	1627	REDONIA	405fb4cccc394e13	178224	-306060	-2325049
1701	1628	MOY	406091083f6f928d	-222864	-325508	1826922
1702	1629	IWILLMISSHER	406093420b1471f5	-461808	-50208	5718934
1703	1630	HOBGOBLIN	40610b458ab4dd3c	174288	-1144389	-683630
1704	1631	CLAVIX	40614471da213a1d	3059632	-136884	-329833
1705	1632	LISTA 18	4061b3936c0ee66b	-2129648	-19876	3345511
1706	1633	GASTAR VIII	4061c5ef633b0cfe	1859632	120202	636087
1707	1634	SHEN	4061ca162ee600e2	-932496	-931043	163921
1708	1635	SU 02	4061cf5bb55c4161	-1779984	43651	-1833764
1709	1636	GREYED	406223f01dd5d2ff	-543216	-307043	870091
1710	1637	NOPE	40625cddeaf4a553	556784	-1329117	-198508
1711	1638	AWFATNEKR	4062621f73586608	-381072	-614178	628365
1712	1639	SU 01	40627ea091727831	-1404272	64165	-1642050
1713	1640	XNO6	406285f5a714bb0a	-1836432	-28369	2844389
1714	1641	SU 03	4062aa4fcb1d3aa0	-1986768	37866	-1984851
1715	1642	XNO8	4062b597cd67fcf2	-723952	-33008	6263537
1716	1643	XNO7	4062be8795d17942	-1747152	-22343	3841369
1717	1644	BLUEDIAMOND	406341ebadbcf249	374288	-472732	-870701
1718	1644	BLUEDIAMOND	406341ebadbcf249	-4104272	-35262	1064503
1719	1645	RALLAIMRALA	406410a961cea512	470352	472659	722038
1720	1646	SINGLE	40642b67a95f7769	-336432	-445967	1075440
1721	1647	FLASHTAC	40643c0000000000	1750000	-50000	-1850000
1722	1647	FLASHTAC	40643c0000000000	250000	-1850000	-350000
1723	1647	FLASHTAC	40643c0000000000	-350000	-1850000	250000
1724	1647	FLASHTAC	40643c0000000000	-1850000	-50000	1750000
1725	1648	VARSITY CLUB	40643c5f36687c6a	1387856	-111504	-1046107
1726	1649	MULTIBEAM	40649cac9b8db076	-1439280	-2190685	52298
1727	1650	REBOOT	40652580e4f3c4c3	1677136	-2175648	-46363
1728	1651	UNFERTILE	40655ab3f086c9db	-956784	-247022	722813
1729	1652	GONDO	40658ae12722dbc9	656784	-1833028	-143151
1730	1653	RHYDAIN	406610a1d68d9d05	-587856	-840757	357151
1731	1654	JETSET	4066420011cb44dc	1559632	105216	1085097
1732	1655	CHURK	406696248c00f5fd	2070352	-132126	-660551
1733	1656	PLANURIA	40669e5dcbd574ba	305360	-638427	-928181
1734	1657	LENTIL	4067301afb797529	22864	-5412632	-1498963
1735	1658	MALAKAI	40678d6c7aba5fdb	956784	-343767	-572859
1736	1659	SMITH I	4067d86a90559984	-736432	-151339	1711633
1737	1660	SEVSO	4067e2b39d93d07d	-85008	-1143030	1966563
1738	1661	MIDAVIR	406809cf6ff7bc92	612144	-399853	-785670
1739	1662	ASTERIX	40684684027cf0ed	360720	-349749	-1539326
1740	1663	RYDULUS	406856144fc604ff	-1108208	712825	-246456
1741	1664	BLOOD GULCH	40687496aee3a045	574288	-332147	-1025664
1742	1665	HOHMAN STAR	40689e8efd247019	-122864	-909086	1763345
1743	1666	CRIA	4068a68711b2e948	-60720	-2093700	1551206
1744	1666	CRIA	4068a68711b2e948	1908208	-281238	-367465
1745	1667	MELANYR	4068b5a41c9b53e2	267504	-645097	-1145511
1746	1668	ROWLINGSTAR	4068b951d2a4ecf4	818928	-424010	-569620
1747	1669	SC 08	40699dfa75af73af	-3807120	38577	-1395388
1748	1670	SC 01	406a49279246ad97	-866416	126340	-1921070
1749	1671	SC63	406ab0ffcd17cbe2	3473200	-4682739	-13129
1750	1672	PROSPECT	406ae52897b7df27	797488	134487	2006132
1751	1673	SC 09	406b7775c4c9b5b5	-3244976	32927	-2056515
1752	1674	FORGE	406b7c9d962b0b50	167504	-1555824	-843778
1753	1675	ORANO	406bda84474c210b	-1183920	285851	-658429
1754	1676	ROUGE	406c09800ec588f5	781072	-303427	-946407
1755	1677	RYVIN	406d46a1834382f1	-705360	-225027	1475553
1756	1678	DESA	406d91cb6b91a442	66416	1278204	2786514
1757	1679	LITHBEARER -02	406db56f3e95509b	129648	-1560434	-1174797
1758	1680	DARKLING	406dbff6096f2d1a	339280	598238	1172580
1759	1681	LISTA 89	406dcb74fb883d3c	405360	-626505	-938565
1760	1682	CARTEA	406e0909da047fc1	1056784	-341358	-666079
1761	1683	A LITHIUM OASIS 1	406e09878c9a7407	2728560	-4547773	-19365
1762	1684	FUELSTOP	406e1c2a75fb4a3f	-852848	246653	-1145099
1763	1685	YAGHUI	406e247f5ad277f8	4355696	-4222248	-13112
1764	1686	SKT 1	406e2b5f0753a323	-336432	-547159	1311131
1765	1687	IONIC BONDING	406e5bbf683121b2	-267504	-691695	1312574
1766	1688	GASTAR	406e60d7f5be963a	894640	-1841151	-147542
1767	1689	LISTA 79	406e784d46702c1e	-240368	-349122	2904742
1768	1690	SAVER	406e95fea176efd3	2052848	-5104453	-23351
1769	1691	WIRE	406eef73f2bc5c29	-1187856	-195673	1064757
1770	1692	HIGHWAY 58	406ef7df2abbc300	-98576	-2112650	1189619
1771	1693	LONE BLUE	406efb8a56bceb2f	-712144	-353282	985186
1772	1694	APART	406fedb3be7026dd	-618928	-872674	472908
1773	1695	LARRY	40701f8e9492ba41	956784	-443767	-607581
1774	1696	SERKER IMOTH	4070c20000000000	650000	-550000	-750000
1775	1696	SERKER IMOTH	4070c20000000000	550000	-750000	-650000
1776	1696	SERKER IMOTH	4070c20000000000	-650000	-750000	550000
1777	1696	SERKER IMOTH	4070c20000000000	-750000	-550000	650000
1778	1697	GEEZER	40710530b128088d	1470352	-1428563	-129648
1779	1698	TYSAK	40716dae8fc1bde9	-1521776	266491	-687615
1780	1699	NEXTURE	4071c2c6cd79c22b	-443216	-735706	871493
1781	1700	P MCGOOHAN	4071cbbe4892a3fa	363568	1394620	561562
1782	1700	P MCGOOHAN	4071cbbe4892a3fa	-543216	-607043	863470
1783	1701	RANAI	4071cd7a3c073e72	-3976048	54394	-1317049
1784	1702	DARKSTAR	4071d42307eb060d	1052848	258546	1047937
1785	1703	ZORTAG	4071ece11f7f76a3	756784	-1837784	-206215
1786	1704	TIAMATH	4071f2faa3bb8917	574288	-535718	-933464
1787	1705	WORMISIA	40720f82911c4741	339280	798238	1066992
1788	1706	OL' YELLER	40723232110d38a9	-656784	-1013603	437328
1789	1707	HIGHWAY 60	4072372aef069d17	756784	-2637784	-145999
1790	1708	AYHR	407269b1456c7e30	-667504	-267212	1651701
1791	1709	HADRA	4072b5a70a4aabff	-3538192	51993	-1627263
1792	1710	KEENWISE	407307b5a9e8ac57	-1194640	-427978	595529
1793	1711	DAST	40734fb2e55e8613	2783920	-142560	-778534
1794	1712	NULLORB VI	40738b84c09f99d3	-243216	-1472717	873060
1795	1713	MELTOS	4073c396f37deb81	381072	-1932089	-429498
1796	1714	VEIN	4073f3ec1ad7d737	-859632	254576	-1458795
1797	1715	FARTHA	40741ba4addf9c46	-1294640	-370972	669882
1798	1716	HIGHWAY 65	40741dfc17bf0ebb	856784	-815105	-460894
1799	1717	LITHIUM PORT	4074dd1d3a3eecc2	5576048	-4358380	-13736
1800	1718	NEO GASTAR	4074f91e45f5d08e	274288	-1890634	-647096
1801	1719	JOHN FENWICK	4075253fd07f112e	636432	-394296	-1348229
1802	1720	NIETAKMIALOBYC	4075b3506fb57fdb	178224	-806060	-2416880
1803	1721	RAPIER	4075d19ff9bb5fc2	581072	-817758	-734678
1804	1722	EIGHT	4075e48e1c4d6e38	-474288	-640499	1153083
1805	1723	AZURE	40762f1e5082a36f	3542128	-4319626	-23198
1806	1724	GROWTH	40767b22c5445815	712144	-585522	-862630
1807	1725	RID	40768be2418d4aa6	-605360	-444115	1341802
1808	1726	SELDOM ENDEAVORED	40768d49e913735d	950000	-487002	-779918
1809	1727	ELVIN	40769ec8bd88a635	177136	1245814	1640051
1810	1728	RUNAXX	4076ef7e931e00ba	718928	-940751	-542586
1811	1729	TURQUOISE TERROR	40773ac7ce5ae740	812144	-471190	-971254
1812	1730	INCANDESCENCE	40773bca647fa5b0	1363568	-694931	-392299
1813	1731	TITA	4077baece4e78ac7	3679984	-4810478	-21448
1814	1732	KARUBY	4077bb1fb40d05b3	264656	-434473	-3302103
1815	1733	JASON'S YELLOW STAR	4077bc2326f5b952	-1032496	-1088368	337943
1816	1734	HEAGOR	4077c8c466f62e89	178224	-906060	-2356602
1817	1735	DEKO	4077c8c6e08326f1	-260720	-824133	1771081
1818	1736	KAREN'S DREAM	4077f55f43e4ae25	1608208	-2420927	-98459
1819	1737	HELL	40780c902f20489b	2577136	-158928	-939465
1820	1738	LISDHA	40787e0000000000	2750000	-50000	-2850000
1821	1738	LISDHA	40787e0000000000	-2850000	-50000	2750000
1822	1739	BLUETOOTH	4078afb137bbc5b5	160720	-1642017	-1496678
1823	1740	CURSES	4079a24aade2cc57	164656	-845152	-2947292
1824	1741	JEREMY	4079c66d81846922	3273200	-4643550	-27133
1825	1742	FRENSIL	4079ef25acd3a1ed	-2521776	-537093	306363
1826	1743	KARZEL2	407a288e13fb6861	151088	-731187	-3788550
1827	1744	BLACKSHINE	407a3f9774244bc3	-1246064	625757	-538613
1828	1745	LIPP 002	407ab27edcf57bcb	3979984	-4443407	-24154
1829	1746	XNOL LII	407ac1ae2e0c1d14	-818928	-687005	760930
1830	1747	NEGALITH 4	407af2bb33906e6b	-2052848	-1669173	125832
1831	1748	STAGING GLOBE	407b700c28e5350b	-505360	-694275	1251224
1832	1749	LAUREL	407ba8713dcf5633	2966416	-5018814	-29724
1833	1750	FAUX LI+	407bb34890be66b0	-185008	-1137954	2105182
1834	1751	ACCOMPANIED	407bf14221fe1654	-581072	-985516	780711
1835	1752	MAYIS	407bf341a2489ff0	-3251760	55767	-2466093
1836	1753	YOUNG LUST	407c7228e879bc65	-918928	-594171	833580
1837	1754	ROGE	407cb6f8014c0416	643216	-796285	-897014
1838	1755	LA MERE	407cbcca2894632e	-1732496	-324197	818629
1839	1756	RUNEL	407cd51684d26f1b	-1183920	585851	-665106
1840	1757	RUNPAST	407d0e971f250ba5	-1118928	-408502	1017125
1841	1758	UDART	407d48567502fdfc	214992	1241743	1754992
1842	1759	MAXIM	407d4af363df0b8e	1256784	-585854	-636547
1843	1760	ONOFF	407d5bf9c40fa0ea	2083920	-4656870	-48405
1844	1761	HOT WATER	407d624f5c54ea13	4969264	-4622360	-20468
1845	1762	HEVRO	407dab46a057058d	-267504	-1291695	1373831
1846	1763	TELESME	407db3ac4ce41b71	4831408	-4703641	-20912
1847	1764	EXIDORIANIS	407dd429c147a14b	4762480	-4256213	-23545
1848	1765	PUXIS	407de20000000000	750000	-750000	-850000
1849	1765	PUXIS	407de20000000000	-850000	-750000	750000
1850	1766	ELENDOR	407dfdb6d3e65713	990704	354649	1365744
1851	1767	DRETH	407f06d5c550c462	-2528560	-1271217	154441
1852	1768	ASKEW 181	407f356236d6f25e	3903184	41353	3093622
1853	1769	BRYDEE	407f8b65fa7a6f09	347152	-637522	-2280495
1854	1770	MUMU	407fb198c0eaa650	-40368	-5083976	2470886
1855	1771	FSS 0002	40805fce5b86ea38	3273200	-4743550	-33747
1856	1772	MERALCO	408067277fb826c3	3304272	-4531155	-35058
1857	1773	BALBERT 2	4080851519bf747a	3879984	-4733256	-28785
1858	1774	GAMMA	4080888501ccb929	-1839280	-570084	504571
1859	1775	SC 07	4080e8dbffc4daa5	-3882832	80241	-1736755
1860	1776	MALAWI	4081101fe5dc949e	1243216	-298375	-1471960
1861	1777	PATTERSON	40814e127dc3fbaa	1601424	-741910	-466083
1862	1778	SPEED BALL	408163b39d029850	3542128	-4919626	-31933
1863	1779	RUNAWAY 001	40817ab6a8b80424	1401424	-1815338	-219861
1864	1780	TIDES	4081d21be172736d	-1363568	-548914	761894
1865	1781	BETINORM VII	4081d2f620ddf462	4155696	-4118289	-33327
1866	1782	XZAILA	4081d98c44d37c79	474288	-1433309	-840236
1867	1783	KODIAK	4081de1e25b544d4	-322864	-941929	1880094
1868	1784	ELRAINE	4081e2b989e638e0	3811056	-707894	-212149
1869	1785	ROLENT	4081eb4507745bcb	1859632	370581	832059
1870	1786	GUILHERME	4081ebada9402f32	912144	-556859	-1129001
1871	1787	SHIMA	4081ef1fd70c6ca7	2152848	-2023860	-131715
1872	1788	OOLAUT	40822a0fb26cc51c	2866416	-5642081	-35941
1873	1789	GERISAT	4082fac4d266a9e4	2659632	-5047014	-45246
1874	1790	PERSEUS	4082fde05f20e74d	3166416	-4550509	-42178
1875	1791	RADAGAST	408337fcd564053e	1670352	-1452727	-253444
1876	1792	HETHERINGTON	40834ac6fa4ab30d	-977136	1261093	-500988
1877	1793	SF 03	40835176150db7f8	-3820688	79312	-2040029
1878	1794	MIRACLE DIRECT PRIME	4083590638ef7469	3679984	-5110478	-32921
1879	1795	LISTA 54	4083619fa4eb86be	5782832	-4957199	-21635
1880	1796	RASEROTHMAROOS	40836aa2bf144122	278224	-879487	-2539206
1881	1797	BLOU-2	40837c76d54b686a	4017840	-5033971	-30830
1882	1798	PILMANIA	408401132b517d17	2966416	-4318814	-49966
1883	1799	UBERDAN	40849d865a1b0a9a	956784	-1809441	-381050
1884	1800	VOID CLUTTER	4084b43a751d5bb7	1156784	-770021	-743789
1885	1801	PHOSPHOROUS	4084b8e0a919fefe	656784	-3257779	-309914
1886	1802	LAGRAND	4084bc3a5c6d2392	3779984	-3313464	-52977
1887	1803	GALACTAR PRIME	4084d1778bdf1cfc	512144	-1814184	-717002
1888	1804	VAN DE GRAAF	4084ef1598c7c8dc	1632496	-642452	-638716
1889	1805	ST'TAKSI	4084f53f6ae74064	5476048	-4366316	-28049
1890	1806	PARESI	40851b09b3e86618	-398576	-1138327	1488572
1891	1807	THOU SWELL	4085be9ac4aa1dc5	-336432	-1647159	1255647
1892	1808	MISTERIOSO	4085dea911486c01	1325712	-727959	-725167
1893	1809	ORRMAROOS	408630cd70352ea4	195728	-1120606	-3237530
1894	1810	FUELLESS	40864f1050d8e44a	-636432	-715830	1566986
1895	1811	CASISIS FLISS	4086c6caac80e7d5	3573200	-4864228	-41934
1896	1812	GEL FISH	408712c0c98e04bb	774288	-878393	-1085594
1897	1813	SARDINE	408780bbe161faca	1432496	-1430211	-367094
1898	1814	ERM	40878323f313ff4f	352848	1263324	1687882
1899	1815	PETER JACKSON	4087c91a0eaf027b	3948912	-5453743	-35342
1900	1816	MINORIS	4087cb358e48fb4f	-1532496	-826287	601289
1901	1817	ATZEL	4087d9cff60e796f	4424624	-5286076	-32632
1902	1818	SC 06	40888e0106cfcbca	-3758544	87169	-2398297
1903	1819	KLC 210	4088b549b97cacc5	729648	-611787	-1771237
1904	1820	B EXPRESS-2	4088fadf21f441c2	-805360	-674868	1470730
1905	1821	TACHIBANA UKYO	408928338e04a4d9	3779984	-3813464	-55847
1906	1822	THOU SWEET	408928e712898cab	-943216	-584062	1461459
1907	1823	LISTA 104	40893993119222b7	4931408	-2454377	-66691
1908	1824	GAMAL	408949abe1e77841	-621776	843502	-1542910
1909	1825	LIP 001	408953642b5f2569	4255696	-4526031	-42075
1910	1826	SERVICES 03	40895f23d8217a43	-30736	-5026645	5255003
1911	1827	RWUULOO	4089b2044b58d4bd	226800	-1068249	-3393825
1912	1828	MACKENZIE	4089ba712a629dc5	-1012144	-619863	1312269
1913	1829	HAKUNA	4089e02eaebd6dbf	264656	-999491	-3130269
1914	1830	CISCOSIS	408a7e0967d873cd	4831408	-4803641	-36528
1915	1831	GOVIN	408aa233b167bb1e	-3596400	81554	-2905806
1916	1832	NULLY 1	408aa90000000000	650000	-1750000	-750000
1917	1832	NULLY 1	408aa90000000000	-750000	-1750000	650000
1918	1833	SC 05	408b760660e3c368	-3727472	94891	-2484434
1919	1834	GRAND	408b9fdf851195b7	-767504	-626627	1838039
1920	1835	SUPERGIANT	408ba9d069791de2	1218928	-781336	-929477
1921	1836	JUSTIAN	408bd173e3d79991	1363568	-1794931	-363709
1922	1837	ZARA	408bdc750713df03	-1128560	539771	-1463575
1923	1838	O.L.S -01	408bff98f5a86d62	887856	-1835090	-549900
1924	1839	TENTATIVE LIGHT	408c78cbe3e82c10	-743216	-1049718	1167826
1925	1840	SALEA	408cb711c6875804	1112144	-628196	-1315238
1926	1841	DEAN'S EYE	408cd16d4fcfeda7	4186768	-4243444	-51906
1927	1842	16 AGES	408d3f197482a79f	-1222864	-252693	3028672
1928	1843	JAGNE	408d640debb80e3e	-750000	-1296258	967407
1929	1844	MENDOZA II	408d845f4129e40d	-2843216	-103161	3220312
1930	1845	FUSARF	408d9e79dd2c8536	1387856	-611504	-1116805
1931	1846	VIDIVULA	408db6409b99dd4e	51088	-4840830	-3844519
1932	1847	DIAN	408db6d974b89d02	-560720	-816391	2077163
1933	1848	NAGINTA	408db75abef2f5cb	30736	-6403444	-4831508
1934	1849	RUST	408db84441bd8078	4430320	51703	4151881
1935	1850	MARINA	408dc559598248f8	336432	-2813703	-1006390
1936	1851	KOSS	408dca2ae871d44a	-1501424	-1342483	472938
1937	1852	SKYFIRE	408deaf69654da06	3779984	-4313464	-58717
1938	1853	MURCHISON'S EYE	408e6203fc7fde2d	1670352	-2252727	-258382
1939	1854	LILIP	408edc48a312ab63	-1870352	-664017	795152
1940	1855	TRISHA	408f10752b29c91c	1670352	-2052727	-289916
1941	1856	AMY	4090433ebace9e3f	-705360	-1025027	1439547
1942	1857	NOVUS	40904449790be258	3043216	-104645	-3269109
1943	1858	MARKSTAR	409048c14bc85163	1601424	-1341910	-484972
1944	1859	CHARLANTI ALFA	409058e59183b05c	687856	-4192096	-362824
1945	1860	INDIGO SERENITY	40906f04980efc7e	3166416	-4450509	-74634
1946	1861	GARDILER	4090a4b6fb5b1f88	295728	-1060614	-3396039
1947	1862	PALAIOLOGUS	4090dc88c8c97bed	1150000	-901334	-1041098
1948	1863	LITH1	4091174f8809fd99	950000	-1487002	-774308
1949	1864	BLUE DWARF	409137954816ad99	102512	-3935889	-2731008
1950	1865	NIBWOV	409162fdfa03d9cc	956784	-2143767	-542507
1951	1866	MORGAI	4091c93226a487fd	-1012144	-819863	1371743
1952	1867	GREDANIA	4091ca29cd8ef595	288944	-1046300	-3765986
1953	1868	SILUS	4091d90224339dd1	1808208	-2604825	-242513
1954	1869	SOLUS II	4091d9167e427ac9	4662480	-5105071	-47990
1955	1870	FARMA	4091dc8abcf5a5f2	1608208	-5920927	-120051
1956	1871	ROCKET	4091e44e7fb7032e	1777136	-4859226	-132601
1957	1872	THOU GRAND	4091f2c6d8af03b6	-1456784	-623435	1264789
1958	1873	NULLORB II	409267c4e6169c97	-560720	-1016391	2066889
1959	1874	WELLS	40927b92fc3880e7	1877136	-2242805	-280969
1960	1875	WALZ	4092cde7735aeef1	2183920	-4569112	-120606
1961	1876	PLASMA	40930a8cbac57f46	1118928	-1267004	-859596
1962	1877	BETINORM X	40933c30299e74b5	3235344	-3842033	-99036
1963	1878	RO GIANCOLL	40933e4ed9bc4cf9	2152848	-5123860	-111648
1964	1879	YASMER	409353cea8de9ea8	378224	-1252914	-2610252
1965	1880	WHITE PEARL P4	40938496419374b2	1667504	-313447	-2389915
1966	1881	MANY PLANETS	4093ab4ad5ee8e70	1732496	-983037	-739133
1967	1882	FAIRLY EMPTY	4093cf8000000000	1050000	-1050000	-1150000
1968	1882	FAIRLY EMPTY	4093cf8000000000	-1150000	-1050000	1050000
1969	1883	BESSEL	4094027e2ec5256a	1427472	177600	5051389
1970	1884	LIRE	4094055adaf04979	-1173200	567258	-1925357
1971	1885	INAAW	40940a42de3d0126	-1029648	-548240	2272061
1972	1886	ONIMACMAROOS	40940fa93885c6ec	3973200	-721255	-448030
1973	1887	ISARACKEN	40943a81a6ac659a	3779984	-5313464	-64458
1974	1888	FORTUNA	409460ec318f47a0	229648	-4412683	-1287031
1975	1889	ETERNAL FIRE	40947c3801d40d3d	-736432	-1147738	1551120
1976	1890	WTEXPLORATION2	4094b59a91b16dee	-6165328	485074	-443183
1977	1891	AVRAMIDES	4094e0f79c972b2c	261808	-954567	-5346822
1978	1892	VICTOR	4094e181c21971db	-1394640	-1213966	789333
1979	1893	BLEACHLIGHT	4094ed33ff0ea934	3711056	-4612074	-78250
1980	1894	DONMARTIN	409528611e4e695a	1639280	-4295194	-192315
1981	1895	NEW WARMTH	40954f0614e88422	2152848	-5623860	-112639
1982	1896	TYRTOR	40957a7fa8072d0e	4048912	-5371060	-63210
1983	1897	HAKEDEETEDAK	409584bc0c2febba	5069264	-4918499	-55235
1984	1898	LISTA 99	409586721304a656	898576	-826658	-1854582
1985	1899	NULLORB I	4095df677ad7296e	-1243216	-607649	1853030
1986	1900	NARODET	409618c555daba35	1067504	-653456	-2027322
1987	1901	TACITA	409632d90225bb17	2146064	-2235789	-296096
1988	1902	CHARLANTI BETA	409639491d71d846	994640	-4160238	-343727
1989	1903	FEANOR	40963db85eef6384	-447152	-1243563	2559842
1990	1904	LOST PASSION	409646b80d1e72c9	4255696	-5026031	-66654
1991	1905	EDEN	40964f3bf9f32a90	3711056	-4512074	-85270
1992	1906	OLD RELIANT	409671b53f70449f	-1343216	-571821	1870155
1993	1907	FREDERICK BARBAROSSA	4096b64d9762e1e5	967504	-817947	-1836791
1994	1908	FONS	4096f64f4b853fce	5407120	-4601856	-59060
1995	1909	PEPULS	409775cea98f1bdf	311056	1476884	3268334
1996	1910	RUNAWAY 002	40977772e645fc4a	1977136	-1826384	-415912
1997	1911	BEVEN	4097be82aa46e138	68592	-4847002	-4570782
1998	1912	ORPHAN	4097c572c4ff05e7	2897488	-5184624	-101273
1999	1913	KESALA 2	4097c8f2e0e53dd1	2056784	-510337	-1450229
2000	1914	WHITE TIGER	4097e387774be4d9	743216	-2074788	-991483
2001	1915	ANCIENT LONER	4097eb9c6bc77bff	1663568	-1012827	-908598
2002	1916	KONNRAD'S FIRE	409828ff59540c81	4048912	-4271060	-89414
2003	1917	TINIYTA	409854b75b558dc6	-912144	-1341360	1272711
2004	1918	LISTA 95	4098697d79deead9	2521776	-4715370	-131390
2005	1919	AFFUDDY	409895683510376e	950000	-2187002	-757274
2006	1920	POLYGAMY	4098af5593cd7342	-2114992	-2833754	263597
2007	1921	LARAS' MEMORY	4098b318e60c6ff8	-485008	-1322727	2464057
2008	1922	NULLORB III	4098dc4b21629410	-547152	-1124156	2586757
2009	1923	DETJEN'S PULSAR	4099056ddaa3a9b7	6220688	-5095597	-50519
2010	1924	AVARON	409926c25875483d	650000	-5765505	-429528
2011	1925	ALGUST	40992c0e25e07488	974288	-1321067	-1251662
2012	1926	EVERYTHING	40992dfccfa4de4b	-698576	-1232931	1871014
2013	1927	MENELVAGOR	4099364861d9bd2a	-251088	-1512852	4247815
2014	1928	PARTY OF ONE	4099d857c8828ae8	133584	-4233352	-2924955
2015	1929	GARTH	4099e9185a7c253e	2828560	-4079102	-143723
2016	1930	KAZAN-OUD	4099ea522f3d01f1	-371440	-1448346	3083014
2017	1931	HOT RESERVOIR	409a0b72e29e8a7d	-1718928	-620424	1562980
2018	1932	COCA E RHUM	409a31fb1e34969a	2521776	-5015370	-132554
2019	1933	ESTUARY	409a3beabfdeac50	2452848	-5614952	-121907
2020	1934	PURPLE SHADOW	409a56646a371e02	-68592	-5027197	4888264
2021	1935	LONG GONE	409a665c0b76e68c	3304272	-5131155	-99653
2022	1936	CAIN	409aa2e63e164433	1063568	-4731018	-338793
2023	1937	BEYOND HELP	409aa7d6875d9171	-222864	-4125508	1855459
2024	1938	GARDEN OF LIGHT	409aacb00bd868c0	3373200	-4448945	-113757
2025	1939	RITILEEONIS	409ab3dd4c8d31ea	787856	-4913593	-441456
2026	1940	POINT {}	409ae750b258b134	-1632496	-1239104	851197
2027	1941	REDICULA	409b3a1e8f20abe8	2897488	-4684624	-128376
2028	1942	LITHU 3	409b6f6eb5a851e2	-1908208	-1703298	540223
2029	1943	HIGHWAY 57	409b9395c610c673	-491792	-1823036	1968532
2030	1944	NULLORB IV	409baf8000000000	1250000	-1050000	-1350000
2031	1944	NULLORB IV	409baf8000000000	-1350000	-1050000	1250000
2032	1945	HIGHWAY 63	409bd012d1d19d77	1056784	-2341358	-719400
2033	1946	EMBALM	409c193a0feaa14b	4455696	-5168228	-78092
2034	1947	LONSTARNOPLANE	409c208a01340112	4117840	-4727381	-92473
2035	1948	LOTUS	409c29ecabc65de4	2959632	-1881649	-323664
2036	1949	LILA	409c78bffa5848e7	3373200	-4348945	-124213
2037	1950	SUNRISE BASE	409dac179e66471e	5338192	-5634993	-63131
2038	1951	DUNPH OSSIR	409df88000000000	1550000	-750000	-1650000
2039	1951	DUNPH OSSIR	409df88000000000	-1650000	-750000	1550000
2040	1952	REVESARN	409e078000000000	6150000	-50000	-6250000
2041	1952	REVESARN	409e078000000000	-6250000	-50000	6150000
2042	1953	PORTREM LOFC	409e168000000000	650000	-3950000	-750000
2043	1953	PORTREM LOFC	409e168000000000	-750000	-3950000	650000
2044	1954	TANGERINE	409e25e3638d06de	-1032496	-5288368	353369
2045	1955	VOFALPHEEN	409e528000000000	1250000	-1150000	-1350000
2046	1955	VOFALPHEEN	409e528000000000	1150000	-1350000	-1250000
2047	1955	VOFALPHEEN	409e528000000000	-1250000	-1350000	1150000
2048	1955	VOFALPHEEN	409e528000000000	-1350000	-1150000	1250000
2049	1956	PORST	409e5802ab73a05d	3642128	-4639353	-114931
2050	1957	SORTRAPHEEN	409e618000000000	750000	-3050000	-850000
2051	1957	SORTRAPHEEN	409e618000000000	-850000	-3050000	750000
2052	1958	RAN-TU	409e6cfdab8475d1	3811056	-3807894	-134181
2053	1959	AKTRE	409e9d8000000000	2750000	-250000	-2850000
2054	1959	AKTRE	409e9d8000000000	-2850000	-250000	2750000
2055	1960	A FALSE HOPE	409ea92cad410b7f	-729648	-1245261	2159684
2056	1961	CLYSTRA	409eed8b2a2bcf54	4117840	-4327381	-111080
2057	1962	QUADROCTASOL VIVUM	409f265ef1ac63a0	-2139280	-902299	1032805
2058	1963	LISBOA	409f2b633ae7d83b	2997488	-4723118	-140904
2059	1964	NORAK	409f68bb8e84b54c	698576	-1738899	-1654808
2060	1965	MIRACLE	409f7d6f490600e4	3979984	-5143407	-98451
2061	1966	KINDEN	409f95fbed9af283	-767504	-1426627	1846213
2062	1967	ITHIL	409fbceae2a52663	-357872	-1468884	3864059
2063	1968	B EXPRESS 3	409fcdb1377a4e0a	-1543216	-682560	1932356
2064	1969	LISTA 1	409fe5d6f5eaf562	4255696	-4326031	-110887
2065	1970	QOUIR	40a051bdfa482be4	2108208	-1634064	-606358
2066	1971	SRI JIKO	40a0534a0ec74a7f	4593552	-4407812	-103205
2067	1972	POKER MAFIA	40a059e77f671577	2452848	-4714952	-180972
2068	1973	GEMBAG	40a0cb820b59bd76	-2152848	-4081414	244661
2069	1974	LAMBO	40a0d5ec3b96916d	1405360	-789781	-1941535
2070	1975	VERTIGO	40a106124eb2e47d	1470352	-5169718	-286666
2071	1976	DULARUS	40a107a855977cf3	2521776	-4915370	-175857
2072	1977	BAX	40a16326b817a99d	-433584	-1444831	3552647
2073	1978	REM	40a185bf2202c912	467504	-3945992	-1215803
2074	1979	MUPILTA FLISS	40a18fa223cde85b	2283920	-2881353	-341573
2075	1980	TENTALON	40a1befb5b1f2a57	4524624	-4639221	-108214
2076	1981	CARMILLIA	40a1c46e3069ad71	2659632	-5571140	-153485
2077	1982	TERRING-A1	40a1c9294fb4f89e	1570352	-4124634	-351480
2078	1983	CARZY SIGHT	40a1fe300e2211d9	-1922864	-342525	3496800
2079	1984	STELLAR FRESHNESS	40a2394cecd4f095	4186768	-4143444	-134465
2080	1985	O0O0O0O0O0O0O0O0O0	40a2746fa4710587	4862480	-5230855	-92873
2081	1986	GORGON	40a2808ccad028a2	4148912	-4488377	-127177
2082	1987	DEFO	40a282e664a2f07c	3066416	-4264474	-181197
2083	1988	OPERNICUM	40a2ad3a158eb07b	171440	-4928600	-2829265
2084	1989	ORANGE	40a2c96c2bd75166	2590704	-4844457	-191602
2085	1990	REVOL	40a2ddb2ff795a98	3879984	-4816450	-129221
2086	1991	HIGHWAY 61	40a3301e1a9faa7a	1156784	-2870021	-739778
2087	1992	THYRATHEN	40a3463f03c83601	1181072	-1674764	-1247271
2088	1993	ZUABON	40a369414096bba9	1877136	-4742805	-279081
2089	1994	NULLORB V	40a36ad7e45b95e4	-1625712	-1110937	1376154
2090	1995	VIEMA	40a3ca8c0abc6c61	1670352	-5452727	-278138
2091	1996	MESAION	40a3f9080a13751e	330736	-1498666	-5157772
2092	1997	NUROPHONIC GALACTICA	40a3fd0244d9c334	3066416	-3864474	-215906
2093	1998	TERRA SOLARIS	40a3fdb0bef2d1c4	2377136	-1812708	-593830
2094	1999	HALKAHR	40a400aed4b60be6	2990704	-1545929	-553777
2095	2000	PROXIMO	40a405c2e4597758	3266416	-4034407	-194481
2096	2001	EL AMAIJEM	40a42bd64637d1ea	-120016	-5320411	4043507
2097	2002	LI+ZLI	40a45b25fc06ca3b	5069264	-4218499	-121843
2098	2003	PALAMOR	40a4b89592e6e99a	1174288	-1494814	-1510983
2099	2004	DRAGNIUS	40a4c2ab805b6287	3335344	-4102025	-194226
2100	2005	RINI	40a4ca16aa2f89fd	3408208	-420650	-1856116
2101	2006	BETA BETA	40a4ec9c4ecbe1d9	202512	-4604560	-2872243
2102	2007	LITHUIM NEGATIVE	40a51202e6e344b6	3404272	-3998312	-198144
2103	2008	XNOL I	40a512c7f76b3b4a	-1950000	-641342	2156848
2104	2009	VNOR	40a575af69335094	5813904	-5031533	-93900
2105	2010	SUN2	40a5775e649c1e13	1877136	-4342805	-337055
2106	2011	ANCAP	40a5d54372b5992b	3673200	-4545717	-167370
2107	2012	KIPHI	40a5d723921a11a3	2928560	-4241503	-225059
2108	2013	BLOU-3	40a5e0747ad0dd1d	4286768	-5044020	-129505
2109	2014	DAGU	40a63440bd9390d8	2521776	-5115370	-220323
2110	2015	PINTON	40a63841962beef1	1877136	-4642805	-326342
2111	2016	SUBGIRLIE	40a63a5068a41b0e	-1312144	-1355372	1599802
2112	2017	DESTINY	40a63c5040d833f9	3266416	-4234407	-205776
2113	2018	SCHARNHORST	40a673dc7d74640a	3028560	-3972833	-238858
2114	2019	LITHU 4	40a696e7932593a6	-1939280	-1761395	846484
2115	2020	HYACINTA	40a6f10579ba0f05	778224	-1277695	-2953247
2116	2021	ST'ZEB'HUL-ON	40a6f78aceee764c	5169264	-4383567	-129735
2117	2022	BARREOS	40a6fbcdc6b96ecf	1529648	-736568	-2611102
2118	2023	XONIRU	40a74c2987c4539c	5882832	-4979592	-101798
2119	2024	KNUIS	40a758bf188fa4a9	5338192	-4834993	-115783
2120	2025	BULITIS FLISS	40a7758b0c98e745	2759632	-4119210	-264154
2121	2026	KOBURG	40a7a1eaa581a925	3404272	-4298312	-206727
2122	2027	LANE	40a7ab8c1a5901cc	1463568	-4728350	-437812
2123	2028	A NEW HOPE?	40a7ac7c9b6cca0f	5369264	-4600105	-122686
2124	2029	YELAR	40a7ae7d7fd50158	521776	3104039	1871586
2125	2030	LONELYSTAR	40a7b53040924b6d	2859632	-4626413	-229375
2126	2031	WHITE METAL	40a7d12c2a7b716d	4286768	-4244020	-167568
2127	2032	HIGHWAY 52	40a7ed2106898ceb	-2502512	-229104	5341662
2128	2033	LI HERE	40a808215e324a5d	3879984	-4116450	-192594
2129	2034	REFL1	40a80b67153bc14b	2928560	-5041503	-208455
2130	2035	LUTON	40a8151c97b1a070	4693552	-4337051	-151431
2131	2036	CROMLECH	40a816f44af14994	3028560	-4472833	-227626
2132	2037	OBRAXIS	40a8680b8a598219	3742128	-5028007	-166035
2133	2038	NAROG	40a868457b5982a6	130736	-4845542	-4931651
2134	2039	NIMAS	40a87233e6d8a6a5	3742128	-3928007	-212877
2135	2040	ULIMPOS	40a874b3b1d7b02d	5100336	-4495542	-136525
2136	2041	STEARATE	40a874d202f36efc	-2139280	-1502299	974041
2137	2042	WHITE BLAST	40a886ff26bcb9b3	4355696	-4364845	-165133
2138	2043	RED ROSE ROBSON	40a908f1f8ca09ad	3266416	-5134407	-191071
2139	2044	HOORP	40a92ad386b6a2ff	117168	-4734956	-5806594
2140	2045	NORWAY	40a92e77ca4e31cb	4079984	-5322487	-148429
2141	2046	PIGN	40a9325e0edf6fce	1739280	-5964442	-310896
2142	2047	HOUIT	40a983e9a7ddb905	2352848	-4731602	-293365
2143	2048	GREY FUEL	40a98a4ab56a0c64	4931408	-4854377	-136562
2144	2049	GAS STATION B	40a98fc11d2fa5ce	-2132496	-1220018	1257600
2145	2050	DYAKING	40a9a6249436b78f	1225712	-4716037	-567956
2146	2051	LARISSA	40a9ae7b8fd00c1c	2552848	-5341525	-241069
2147	2052	GRACIUM	40a9e0794efcaf7a	4148912	-5288377	-150961
2148	2053	NASAT	40a9e8142715af12	2659632	-5271140	-236534
2149	2054	PURPLE HAZE	40aa581787b99763	3742128	-4428007	-203501
2150	2055	SAGNAR	40aaabe24fdd0be4	3404272	-4098312	-244696
2151	2056	ATHLASSIA	40aacdad85f5c254	4217840	-4251864	-191307
2152	2057	FICTIA A	40ab0206411fa45d	3266416	-4634407	-228368
2153	2058	JOVANNI	40ab12697dd84361	4079984	-4522487	-187799
2154	2059	SERAXIS PRIME	40ab22cbc2b4be4c	4286768	-5144020	-157515
2155	2060	ROMEO + JULIET	40ab2b7f6e99d591	2759632	-3919210	-321550
2156	2061	PROXIMA GUSTAF	40ab2c0057a98be7	4079984	-3922487	-217325
2157	2062	BETINORM IX	40ab62106e43cfcb	3573200	-4197591	-233687
2158	2063	GAS STATION A	40abbef9506a42e7	-2063568	-1237888	1390305
2159	2064	D'HARGA	40ac1907dbf26504	1770352	-4945881	-410751
2160	2065	SUN	40ac23998848527f	2383920	-4293594	-351890
2161	2066	VAL	40ac2682fe858554	2552848	-4541525	-310791
2162	2067	ALEKSIS	40ac3eafa2d063f1	3879984	-4216450	-220990
2163	2068	BAKUK	40aca4d0f8561cfe	1512144	-1401943	-1729487
2164	2069	DEMOPRAXIA	40ace25b4202b7b1	674288	-4796319	-1143186
2165	2070	VASSARI	40acf8ed37d75d3d	3066416	-5164474	-234173
2166	2071	LAGASTA	40ad00a4ddf26bf4	2759632	-5019210	-268015
2167	2072	B EXPRESS 4	40ad3cc000000000	2350000	-650000	-2450000
2168	2072	B EXPRESS 4	40ad3cc000000000	-2450000	-650000	2350000
2169	2073	JONATHAN DAVID	40ad620798ffcd41	257872	-4230231	-3447758
2170	2074	LORDAERON	40adc1e334fac48b	1939280	-4034008	-486886
2171	2075	PASARIS	40adcd875756b3a9	1067504	-1964183	-1819350
2172	2076	LITHU 5	40adff914cd08828	-2032496	-1786599	1057426
2173	2077	THELEQUIST	40ae224474ca0b1d	3811056	-4807894	-210506
2174	2078	LEINOS	40ae2dccf53d7de0	3166416	-4641207	-262854
2175	2079	MAD MAGAZINE	40ae5da9a5b2d518	257872	-4330231	-3480811
2176	2080	ARGONAS	40ae83bd4449e614	2163568	-1586571	-1137857
2177	2081	 HIGHWAY 56	40ae8dde57a6edd8	-953936	-1469504	2789912
2178	2082	NEBTYX	40aebbe8dbca4a43	-1060720	-1439082	2577170
2179	2083	LEVINE	40aec747f3527e00	1839280	-5533689	-387074
2180	2084	EMIFEL	40aed171dd83e872	2452848	-4751009	-338501
2181	2085	MARDAR PRIME	40af07875f06c6de	4179984	-4332638	-219309
2182	2086	AWELER	40af46edce84ebcc	1977136	-5126384	-394992
2183	2087	LISTA 80	40af77e1d60b16eb	2759632	-4919210	-296713
2184	2088	LITHIUM STATION 1	40af7b00e473cb86	1863568	-2096405	-1031409
2185	2089	AEX	40afd79ff44b0cf4	598576	-4279484	-1591122
2186	2090	ELUION	40b015efdde4ad47	2721776	-3751775	-403265
2187	2091	RAWEN	40b046e8ed882021	553936	-3527327	-2132597
2188	2092	TOLITHYLON	40b049d6b233904c	4317840	-4076347	-236909
2189	2093	NIGHTWISH	40b04b3ef3eb861d	4962480	-4474426	-187858
2190	2094	PAPA PITUFO	40b04c81855cc720	3573200	-4697591	-248579
2191	2095	SYMBAS	40b050a7f6eb5cca	3879984	-4316450	-249386
2192	2096	RED EYE CRYING	40b05eb4cbcd1068	4248912	-4305694	-229069
2193	2097	DREG	40b06b9b8983c4c4	-168592	-4976461	5010310
2194	2098	XNO14	40b075add48747d9	3266416	-5734407	-224958
2195	2099	VORDINE	40b076d2f3f760ec	3879984	-5516450	-196920
2196	2100	THE LONELY	40b098f6b705b4fd	5100336	-4595542	-181279
2197	2101	HELITRI	40b0a2fe469aa5ae	1601424	-5141910	-517221
2198	2102	FIRELIGHT	40b0a37596c8ef24	4286768	-4444020	-223588
2199	2103	FENASTREYA	40b0acdbf5b4b62a	5169264	-4083567	-202229
2200	2104	PRIMARIAS	40b0bfb3826213f9	1939280	-4734008	-467041
2201	2105	BRIKAS	40b0c596e0ffe02c	1939280	-5034008	-439811
2202	2106	KUBRICK	40b0e22a66bd5d50	3366416	-4787233	-268194
2203	2107	MINOR RICHES	40b0edafc4e143d2	3979984	-4619436	-235715
2204	2108	DARK MOUNTAINS	40b0fc563aae9b67	3028560	-5672833	-253097
2205	2109	LIFE HARBOR	40b107263e7d00c9	-2777136	-1207559	1299859
2206	2110	OUT OF GAS	40b131da857beeaa	4179984	-4032638	-261139
2207	2111	VANA	40b132f963821c9d	5438192	-4645464	-174286
2208	2112	BELLAMI	40b13ced10cb0145	2314992	-4633776	-411379
2209	2113	RUNAWAY FRIENDS	40b153f13d64ab1e	-3146064	-1029459	1369649
2210	2114	GENOSIS	40b15bd3defa4078	4217840	-4551864	-231461
2211	2115	BABYLON	40b16ca10f58e356	453936	-4600516	-2135969
2212	2116	NO LUCK HERE	40b177ffa5c0fe66	5169264	-4483567	-192952
2213	2117	CANNUTE PRIDDA	40b17ba000000000	1650000	-1550000	-1750000
2214	2117	CANNUTE PRIDDA	40b17ba000000000	1550000	-1750000	-1650000
2215	2117	CANNUTE PRIDDA	40b17ba000000000	-1650000	-1750000	1550000
2216	2117	CANNUTE PRIDDA	40b17ba000000000	-1750000	-1550000	1650000
2217	2118	LIP 002	40b1919b3815e265	4693552	-4437051	-215966
2218	2119	NESALENCE	40b1b02000000000	1150000	-3150000	-1250000
2219	2119	NESALENCE	40b1b02000000000	1050000	-3750000	-1150000
2220	2119	NESALENCE	40b1b02000000000	-1150000	-3750000	1050000
2221	2119	NESALENCE	40b1b02000000000	-1250000	-3150000	1150000
2222	2120	KRZAKK	40b1c197cd72c119	3773200	-5327206	-226142
2223	2121	CADTALINARIA'S SUN	40b1c40af2610d41	3435344	-4562017	-290200
2224	2122	MINSEAN	40b1cd6ba3c17e0f	3773200	-4027206	-299920
2225	2123	SQUIN	40b1e87b97eb3f68	1994640	-1737547	-1322785
2226	2124	LISTA 72	40b1ee2b22bd54be	4655696	-4129115	-238774
2227	2125	LANG	40b21ffa6781e557	453936	-4800516	-2129283
2228	2126	AXON	40b2240e9ad372fb	271440	-6335982	-2700286
2229	2127	INTERGALISIA	40b2368b813df12d	5100336	-5995542	-152474
2230	2128	XNO11	40b24cfcea39c7fe	4079984	-4622487	-248413
2231	2129	ERIK	40b272fa5ee5e5dd	3097488	-4492685	-339391
2232	2130	SPECULA	40b27ac89ead6018	2721776	-5051775	-344062
2233	2130	SPECULA	40b27ac89ead6018	-444304	-2336771	4556556
2234	2131	BIG G	40b27bd87567ba9a	2859632	-4636208	-356909
2235	2132	LISTA 34	40b2a96e953ac5f6	3473200	-5723268	-240337
2236	2133	LISTA 84	40b2abf6d377f990	5438192	-4045464	-217271
2237	2134	GUMBLIS FLISS	40b2c28e62239984	2101424	-2442806	-935556
2238	2135	CATCHME	40b2d0eeeae77bd2	1394640	-4629805	-746012
2239	2136	BLACK HOLE SUN	40b2ddd1031327fa	378224	-4852914	-2631352
2240	2137	MITHRIL	40b30e7d60ca4f89	2077136	-4941035	-475338
2241	2138	SOLITARY SENTINEL	40b326df492217a6	2008208	-4857651	-502592
2242	2139	THE GUINEAPIG	40b3288a3c005d58	2414992	-4238852	-479109
2243	2140	EXILE	40b32f63b094d3ea	3911056	-5203714	-241322
2244	2141	WEISHAUPT	40b33968c65c36ea	2759632	-5219210	-341691
2245	2142	BRUMAIRE	40b33d0b7ad652da	1394640	-5429805	-650375
2246	2143	KNOWLEDGE	40b340fe76fe1686	4286768	-4944020	-232567
2247	2144	MY ESCAPE	40b341a7f52bd9c4	1601424	-5741910	-536110
2248	2145	LONELY GIANT	40b35e2ecff3fb67	1701424	-5489661	-530841
2249	2146	KRALL	40b35e5f9454f7d7	295728	-4860614	-3449496
2250	2147	DOZIS	40b38f51a870ad2f	4762480	-4341476	-242178
2251	2148	SHOMI	40b39751681694ab	3197488	-4131180	-379678
2252	2149	YIELD	40b39ca488e81820	2452848	-4651009	-440090
2253	2150	LAKRO	40b3a0aa6ea4a70d	3128560	-5035234	-318965
2254	2151	HIDDEN GIANT	40b3a39d468bc4f8	1325712	-5927959	-639746
2255	2152	GERMU	40b3ab39211627b6	2346064	-5031609	-426552
2256	2153	GROGSTAR 1	40b3caa8f71a9428	3573200	-4997591	-283729
2257	2154	DUNSTABLE	40b3cbd999629bcb	5200336	-4253444	-229114
2258	2155	ASKEW 180	40b3d1a800c28614	4041040	372068	3374470
2259	2156	HIGHWAY 55	40b3e0fa3f170cdc	-1247152	-1219378	3346361
2260	2157	LITTLE SHINNY	40b3f022d85a1399	3197488	-3831180	-416659
2261	2158	MATTZ PULSAR	40b3f2074529ade8	485008	-4657020	-2260613
2262	2159	PAKALA	40b3f66d4221ba9e	4248912	-4705694	-255597
2263	2160	MALUMMA	40b3f6f4aa6922db	3773200	-6127206	-221070
2264	2161	WODEHOUSE	40b3fb477e6b68b3	-1918928	-1434756	1857944
2265	2162	LAGYNATON	40b3fdce07493d7b	3059632	-4836884	-345819
2266	2163	VOBOU	40b40ad6893e9974	3435344	-4462017	-334724
2267	2164	DENVIOS	40b4561d7a702735	3059632	-4436884	-383501
2268	2165	EUCRASIA	40b45b2c7e3cb8b3	3573200	-4797591	-303987
2269	2166	MELDERITH	40b4b3a722eb2675	2790704	-4295193	-442131
2270	2167	ENDAREN II	40b4bbec90ad7a4f	3979984	-5219436	-255517
2271	2168	BALBERT 1	40b4e6853a97e91c	3535344	-4422009	-342251
2272	2169	CATZ	40b5161fa0032303	4962480	-5674426	-191700
2273	2170	FORTUNE	40b5162492ef3c82	4355696	-4964845	-249621
2274	2171	DEMIOURGOS	40b519e8eda87a5d	2452848	-6151009	-358039
2275	2172	HIGHWAY 53	40b53a5afb039ba1	-2040368	-572388	4653171
2276	2173	HATACHI	40b544700abeda71	2821776	-4285513	-450223
2277	2174	BLU	40b54c2b82c75227	4317840	-5176347	-243938
2278	2175	EDWARDIUS BEACONUS	40b556ee8332df47	3166416	-5741207	-300507
2279	2176	SKYE	40b577958fc6d473	3535344	-4622009	-336319
2280	2177	UURAN	40b5a3c92e212c17	1732496	-4983037	-641692
2281	2178	PLUNITHIA	40b5a5e883b416a1	1425712	-4970953	-781966
2282	2179	HIGHWAY 62	40b5b1a7da275beb	1487856	-3033001	-1230681
2283	2180	ANCIENT MARINER	40b5c0d13da981c9	3773200	-5027206	-293580
2284	2181	ULTI-MAD	40b5c93c62d6a051	3128560	-4435234	-401937
2285	2182	WILL O' WISP	40b5cd2eb0488703	4793552	-4997362	-232985
2286	2183	DUISON	40b5d1fc07dd9ec3	371440	-4949201	-3038617
2287	2184	AMOS	40b5d4a2bae58a1f	-1394640	-5313966	754093
2288	2185	DEAD STAR OF DAMATS	40b60046c2aeb7d2	3535344	-4822009	-330388
2289	2186	SOLLTISSAN	40b6349710d908a5	705360	-6128595	-1315005
2290	2187	WIGU	40b65f3b17efb4d9	3842128	-5216662	-285746
2291	2188	SINGULARITY	40b665d781c478b8	3435344	-5062017	-329725
2292	2189	NYORA	40b67b6764810190	3159632	-4061048	-448540
2293	2190	MARI	40b6908e87664e3d	2346064	-5131609	-479817
2294	2191	POLO	40b691415efd9f4d	4079984	-4322422	-327594
2295	2192	EMBER IV	40b6aa50808dc83a	4386768	-4475669	-295528
2296	2193	GANGA	40b6bb1bb6ecb8c8	3673200	-4371914	-362360
2297	2194	LITH06	40b6bc0a41d15a5b	664656	-2392097	-3660583
2298	2195	FUEL1	40b6bf437b67acac	3842128	-4416662	-343163
2299	2196	LITHU 6	40b6c0dcb5feab59	-2132496	-1863587	1465709
2300	2197	HIGHWAY 54	40b6cd481b06e75b	-1578224	-942814	3922979
2301	2198	UNTRUELY MULTIPLE	40b6cf0567ecbdb7	1970352	-5270044	-562318
2302	2199	STANLEY AND CO.	40b6d053f2e498ad	2446064	-4329519	-551480
2303	2200	ELUSINA	40b6eb12bd47397c	2446064	-4229519	-567104
2304	2201	FREON	40b6ef26ce06fd82	2821776	-4685513	-444062
2305	2202	SCHOLAR	40b6efd44a19503f	4655696	-4329115	-291333
2306	2203	JARRY	40b6fb2fb9b8ee3a	4793552	-4397362	-279102
2307	2204	FLAMEFIRE	40b706c91220afca	4555696	-6114207	-211628
2308	2205	UNNECESSARY ROUGHNES	40b709a6fc0733bc	4862480	-4208953	-288169
2309	2206	DASRY	40b71501af0fb82a	917840	2069638	3110664
2310	2207	NO.FUEL.0001	40b71d9c8de34339	4455696	-4603659	-288488
2311	2208	NULLNESS	40b74e33de99aa6c	2959632	-4184278	-481770
2312	2209	PIONEER	40b74e7bec33c50e	2108208	-4434064	-638268
2313	2210	KERUAC	40b756e3f0f4695c	4179984	-4632638	-308551
2314	2211	GREYFIRE 05	40b77fde480d4148	4455696	-5003659	-269833
2315	2212	LISTA 8	40b7dd99ee38df7c	2821776	-4185513	-517299
2316	2213	BLOTCH	40b7e5a1ed61b6a2	-230736	-5034909	5265946
2317	2214	PIPOU	40b801317ec8b44b	3979984	-4519436	-341641
2318	2215	GOLDARA	40b8087631c40224	2625712	-1162594	-2015458
2319	2216	HAL	40b80b92fc5af7f4	3673200	-3871914	-432811
2320	2217	THAR	40b810f655339482	1067504	-2853456	-2022590
2321	2218	LITHI+	40b8300d5401dec0	357872	-4612396	-3751287
2322	2219	ZEGEMA SIRENS	40b8497d917ccbb5	3466416	-4540059	-395069
2323	2220	GEDIGAY SUN	40b86ae703c2d915	2890704	-4936097	-438082
2324	2221	A LONE TEARDROP	40b86c600f78b4bf	4248912	-4405694	-334005
2325	2222	CALVARY	40b874516bcffcdc	2108208	-4934064	-601836
2326	2223	BALARAM	40b884381074d66f	3535344	-4322009	-410753
2327	2224	LISTA 73	40b8936491b5b7d2	6251760	-4998259	-201338
2328	2225	GREY STAR 5	40b898e2ea2689a3	4386768	-5375669	-267023
2329	2226	MINUS	40b8a39f919fc3f5	3466416	-4440059	-409823
2330	2227	BODHI	40b8c9a7416407f1	3704272	-3930857	-435799
2331	2228	CARMINE	40b8e0b2e06371d1	3366416	-4432527	-426807
2332	2229	GEKAD XIN	40b8e4dd6f5a738e	5269264	-4948634	-244399
2333	2230	LITHIUM STAR 1	40b8f3832bb3ddb1	3466416	-4340059	-424576
2334	2231	LISTA 63	40b8f3bec92aa356	4386768	-4175669	-348720
2335	2232	PETROL	40b8f414e1d2eea6	4655696	-5429115	-252730
2336	2233	THREED	40b91fbbf2474d54	3197488	-5031180	-399806
2337	2234	MYOTHER	40b92ac8de979ac8	5982832	-4801985	-224257
2338	2235	DEUS EX	40b94cd8ccf9fded	3604272	-4532627	-396457
2339	2236	PULSER	40b97d6a27b9b81a	2070352	-4332126	-727550
2340	2237	YUARMST	40b9838508091345	2277136	-4608192	-622436
2341	2238	REFUELER	40b9b43bdd84bfc5	2990704	-3845929	-572093
2342	2239	FONTELITIO	40b9b5f9ca16094a	3673200	-4471914	-400699
2343	2240	MUSSOL	40b9bb1b46e2d92e	3366416	-3832527	-510554
2344	2241	PRODIGE	40b9c9d7df32727b	4348912	-3923012	-386959
2345	2242	NISSAN	40b9d90e9b3f973b	3604272	-5632627	-325939
2346	2243	LOST HOPE	40b9e33314329955	4279984	-4642790	-333510
2347	2244	DANGIL	40b9f74c567c6077	516080	-5527861	-2330081
2348	2245	NOFUELHERE	40ba10e3ecc0ad31	4386768	-4875669	-311986
2349	2246	STEREO HEAD ROOM	40ba24546efb529d	4179984	-4732638	-338298
2350	2247	DEVASTATION	40ba3d40c6b82a5f	2890704	-4436097	-523826
2351	2248	GEM	40ba406ecc1424cc	3059632	-6036884	-363844
2352	2249	BAST	40ba45a459e60457	4279984	-4842790	-324486
2353	2250	MANAL	40ba45e6050aeaf4	1218928	-5481336	-1006667
2354	2251	RICHFIELD	40ba6e74d5950fad	268592	-5068886	-4969992
2355	2252	ESSO	40ba6efa938542d8	2514992	-4443928	-605468
2356	2253	LI++	40ba7253ff085a2e	3635344	-4113073	-452791
2357	2254	XANTHYA	40baa29c91aacb36	922864	-3162771	-2336095
2358	2255	KUKLOS	40baaa8ac8aca251	5169264	-5783567	-228337
2359	2256	VIGILANCE	40bab40f8094e1b0	3297488	-4500747	-460615
2360	2257	GERRAY	40bab5ba53000f8d	3942128	-4405316	-393735
2361	2258	FAT ORANGE CAT	40bac04742516831	3604272	-5732627	-331444
2362	2259	MEDUSA	40badf85c86ef622	2018928	-1964914	-1734179
2363	2260	SOL-BADGUY	40bafd7284d4fb7c	4486768	-4507317	-341658
2364	2261	TANDRA	40bafe6e3a607c28	3566416	-4423957	-437988
2365	2262	TRANSFER	40bb083a440c0eed	-2560720	-676083	3997222
2366	2263	CASEUS	40bb222762282020	3466416	-5740059	-349098
2367	2264	JULIO	40bb2ca27636db92	3873200	-4539766	-395636
2368	2265	NEGALITH 5	40bb2fab6d3e0486	-1987856	-1879252	1863025
2369	2266	NOTHIUM	40bb321d3a8e06f3	2652848	-4989823	-525949
2370	2267	S121202	40bb354e1ad51be5	678224	-3604268	-2849377
2371	2268	DINKY	40bb360aa80ae345	3366416	-4532527	-456539
2372	2269	SWEDRE	40bb37b3b579ad74	1042128	2658881	2514604
2373	2270	REMIGIA	40bb5ee768682250	5131408	-4786922	-285255
2374	2271	PALANDRIA	40bb604a9f688634	3535344	-5122009	-387026
2375	2272	THOM	40bb6abfc5842021	3635344	-4413073	-437495
2376	2273	RITOIL	40bb8b9c56b0ba12	2446064	-5029519	-573184
2377	2274	NIKEPHORUS	40bbbbb21005fa5a	5507120	-5288421	-243775
2378	2275	VB006-L	40bbbbbbaf3d03a8	936432	-4874889	-1555253
2379	2276	RHYDOS	40bbbbcc9505994d	2446064	-4929519	-588808
2380	2277	SWEET HOME	40bbbd9c6bed6762	3366416	-4232527	-498413
2381	2278	DIGENO	40bbbfe3f6b8548d	1870352	-5220454	-727553
2382	2279	THE DEMIGOD	40bbd75122ab3cf3	2546064	-3827429	-731391
2383	2280	BNARI	40bc142427dd6d2b	5876048	-4961068	-246579
2384	2281	HANDEN2	40bc1930412d6ff0	3604272	-4832627	-412972
2385	2282	BRIGHT EYES	40bc1f42b64d222c	2614992	-4349004	-633035
2386	2283	DARK ADAPTATION	40bc207d17023d03	4893552	-3826601	-384525
2387	2284	NOTHING HERE	40bc35a04c7ec219	4724624	-4514440	-338582
2388	2285	REST STOP	40bc490296251bc0	4793552	-4697362	-321579
2389	2286	NULL	40bc4d67d648ef47	4862480	-5308953	-280670
2390	2287	FICTIA B	40bc4db31a2d84fc	2990704	-4645929	-521476
2391	2288	XNO17	40bc4ea4031c5f2a	4348912	-4123012	-404149
2392	2289	LARVA	40bc60201466086d	4793552	-4497362	-336952
2393	2290	REANA	40bc6bc0a0849cb2	3159632	-4261048	-540412
2394	2291	FANTARI	40bc774d87a6087a	3228560	-4666563	-483683
2395	2292	KARINA	40bc7ffd8d72fd94	2959632	-5084278	-484861
2396	2293	BLERGERBLER	40bc8b43086b6f20	4486768	-5007317	-325249
2397	2294	ASKEW 188	40bcb12b71945bc4	3259632	-3816283	-590463
2398	2295	HAWEEDAK	40bcbb773e8a0622	5200336	-4953444	-285543
2399	2296	TROPICAL FRUIT	40bcd7b3c63ebd05	5982832	-5301985	-232771
2400	2297	SARTEK	40bcdf0ce60dade5	1336432	-2836394	-1949812
2401	2298	CHARLANTI DELTA	40bcecc702ad96a0	3566416	-4323957	-480174
2402	2299	HOPE HIDES HER FACE	40bd3720bbf6f542	4417840	-4500830	-376139
2403	2300	IAN'S ODYSSEY	40bd501d7ba5a58f	3942128	-4305316	-442144
2404	2301	LOUDMOUTH	40bd646aee6e8434	4079984	-4222422	-436770
2405	2302	LISTA 27	40bd662028e5c211	4042128	-4293971	-433613
2406	2303	SABRINA	40bd9c40c81e3b4c	4348912	-4223012	-412744
2407	2304	MOLLY	40bdba67e04f4b44	1970352	-5006442	-771498
2408	2305	LISTA 14	40bdc868f026605f	-647152	-4077628	2889298
2409	2306	BLU-FLOW	40bdc9fdc7d8bdef	3328560	-4328964	-529244
2410	2307	BELYI	40bdf4b5b613f1b5	4279984	-4342790	-412583
2411	2308	MUNCH	40be5139b9c96e60	4824624	-3836514	-419305
2412	2309	PURPLE PLEASURE	40be5803aa1de7e1	4079984	-5122422	-371686
2413	2310	WAIPOINT1	40be671c0e399dfa	4011056	-5199534	-373190
2414	2311	LYRON	40be801ab78ee53b	502512	-4848428	-3204780
2415	2312	POSTO CHARLANTI	40be82f4bfa804f5	3635344	-4513073	-476087
2416	2313	LOKI PULSAR	40bea66cdf9bb22e	4279984	-4542790	-403559
2417	2314	CALI	40bebd089bb4dcf3	3566416	-4223957	-522360
2418	2315	RED SHINE	40bec72a80d62e36	2683920	-4230319	-693965
2419	2316	KASHITAR	40becd1782f4ea94	3159632	-4561048	-547149
2420	2317	LILITH	40beded39c857531	3259632	-4516283	-536825
2421	2318	SALVATORE	40bee23a310cb586	3773200	-4746237	-441479
2422	2319	SAMARITAN	40bee3ffb94022ff	936432	-5474889	-1542464
2423	2320	OTRASOLAW	40bf11b191b86d6f	1656784	-4198096	-1143538
2424	2321	KEMPIS	40bf12e791045229	3635344	-4013073	-545271
2425	2322	WEASEL	40bf155334a2ddf3	2308208	-4517962	-763044
2426	2323	BIG REGRET	40bf161852ce159d	3328560	-4428964	-539822
2427	2324	VOIDAL LAMP	40bf3a2949821235	3773200	-4346237	-487472
2428	2325	GREY STAR 6	40bf40d87c87cb6b	4655696	-5629115	-305289
2429	2326	ACHERON	40bf417655eeb052	3673200	-6071914	-358756
2430	2327	VB005	40bf418d256b8806	1074288	-4684078	-1590118
2431	2328	SCHEERS_FIRST_FOLLY	40bf50fb88f06333	4111056	-4495355	-433804
2432	2329	KAOTICA	40bf558b72761d85	3704272	-4330857	-500013
2433	2330	FUGATIVE	40bf5c07c8787db5	2783920	-3842560	-750467
2434	2331	PARACLETE	40bf6ce6f553910a	753936	-4228283	-2523610
2435	2332	FALCATRUA	40bf7183c291b1e8	4824624	-4836514	-344964
2436	2333	LARAY FEMM	40bf782000000000	1550000	-3150000	-1650000
2437	2333	LARAY FEMM	40bf782000000000	-1650000	-3150000	1550000
2438	2334	NAMORZ	40bf7e8f0a11e64f	3635344	-4813073	-460792
2439	2335	SERAN	40bf921d6cf68b22	3328560	-3928964	-618003
2440	2336	LONG RANGE	40bfa263a5f02ec9	2139280	-5372503	-704619
2441	2337	FREERUNNER	40bfbcd5c3724f40	2546064	-5027429	-634745
2442	2338	SIBILLA	40bfcc88f8f5177f	3973200	-4621255	-443356
2443	2339	KULTHOR	40bfdb7ced4fd994	4279984	-4942790	-385510
2444	2340	REWUST	40bfe66000000000	3050000	-850000	-3150000
2445	2340	REWUST	40bfe66000000000	-3150000	-850000	3050000
2446	2341	XNOL XXVIII	40bffadfea2a3f5b	974288	-5519906	-1522296
2447	2342	NYMA	40bffdd2b55b6e4a	4011056	-4899534	-416736
2448	2343	BETAL FLISS	40c004c080e8f436	3942128	-5205316	-399683
2449	2344	PEKKA	40c005ec8c8ba4dc	3604272	-5232627	-434991
2450	2345	GM-E1-01	40c012b000000000	2750000	-1050000	-2850000
2451	2345	GM-E1-01	40c012b000000000	1650000	-2850000	-1750000
2452	2345	GM-E1-01	40c012b000000000	-1750000	-2850000	1650000
2453	2345	GM-E1-01	40c012b000000000	-2850000	-1050000	2750000
2454	2346	IONICA	40c01360382e4981	1870352	-6120454	-719006
2455	2347	IGNUS	40c01524501d3a1c	3128560	-6135234	-428993
2456	2348	TIBERIUS	40c0155385950857	-822864	-4092963	2445003
2457	2349	MERTON	40c01698eeaf59ca	647152	-4931870	-2580842
2458	2350	NYET	40c0175ea3c07a43	1450000	-4622831	-1229093
2459	2351	BRUSHED PLASMA	40c01fd6f38c2715	4379984	-4252941	-443191
2460	2352	GREY GOLD 07	40c02c6401d33c73	3635344	-5113073	-445496
2461	2353	YOUNG PRINC	40c03adf616749ec	3635344	-4313073	-529975
2462	2354	DURST	40c03f18848209ba	960720	-3883219	-2229668
2463	2355	KONRAD	40c0474740bb70bb	860720	-4744097	-2041113
2464	2356	ENDAREN I	40c04fa3aa1557d8	4755696	-4375095	-401376
2465	2357	FUTILE	40c054638043c3e3	3873200	-5739766	-376082
2466	2358	OAN	40c05477afb0ac81	-2653936	-705033	4468430
2467	2359	RAPPERS DELIGHT	40c05c2924817b7a	4379984	-3952941	-483794
2468	2360	YOUNG LIFE	40c069602604a58f	4279984	-5342790	-367461
2469	2361	CARISA	40c07595edd9eb95	2160720	-1174828	-3319778
2470	2362	SWEBUR	40c0763e24c3a76e	1863568	-5024170	-900202
2471	2363	CHEESE PLANET 60	40c076d6e291e10c	3328560	-4028964	-628581
2472	2364	JACOBUM	40c0810ca65009e4	4111056	-4395355	-467643
2473	2365	DALB-101	40c086df6f796bb5	3773200	-4846237	-462749
2474	2366	LIPP 001	40c08b1f0e16bfe5	3704272	-4430857	-516066
2475	2367	NO_LITHIUM	40c08b4bf3fd489c	310384	-4239337	-6437490
2476	2368	CADOR	40c08dd2e798ba5e	5507120	-6388421	-240910
2477	2369	SENIMA	40c09ff1b75c29ce	1418928	-5009998	-1197369
2478	2370	GAVON	40c0a22ef6769dc2	1981072	-2048511	-2098533
2479	2371	LONE BIRD	40c0a4be5c340e39	3466416	-3909260	-628840
2480	2372	SREVE	40c0c10ffba48f3f	3735344	-4373064	-525141
2481	2373	BLOU-4	40c0c1b21111d551	4486768	-5107317	-374395
2482	2374	QUASHBAUG	40c0d8f8f1abb36e	4348912	-4523012	-438529
2483	2375	INFANTIA	40c0f786ad2b7d89	4793552	-5197362	-348684
2484	2376	LUMIERE	40c1019309b1ec02	2990704	-4745929	-613453
2485	2377	RENDROK	40c1025872ba8268	2852848	-4890171	-624238
2486	2378	EMP	40c104c46f337d1a	1450000	-4822831	-1246018
2487	2379	COLD PS	40c114e0f9da37de	3973200	-4821255	-456559
2488	2380	AMATISTA	40c1253d8d43b141	3804272	-4398014	-524676
2489	2381	BIG PINKY	40c128d4b3f6a42f	3735344	-3673064	-640347
2490	2382	SLARMEK	40c13337c2d77ee1	2477136	-4803452	-740111
2491	2383	ASCS 2	40c13b1598ff1bd0	4517840	-4325313	-451468
2492	2384	ICELY	40c1480874583388	3021776	-4421918	-662179
2493	2385	SV7	40c148b711dbccbd	547152	-6444111	-2509830
2494	2386	LISTA 28	40c14bb2367cfb8f	4111056	-4295355	-501482
2495	2387	FROSTLIGHT	40c14defbd6a64a2	2132496	-4007520	-1036725
2496	2388	BLUE LOU	40c14ed20b4e6f6c	1994640	-3437547	-1292412
2497	2389	MIGUELMOURA	40c150cfef1164a2	3666416	-4076784	-593130
2498	2390	RATU(!LI)	40c17727ca955b89	2070352	-5932126	-728107
2499	2391	CORPUS	40c187e660a5c8e9	2714992	-3954079	-836102
2500	2392	K192	40c19178d3387e87	1053936	-3309433	-2578877
2501	2393	SUMU	40c1925428046aa5	3328560	-4728964	-571556
2502	2394	UPU-02	40c1925cb1218689	5162480	-4592639	-379458
2503	2395	URMAAN	40c19e995744fe45	2170352	-5025280	-827130
2504	2396	SERVICES 02	40c1a6de21e902d6	-375376	-5025457	4790905
2505	2397	CANPHORA I	40c1af74b70494c8	3159632	-5861048	-488959
2506	2398	VISVARUPA	40c1b0e60451a9da	2074288	-1798994	-2427302
2507	2399	NEDONOS	40c1c1e04f1a02b9	3773200	-4546237	-530012
2508	2400	ALCHEMIST	40c1d11b17a66943	4448912	-4340329	-472415
2509	2401	ASIMOV	40c1d366d47792fd	3466416	-6040059	-435910
2510	2402	CORON	40c1d5c7ee598265	1756784	-4533924	-1146443
2511	2403	GAURANGA	40c1e4029f8f4398	3804272	-4298014	-560218
2512	2404	THE GYPSY	40c1e831ac043ca4	2308208	-4917962	-807668
2513	2405	PARAAM	40c1edf03e9f97eb	4142128	-4182625	-529864
2514	2406	DELIRIUM	40c1f13ef995e92b	3297488	-6100747	-456650
2515	2407	IMPOSSIBLE	40c1f3ac8f8854ef	3973200	-4221255	-548021
2516	2408	GOOD DWARF	40c2038c4c973bed	3466416	-4309260	-617438
2517	2409	NEUROSA	40c21cb14990bc3a	2852848	-4028638	-806866
2518	2410	ERG	40c21d345571810c	2921776	-5619252	-564886
2519	2411	NULLSTAR	40c21e581920adeb	2646064	-4525340	-774714
2520	2412	ELYCIA MYSTIQUE	40c21e9a53202414	3766416	-3729610	-660428
2521	2413	AGRINODA	40c2206a88ad70d6	2270352	-3802262	-1075107
2522	2414	GOODNIGHT	40c23646e317f722	2356784	-2186750	-1809294
2523	2415	JIRON	40c24d77f8713838	2714992	-4354079	-792717
2524	2416	ORIONS LION	40c24dfde08d4ffd	3973200	-5021255	-469763
2525	2417	GARFIELDUS	40c24f13ded65f9d	2852848	-4528638	-725581
2526	2418	RUI MOURAO	40c24f16965de360	3090704	-4686833	-647137
2527	2419	LIQUID CRYSTAL	40c2511e5531aaf5	1863568	-5424170	-927775
2528	2420	OLD RED	40c25900069b0da0	4179984	-4425408	-507835
2529	2421	OBSTACLE	40c27e0ef3f4b418	4517840	-4425313	-473575
2530	2422	SMALL GAS	40c28f7a752e55c4	4142128	-4382625	-523481
2531	2423	TAHNGARTH	40c2954248310ece	3804272	-4198014	-595760
2532	2424	LITHSTOP-4	40c2960bf4889f07	2883920	-3923730	-840962
2533	2425	RED MASK	40c2a2814da1cc6b	4042128	-4393971	-537189
2534	2426	ZENNA	40c2a964e24b49cb	3059632	-5632348	-554450
2535	2427	FERRIUM-N002	40c2aab3f76d5d28	3428560	-4060293	-686548
2536	2428	SYDRIS	40c2ae500f3e7768	3159632	-4649345	-651088
2537	2429	UNLIL	40c2afcc9b54edde	2677136	-3984941	-896831
2538	2430	RAMA	40c2ba7ba078447b	4073200	-4302744	-547130
2539	2431	WRAECA	40c2d247f58db5bc	4379984	-4752941	-462900
2540	2432	HIDDE	40c2dbc73e755fca	4893552	-4526601	-435894
2541	2433	KYAN	40c2ddab5dc29f11	998576	-4955001	-1952192
2542	2434	CLOYSTAR	40c2eb07485d4610	4073200	-4402744	-540117
2543	2435	MOEBIUS PRIME	40c2fb4daf4f684c	3566416	-4354920	-625737
2544	2436	TRAKIG	40c2fc93636b5540	2101424	-4442806	-1041230
2545	2437	LOUISE MICHELLE	40c2fed3a84c5c14	4855696	-4421075	-453043
2546	2438	CABAL	40c30a34f97d7a10	2508208	-3870789	-1004086
2547	2439	KYRANDIA	40c3125c1832adcd	3359632	-4340447	-669628
2548	2440	SNOWMAN	40c312d2ab258de5	3666416	-4376784	-608561
2549	2441	BIBELOT	40c328f9ab2ba248	4586768	-4338966	-492917
2550	2442	CROWDINGMENT	40c32bfe430c2e71	2132496	-4307520	-1068608
2551	2443	NADALITAMBEM	40c338fc872912e3	3804272	-4098014	-631302
2552	2444	VB012-L	40c33c5d390ec380	822864	-5139184	-2328938
2553	2445	QUONYRON	40c33d00986fc9ac	5062480	-4312834	-451139
2554	2446	CLOCKWORK ORANGE	40c3497fb4372e73	5162480	-4492639	-425772
2555	2447	CLITORIA	40c3526164cff74f	3904272	-4065172	-623302
2556	2448	ACHATES	40c353318b660d2a	3466416	-4409260	-647355
2557	2449	B EXPRESS 5	40c35335de4fb934	-3687856	-760741	3526790
2558	2450	THEON	40c3533d600fe924	2577136	-5194196	-739158
2559	2451	WAIPOINT2	40c353d2943b54e2	4486768	-5207317	-423542
2560	2452	EORL	40c364ba2b0c4c57	785008	-4963289	-2548483
2561	2453	SPERBERA	40c369b8816f65c6	2132496	-4107520	-1134734
2562	2454	ANGLEGRINDERED	40c36a678c836ef9	2301424	-3538307	-1220758
2563	2455	SOLEDAD	40c36b8b84132852	4073200	-4702744	-519080
2564	2456	SEVLAR	40c36d5f28ca7a5d	1116080	-2928478	-3043292
2565	2457	BEAUTIEUS	40c37a4d74339753	4855696	-4621075	-444441
2566	2458	FENILIA	40c37a9e5af85886	5638192	-5004262	-353473
2567	2459	BIG MAMMA	40c38c8f04515e63	2852848	-4328638	-810524
2568	2460	TEDEKA	40c397c86e60957e	1160720	-3427984	-2521172
2569	2461	QUEEN	40c3981f26dcb379	4111056	-4595355	-531038
2570	2462	SAIYUKI MAX	40c3983e0ec4b0f4	337520	-6196594	-4796848
2571	2463	GOLDIE	40c39a6610f5f384	3328560	-5628964	-535686
2572	2464	WURSEY	40c39ac4d7e50154	3990704	-1561755	-1610515
2573	2465	LOVECRAFT	40c39acdd7dd2f5f	4448912	-4540329	-496923
2574	2466	ANJI	40c3a65eeafe14b0	3052848	-4343317	-758758
2575	2467	ODIE	40c3aa6baaaec86f	2339280	-5242070	-821097
2576	2468	GREY WIDOW	40c3b078e9ddfdc0	4517840	-4925313	-453040
2577	2469	KARHALATI FLISS	40c3b7be0d445cac	-2757872	-579032	6321942
2578	2469	KARHALATI FLISS	40c3b7be0d445cac	3635344	-5313073	-522680
2579	2470	8-GAVAHAV	40c3b9f10fbe1572	5231408	-4937658	-391000
2580	2471	TIAM	40c3bd49b3285026	1274288	-4443493	-1784892
2581	2472	DOULCHE	40c3c0695aafa734	1611056	3031222	2070828
2582	2473	DDER	40c3d4413fc89324	1167504	-4637930	-1874955
2583	2474	TRIATURN	40c3e9557af4f73e	4924624	-4489659	-461091
2584	2475	FORGOTTEN OF TIME	40c3f6f18a44110f	3566416	-4154920	-689821
2585	2476	ICE CUBE IV	40c3f84dc53c9bec	3773200	-5146237	-526559
2586	2477	SURYA	40c3f9119ba7a3f6	5262480	-4636210	-419139
2587	2478	LEUPREKOTA	40c3f9489822f17b	2646064	-4825340	-800943
2588	2479	TORMENTA	40c3f9707c034059	6251760	-5044996	-324250
2589	2480	FOORMWAH	40c3f97fd794d1cd	3804272	-4598014	-584664
2590	2481	AGRADONIOUS	40c3fee9fbe30070	3259632	-3797415	-827087
2591	2482	KHEMIA	40c41b10bcd627e3	3873200	-4320561	-615148
2592	2483	THIRD WIND	40c41d02ab42b4f6	3159632	-4349345	-749365
2593	2484	ALGOL II	40c426a8873452cd	3190704	-4427738	-730295
2594	2485	FERRET	40c42898ebc27664	1963568	-4622659	-1137083
2595	2486	ENDOS	40c45537886f0889	2852848	-4728638	-771710
2596	2487	BULLEN	40c45593b6d58b12	3090704	-4586833	-734393
2597	2488	FERMONIDUS	40c4562a9e19e42a	1343216	-4776878	-1622774
2598	2489	ADRASTHEA	40c457e854df12a2	3497488	-4108808	-724805
2599	2490	AURALA	40c4583160032b82	4855696	-5021075	-427237
2600	2491	MYRIAD	40c46410a3d29063	1098576	-4614416	-2059487
2601	2492	VOLTAIC	40c4676fd8928b7d	3735344	-4873064	-573923
2602	2493	FRISOFORA	40c484a6bb7fa951	4142128	-4282625	-592209
2603	2494	SILNIH	40c48506b56d2aaa	-1766416	6455599	-921319
2604	2495	ADURS	40c488483a783c6c	1312144	-5430606	-1475295
2605	2496	STATORPERT	40c49c393f7bbeca	2646064	-4925340	-809686
2606	2497	WISDOM	40c49e7c57ea9c84	3873200	-4620561	-589895
2607	2498	MINER	40c4b38f156a99db	6082832	-5024378	-346802
2608	2499	FELANA	40c4b4f3fe81bc6f	3466416	-4809260	-635953
2609	2500	FARA	40c4b6c56450b4ed	2101424	-5342806	-944604
2610	2501	PINACLE	40c4ba613ad2064d	3804272	-4498014	-620206
2611	2502	WARFALGOSHMA	40c4c912a49b8686	4379984	-4552941	-533660
2612	2503	WESCONDIA	40c4cb91c7447d5a	3735344	-4573064	-623297
2613	2504	TURE(LI)	40c4cc15d1237227	2001424	-5963984	-892071
2614	2505	KORGAN	40c4cf12f8d9f8f8	1443216	-4355381	-1694967
2615	2506	OHSOLONELY	40c4e35182496a5a	3159632	-4949345	-683883
2616	2507	HEAVENLY	40c4e5d0abab1cca	3666416	-4676784	-623993
2617	2508	GOVINDA	40c4f321cd61dce8	3766416	-4329610	-657766
2618	2509	FUEL STAR 1	40c4fa7976927d60	2508208	-4370789	-979759
2619	2510	OMNICRON	40c50ceef7caa9fe	5369264	-4544774	-441678
2620	2511	STELLA A MOERTE	40c50ef26268eb21	2783920	-5342560	-724918
2621	2512	SKONNOS	40c5120d1dc77905	753936	-5628283	-2542346
2622	2513	HEMOHES	40c52183a75381ed	2952848	-4048045	-905111
2623	2514	FUTURE REFERENCE	40c521face7c153e	4517840	-4625313	-517790
2624	2515	DISTROPHIKA	40c5226ff1adb419	2746064	-4223250	-933050
2625	2516	BUDO	40c52b331f87a6d3	3428560	-4460293	-708745
2626	2517	NAUSEUM	40c54200cf9e6de0	3052848	-4443317	-802373
2627	2518	SPYRA	40c54244faf96650	4279984	-4628393	-549462
2628	2519	KUNTIDEVI	40c54749f8c224c3	3835344	-4333056	-655559
2629	2520	LINUX	40c548033bb6877f	2132496	-4507520	-1133554
2630	2521	MUNUS	40c54ca2ae0074af	1687856	-4844923	-1333565
2631	2522	NURSE	40c55c396331c97a	3190704	-4527738	-757022
2632	2523	WORLD SIEGER	40c5690372a5598a	3052848	-4243317	-846214
2633	2524	DYNAMIIS	40c569433e1af81f	3459632	-4295682	-737647
2634	2525	TARIA	40c57099b50393cf	1047152	-3482904	-3009819
2635	2526	HUNTER	40c5713668b0868a	1167504	-4837930	-1943668
2636	2527	FIRST DISAPPOINTMENT	40c57d2812e6410a	3428560	-4360293	-735964
2637	2528	MADNESS	40c5803bddb8837b	4279984	-4428393	-580816
2638	2529	LITHBEARER -O1	40c58aaad702cff4	3973200	-5521255	-502772
2639	2530	GOONBOY	40c5952466a9f837	4279984	-4328393	-596492
2640	2531	HAERNAS	40c59c1a85ab5dd2	1487856	-6333001	-1174221
2641	2532	SOCUM	40c5a2731b13cf74	1167504	-4620037	-2053593
2642	2533	ILLUSIONIA	40c5a359abbf9ad3	4279984	-4228393	-612169
2643	2534	PETROBRAS	40c5b97bb985375d	2814992	-4659155	-848079
2644	2535	GLORY	40c5c2433212766c	2163568	-4286571	-1201227
2645	2536	EYEBURNER	40c5cd7a10d3e8a2	2470352	-4042597	-1117789
2646	2537	PROXIMA OMNIBUS	40c5db5022a3928b	3973200	-3825956	-736163
2647	2538	GWARG	40c5e34ecb8bb673	3766416	-4529610	-656879
2648	2539	FOOLSFUEL	40c5e881f0cc2b56	3359632	-4045485	-825306
2649	2540	NEK 0	40c5e92c1eb4f1ac	3904272	-4565172	-629407
2650	2541	PLASMACHILD	40c5e9942c164340	3428560	-5260293	-622069
2651	2542	ELMYRA	40c601bf92cc49b5	4211056	-4491175	-595767
2652	2543	GAS STATION	40c618c523ac05e4	4586768	-4538966	-543419
2653	2544	SEK	40c6302a41355dd8	1436432	-3786235	-2088807
2654	2545	INDICATOR	40c64309db73eb16	2467504	-1368086	-3376450
2655	2546	ASDEV	40c64607913d7c0d	1825712	-5011857	-1246317
2656	2547	RASANI	40c6482878fb5df0	3904272	-4465172	-654400
2657	2548	SUNDANCE + CASSIDY	40c64de97e19908f	2677136	-4584941	-930369
2658	2549	SAL9000	40c65d2ed333ede3	816080	-5243706	-2675767
2659	2550	CAROTINE	40c65f57365440fe	2952848	-4148045	-935187
2660	2551	PARNIA	40c65f69f35e3c92	2846064	-3921160	-1026430
2661	2552	CORTA'YO	40c6602ed1d7d57d	5262480	-4336210	-502049
2662	2553	CHARON'S SHIP	40c676248e1dacb6	4479984	-4463093	-575170
2663	2554	TASANDRA	40c68e4e4b96fcd7	5300336	-4942418	-440846
2664	2555	AKAISA	40c68fd480033c21	5469264	-6372338	-331449
2665	2556	ARCATERA	40c691890deed56a	3459632	-4395682	-759830
2666	2557	LIGHTHOUSE	40c69d64f8e69e97	3904272	-4365172	-679394
2667	2558	BURON	40c6a2b83bf0a408	2270352	-5002262	-1020476
2668	2559	XNO 1	40c6d475ded3a2ca	4686768	-4339542	-574721
2669	2560	XNOL II	40c6d66ea9b43771	-4125712	-741072	3824385
2670	2561	BEELZABUB	40c6dbbb194d2cb1	4755696	-4489030	-548211
2671	2562	TSLAN	40c6ed81585cff8a	2132496	-5007520	-1099311
2672	2563	VB004	40c6f154672d5f41	2952848	-4448045	-894343
2673	2564	BUOY	40c6f93680983ecf	4548912	-4726574	-547070
2674	2565	TERRANOVA	40c6fb2ad31ea0e1	4211056	-4391175	-636311
2675	2566	GAS STATION.2	40c70217fea99f6a	4993552	-4486913	-525769
2676	2567	FUTTERMAN	40c70314bb85387b	3159632	-5049345	-738505
2677	2568	GREY MOTHER	40c713a06663a3ef	4242128	-4471280	-622913
2678	2569	SOLITARIA	40c7172ee15e6c40	3835344	-4633056	-665323
2679	2570	OCIPORT	40c71991c829b8a6	885008	-5065379	-2638278
2680	2571	HELEN	40c719e5d6dcac5a	4173200	-4384233	-646459
2681	2572	JOMNIA	40c71cc3f5ce336e	5024624	-4042805	-582543
2682	2573	HANDEN4	40c726364bdcaf89	3497488	-4808808	-704715
2683	2574	CEC	40c74d17a65d31f8	4142128	-5082625	-566677
2684	2575	SULETE	40c75e5b349e82d3	3973200	-4325956	-696113
2685	2576	GREY FOOL 03	40c76495627c2086	3973200	-4725956	-637858
2686	2577	BLUEMUG	40c779ee9afd3847	2270352	-5687361	-930884
2687	2578	YELLOW MOTHER	40c77b21fbfeea34	1267504	-4880605	-1943405
2688	2579	AMATERASU	40c77be79bbe9f79	3259632	-4697415	-785262
2689	2580	KLEEMAN	40c77d92ad3aa749	3221776	-4389395	-850477
2690	2581	QUINT	40c78312fcaaf8fd	4448912	-5540329	-488394
2691	2582	BORGES	40c790a99921bf39	4755696	-4389030	-578038
2692	2583	WALT WHITMAN	40c794185bcfe9f7	-4839280	-712184	3502782
2693	2584	PROTUS	40c7a08302f0a531	1329648	-3832069	-2374152
2694	2585	ORANGE PEARL	40c7ba432000357f	3121776	-4655657	-835874
2695	2586	DIVINE GRAYS	40c7c1798c3f69fc	3459632	-4495682	-782012
2696	2587	LITHIUM-SOURCE	40c7c1a7a1d6d5e3	3766416	-4929610	-655105
2697	2588	RCGOOD	40c7c1dd70bac62b	2677136	-4342507	-1046299
2698	2589	WARMFILLING	40c7d8c19d062959	5638192	-6304262	-343498
2699	2590	GILGAMESH	40c7d94f5782de45	4211056	-4791175	-605208
2700	2591	GRIMMY	40c7db3aac005d9d	3559632	-3619846	-947936
2701	2592	LIFRA	40c7e71ee3f97309	3221776	-4589395	-827691
2702	2593	CONCENTRUS 2	40c7ed7e3ef65b45	3835344	-5033056	-634651
2703	2594	AIRA	40c807b9110a5b44	4142128	-4582625	-648170
2704	2595	LAURANIS	40c813d4cfae9ace	4311056	-4186995	-682959
2705	2596	GORT 42	40c81d635acc3dd6	3052848	-5043317	-801922
2706	2597	NEWA	40c831ac94c14e34	1681072	-4038936	-1824421
2707	2598	KILLING STAR	40c8347560111efb	1698576	-2677692	-2724758
2708	2599	TOHO	40c83768c8f637aa	4755696	-4289030	-607865
2709	2600	BULBI	40c838668c1fbe60	2101424	-6142806	-960659
2710	2601	CROSSED	40c839f000000000	1550000	-4850000	-1650000
2711	2601	CROSSED	40c839f000000000	-1650000	-4850000	1550000
2712	2602	QUARTZ	40c84103e68876ac	3666416	-4331653	-781911
2713	2603	BLIGHT	40c846d35a516c5a	4686768	-4539542	-584216
2714	2604	GIRANDAN	40c8487889a2d7b8	4311056	-4386995	-657390
2715	2605	FOOL'S ERRAND	40c8505cd4d244a0	2539280	-4280565	-1145284
2716	2606	FALKENHARDT	40c86635e77dcd1c	2570352	-4004679	-1213630
2717	2607	UNFRUITFUL	40c8671084eb10dc	4311056	-4586995	-631821
2718	2608	ORSINAI	40c868ee1fe00d53	3735344	-5373064	-622706
2719	2609	PSYR	40c869246c17c2dd	4648912	-4143891	-648770
2720	2610	FUTILE GLOW	40c87b376fec5c5a	3935344	-4424120	-719938
2721	2611	JIMPLANET	40c87dfb30922cf4	3528560	-4522694	-785781
2722	2612	HOPPER	40c87edd3042b799	2025712	-4666774	-1326670
2723	2613	GRINTAGRIOUS	40c8826378883c10	2777136	-3826086	-1180999
2724	2614	OPTIMUS PRIME	40c886dcb214d36d	5062480	-5212834	-475854
2725	2615	STREYKARP	40c8885000000000	1650000	-4350000	-1750000
2726	2615	STREYKARP	40c8885000000000	-1750000	-4350000	1650000
2727	2616	TARASOV	40c888b4e6cfb812	3973200	-4425956	-714317
2728	2617	MESSEIR	40c88edcefad1324	1956784	-4037178	-1591634
2729	2618	LIGHTTOWER	40c891406aa3ca5f	4755696	-4989030	-530150
2730	2619	SOLARIS LUPUS	40c89686bbc5414a	3766416	-4629610	-721972
2731	2620	NORMALITY	40c896b112beedfa	3728560	-3416425	-988306
2732	2621	LYNCH	40c896b69ca5c617	3735344	-5273064	-639164
2733	2622	ANA	40c89de8557218f0	4479984	-4363093	-644809
2734	2623	FULOFUEL	40c8adb2db5b1ab5	4855696	-4127844	-630397
2735	2624	FREE FUEL FOR ALL	40c8ae864d29b2d5	4648912	-4343891	-625771
2736	2625	ENGIROTORTES MAJOR	40c8b46d36f5af14	2952848	-4848045	-883575
2737	2626	VARCIR VUDLAH	40c8b9d000000000	1550000	-4950000	-1650000
2738	2626	VARCIR VUDLAH	40c8b9d000000000	-1650000	-4950000	1550000
2739	2627	TERGIVERSATION	40c8be4ce8bac3d9	3152848	-4238818	-947940
2740	2628	TWO DAUGHTERS	40c8c7837f1f913c	3835344	-4433056	-746195
2741	2629	CHEK	40c8d4fa949d0b78	4142128	-4782625	-641787
2742	2630	MINOA G/0	40c8ef8297004bf1	4173200	-4584233	-667350
2743	2631	GONTURAN	40c8f00cdd942092	5062480	-4612834	-546758
2744	2632	NURVAN	40c8f916a007d4c7	3459632	-4595682	-804194
2745	2633	DEPOT2	40c90bf7936c326e	4617840	-4849796	-572610
2746	2634	BENNY MAJOR	40c9167e0505ce6a	3121776	-4855657	-847391
2747	2635	GREAT LADY	40c925939a20ac17	2163568	-4986571	-1193383
2748	2636	GM-E1-02	40c941f000000000	2750000	-1650000	-2850000
2749	2636	GM-E1-02	40c941f000000000	-2850000	-1650000	2750000
2750	2637	SMITH	40c94759b574f3e6	4617840	-4549796	-616019
2751	2638	ELOHIM	40c952cb48b6195a	3290704	-4437570	-887888
2752	2639	PROMAT	40c9543446f2e33e	1756784	-6033924	-1223400
2753	2640	MILLER	40c959303662c3f5	2777136	-4875685	-958490
2754	2641	SOL BIANCA 1	40c959ab3dfe8f7b	3290704	-4337570	-909321
2755	2642	LAXIUS	40c962f0bd2344a2	4273200	-3965722	-767003
2756	2643	SINCLAIR	40c96a64c619220e	2570352	-4204679	-1204051
2757	2644	B EXPRESS 7	40c96a95a56211f9	-5263568	-539063	4586309
2758	2645	MOUSE	40c96ae7b045f856	4479984	-4563093	-636603
2759	2646	FUEL	40c96c07bd0bc799	2570352	-4504679	-1124147
2760	2647	LONEWOLF	40c97a257fbc39a3	5431408	-4570202	-525500
2761	2648	WUNDERLICH	40c97dd5fcaf3167	2332496	-4519761	-1238026
2762	2649	SIGLAR-1	40c981d9eb98fcd4	1467504	-3757636	-2368314
2763	2650	QUIETBONE	40c98303a06f852b	6382832	-3560485	-574762
2764	2651	HANAARAST	40c9830657e0f299	1053936	-4524978	-2738928
2765	2652	GRAND EASEL	40c98609a1ea326b	2677136	-4642507	-1051450
2766	2653	FLYING A	40c99a4748b933bf	1160720	-4627984	-2440257
2767	2654	OCTOBER	40c9a01bc008eec1	4004272	-4232329	-774173
2768	2655	PUERIBUS	40c9b136f76addd4	3866416	-4513508	-753788
2769	2656	TRALFAMAGORIA	40c9d12f1bbda765	3904272	-4765172	-710492
2770	2657	AMBIENT	40c9d6873ec76feb	2877136	-4366430	-1053033
2771	2658	HEATER	40c9e0d99d566760	4173200	-4684233	-677795
2772	2659	PELLUCIDAR	40c9e23763496bf7	-3539280	-1680833	2227697
2773	2660	LUCID BLUE	40c9e54dee3aeb13	3966416	-4066334	-822047
2774	2661	REDGIANT	40c9ec217558abd6	3639280	-1635502	-2229864
2775	2662	PORTAL	40ca119ea1c13273	3935344	-4324120	-784352
2776	2663	PORT AUTHORITY	40ca11babebaf25b	3390704	-4178474	-942087
2777	2664	SILVIA	40ca11efd93a2532	4004272	-4432329	-752067
2778	2665	LUENEN	40ca122231fade5c	4855696	-4427844	-620842
2779	2666	SRW	40ca1298eb0bdd6a	2952848	-4948045	-913651
2780	2667	LISTA 25	40ca2952b74dac0c	2539280	-4680565	-1126996
2781	2668	OLBRISH	40ca29d3db5bebf7	3697488	-4216870	-859146
2782	2669	KAFRION	40ca33cbf609c44f	4279984	-4828393	-649180
2783	2670	CARRE	40ca3657c588e511	4686768	-4439542	-645005
2784	2671	SOLAFARENSIS	40ca3fe5e064e019	2677136	-5584941	-898884
2785	2672	REDDULL	40ca5093e441cf55	4073200	-5702744	-580029
2786	2673	ARJUNA	40ca5eb024d1b5e6	3866416	-4313508	-809541
2787	2674	TRIUMVIRATE - CAESAR	40ca5fa08bfe6ba6	4142128	-5182625	-629021
2788	2675	LUVEROSTINOY	40ca6f4f2d040ffc	1229648	-4810891	-2287914
2789	2676	NEMEZIS	40ca6f838936dd57	3359632	-4245485	-948943
2790	2677	MAGNUM	40ca72122d6196ac	4004272	-4632329	-729962
2791	2678	MORITZ	40ca7abac6a4a050	3252848	-4365390	-954754
2792	2679	MISER	40ca8434570e4633	4955696	-4335983	-631819
2793	2680	IRRATIONAL	40ca8e129e9c64df	2946064	-4419070	-1044342
2794	2681	LINGUIST	40ca9206f24344a0	3459632	-4262483	-922520
2795	2682	BLUNA	40ca99cc31116253	2983920	-4535971	-1006252
2796	2683	YITTIMUS	40ca9dd82accd314	2914992	-5064231	-923148
2797	2684	VANESIA	40ca9dfa29a53090	3666416	-4731653	-785554
2798	2685	ROTOR IGNE	40cabe04ceacb0ea	3866416	-4813508	-735695
2799	2686	UR	40cac63dfea4f883	2777136	-4026086	-1226053
2800	2687	FAR RUBY	40cad8acc9213e38	3835344	-5233056	-684851
2801	2688	OUTREACH	40cadc756b473e5e	3935344	-4824120	-724426
2802	2689	SWEET SURPRISE	40cae35b7ea8579a	3697488	-4316870	-862491
2803	2690	LOOSE	40caf3c93e400326	3359632	-4345485	-945226
2804	2691	SOLUS	40cafcc03e48dd95	4755696	-4689030	-619630
2805	2692	QILAQI	40cafef0a564398f	3459632	-5095682	-784034
2806	2693	HIGH LIGHT	40cb04322b5f89a8	4311056	-4686995	-684572
2807	2694	HOX	40cb0a5a647117f0	2877136	-3840737	-1252878
2808	2695	ADELEUM-ORANGE	40cb0f4d17c5a0b0	4617840	-4649796	-645240
2809	2696	ARCHIMEDES 241	40cb14ecd9ec190a	3390704	-4378474	-933972
2810	2697	WILLIAM_HALSEY	40cb15cf3739cf86	586096	-3805709	-6217239
2811	2698	FRENZAL	40cb1c75ae9013e6	3666416	-4631653	-817411
2812	2699	KANG	40cb25a8e08b8c3f	2432496	-4060346	-1407273
2813	2700	BRIGHT CITRUS	40cb3d2873d216c2	475376	-6189548	-4739836
2814	2701	SPENT	40cb46449cff592c	4686768	-4939542	-603207
2815	2702	BLINDED EYE	40cb5a43e447f681	3935344	-4524120	-786596
2816	2703	NEXUS	40cb5be8caf4eb64	2081072	-3041345	-2213185
2817	2704	ASTARIA	40cb5d7a4843c562	2846064	-4721160	-1042736
2818	2705	REDORAN	40cb67f1eaeecfab	4855696	-4327844	-667718
2819	2706	MONTOYA	40cb7272ccf5013a	871440	-4940780	-3263870
2820	2707	ALBATROSS	40cb76cd5a282ae2	3359632	-4445485	-941508
2821	2708	VELPY	40cb77d20349ed7a	3052848	-4436380	-1038398
2822	2709	YAMOO	40cb7c3b34a69269	4273200	-4365722	-754329
2823	2710	BET BLAZE	40cb8a17e97a5fa2	5055696	-4381963	-636466
2824	2711	SKOGEN	40cb8b4631254d1a	3421776	-3825800	-1077268
2825	2712	LUMINO I	40cb9364574cb652	2056784	-4810337	-1427030
2826	2713	RIZI	40cb9c1e667e48f4	3628560	-4254023	-915798
2827	2714	RABBIT LEAP	40cb9e1daa5fc7e0	3697488	-4416870	-865835
2828	2715	BLOU-5	40cba5c250ac09d5	4479984	-5163093	-611983
2829	2716	BEACON	40cbb51c9b5d1e00	4379984	-4531379	-714766
2830	2717	MARIA	40cbbc74971cf957	2708208	-4423615	-1185378
2831	2718	ARMOUR	40cbc30d8eb7f963	1122864	-4909945	-2578195
2832	2719	DIABLERO	40cbc7e98015d648	3904272	-5465172	-666611
2833	2720	MAJOOMAJOO	40cbd09de9fb8a19	4173200	-4884233	-698686
2834	2721	BERDEM	40cbe821e62d0fcb	479312	-4729315	-6303227
2835	2722	PETRA	40cbe828bfc81b93	3321776	-4423134	-972480
2836	2723	AGNOSIA	40cbe99d26daa30c	3797488	-3655365	-1029538
2837	2724	TVIP	40cbeba05943cb30	4073200	-4400279	-797583
2838	2725	CANABRAVA PRIME	40cbf484b3d5e71c	3221776	-4689395	-947370
2839	2726	HANNAH CLEAR	40cbff2a1081eed5	4273200	-4465722	-751160
2840	2727	PIRIUS	40cc056dadd78d16	-1704272	5953118	-1414078
2841	2728	SCATHR	40cc09bb66e6df6e	2777136	-4526086	-1142082
2842	2729	SENSENBRECHT	40cc0d40ba90dbda	3559632	-4419846	-912889
2843	2730	EPHESIA	40cc129e29209ee0	3390704	-4578474	-925857
2844	2731	LA BELLA LUCIANA	40cc13b068fb807d	4004272	-4332329	-828656
2845	2732	RED BREATH	40cc2a913385c2bb	2056784	-4710337	-1488534
2846	2733	OAKENSHIELD	40cc2bf30738ab69	3321776	-4323134	-1004416
2847	2734	TOMB	40cc3031eeb1b712	1887856	-4787917	-1596698
2848	2735	GASSY	40cc3c834ea41b83	3866416	-4413508	-847201
2849	2736	DELETRA	40cc4887a0186d21	2739280	-4319060	-1223981
2850	2737	2STARSN1	40cc5afd8798e68e	2401424	-4717129	-1281621
2851	2738	VWSTPHA	40cc6d197ce9cd53	4955696	-4635983	-633493
2852	2739	SENGIR	40cc6f60d4f8e011	3390704	-4278474	-1003565
2853	2740	DANIMAR	40cc7918402262e7	3359632	-4645485	-934073
2854	2741	DESTRONOVA	40cc79d86efb3bb0	2639280	-4449812	-1241427
2855	2742	LET US SLEEP NOW	40cc7b3856199f65	3597488	-5147303	-787501
2856	2743	FAIRY	40cc80be4103ebaa	4273200	-4565722	-747991
2857	2744	B EXPRESS 6	40cc8e03c33088cb	-4825712	-700799	4323081
2858	2745	GEMINI B	40cc9876f644f814	4073200	-4500279	-798718
2859	2746	SULFUR	40cca4ad4b56225a	3935344	-4724120	-788840
2860	2747	LIZERJA	40cca6feae40949e	4855696	-4227844	-714594
2861	2748	HANDEN3	40ccb1f8503d2649	3866416	-4913508	-773355
2862	2749	PERPETUA	40ccb351d2bbae26	2877136	-4666430	-1094495
2863	2750	ABIGAIL	40ccb93ea2e32a8e	4035344	-4384112	-831279
2864	2751	THE BITTER WORD	40ccd358a19dab7d	4686768	-5139542	-612703
2865	2752	HUSSELL'S STAR	40ccd811a6559ea8	3966416	-4366334	-852728
2866	2753	ASCHAL	40ccd9609516f448	3459632	-4462483	-956745
2867	2754	AURORA	40ccda16b463b11c	2877136	-4566430	-1124365
2868	2755	MEOWSTAR	40cceb1e33313f58	3728560	-4316425	-919982
2869	2756	HARD YAMES	40cced8040c029a6	1298576	-4902175	-2326635
2870	2757	LITHIUM DELTA	40ccedfda53c0bd9	4135344	-3844104	-931765
2871	2758	PARSIS' DWARF	40ccf474e4730920	2256784	-3950922	-1662661
2872	2759	HYPERION	40ccf5c22cb26c31	4786768	-4771191	-649231
2873	2760	POOR EXCUSE	40ccf85f2038fa24	3359632	-4745485	-930356
2874	2761	ZZ9-PLURAL Z-ALPHA	40cd040a94e76453	3290704	-4837570	-933229
2875	2762	CLAYPOOL	40cd075562696b86	3490704	-4119378	-1033599
2876	2763	ZAPPA	40cd1780610952af	4479984	-4434365	-749778
2877	2764	VOID	40cd2181f6bbc740	3628560	-4354023	-944058
2878	2765	SALUNA	40cd21a45af21569	4579984	-4373244	-744670
2879	2766	DRAKHNATORIA	40cd29dc1747312d	4173200	-5584233	-640733
2880	2767	ZARSH	40cd3432bf3974d1	3014992	-4469307	-1109646
2881	2768	GRINDERIOUS	40cd3499a622d713	3146064	-3814890	-1245904
2882	2769	THE GATEWAY TO ORION	40cd358cba178b05	3904272	-5165172	-741591
2883	2770	NNOZAM	40cd364b5f625680	3759632	-3830317	-1038610
2884	2771	BLISSET	40cd44037a14f8e3	4717840	-4443207	-714807
2885	2772	GYN	40cd45c6531b34e8	4073200	-4600279	-799854
2886	2773	VB007	40cd491adc982076	1298576	-5002175	-2308327
2887	2774	FUEL04	40cd495565004056	3766416	-4577313	-869757
2888	2775	MARKVERMOTTE	40cd628ab7f17f44	4786768	-4371191	-719039
2889	2776	TIRREB	40cd663a7de3c754	2094640	-4987707	-1440778
2890	2777	BROWN BOTTOM	40cd77160d64e0b1	2977136	-4257174	-1190307
2891	2778	BIPOLARIA	40cd7bd6b616f461	4579984	-4673244	-705294
2892	2779	CHOLISH	40cd8ac1ae24b643	2294640	-4056955	-1624783
2893	2780	SHADOWSTAR	40cd934f3b62d899	4173200	-4174602	-869194
2894	2781	CELESTRA	40cd9574ebcd1d9d	3666416	-5031653	-821054
2895	2782	ABRAXIS	40cd98aee430c1fb	4104272	-4330559	-852568
2896	2783	BEHEMOTH	40cd9a210ca73350	2156784	-4346165	-1616885
2897	2784	NANICUS ALBINA	40cd9c79d9cc95b8	3628560	-4654023	-897767
2898	2785	KOKILO	40cd9e4167e29198	2501424	-4364880	-1388893
2899	2786	LYON'S PRIDE	40cda14ac958a2ac	3459632	-4362483	-1005168
2900	2787	TEMP NO	40cdb23000000000	2550000	-2250000	-2650000
2901	2787	TEMP NO	40cdb23000000000	-2650000	-2250000	2550000
2902	2788	SOPHIA GLORIA	40cdbb6d83ba8689	3421776	-4325800	-1028438
2903	2789	OLD MAN	40cdcd7aa44f77b8	3866416	-4222974	-934540
2904	2790	CLEPSYDRA	40cdd400577962d0	3766416	-4377313	-926318
2905	2791	SHABANA	40cdd5d195009f01	3697488	-4716870	-875868
2906	2792	LISTA 77	40cddbc520871e6c	3966416	-4466334	-862955
2907	2793	FIREFLY	40cdea791a498309	4411056	-4582815	-757700
2908	2794	MORNING STAR	40cdf0dad6ebb600	3935344	-4924120	-791084
2909	2795	ENTERON	40cdf274bd954227	3221776	-5789395	-822046
2910	2796	ENDERS	40cdf32bb0c2d559	3359632	-4945485	-922921
2911	2797	UBU REX	40cdf389b11e4a2e	4073200	-4700279	-800989
2912	2798	RADHARANI	40ce00ffab7a89d8	4035344	-4284112	-888600
2913	2799	LISTA 67	40ce0ad739f3980e	6076048	-4662860	-542913
2914	2800	SAMZA	40ce1508e7189909	4411056	-4382815	-796679
2915	2801	BLADE	40ce1b5540768fc5	2194640	-4737867	-1482477
2916	2802	AARON	40ce2d12ec585342	3083920	-4448212	-1126274
2917	2803	TRI-POLERI	40ce408a12fc8c50	2401424	-5017129	-1285587
2918	2804	HOBOTHIAN RUNAWAY	40ce47f1aacc172b	3728560	-4416425	-941518
2919	2805	HANDEN1	40ce5216815cbffc	4617840	-5449796	-616864
2920	2806	BEAR HUG	40ce54e8ac5d6b3b	3459632	-4762483	-942547
2921	2807	DAYLIGHT	40ce57a15f7139d0	2739280	-4419060	-1283371
2922	2808	AKLYORNAP	40ce598ec4a321d1	-568592	-5042444	5419815
2923	2809	VALDEZ'S STAR	40ce68440ca324f0	2601424	-3943702	-1517513
2924	2810	FREE ASSOCIATION	40ce6e91fbbd6f98	2777136	-4726086	-1187136
2925	2811	USSHER	40ce7044a6f73390	3659632	-4375081	-973353
2926	2812	TERBIN-A	40ce713952f5760d	1636432	-4116987	-2313501
2927	2813	NOVO	40ce755b6268b4e2	4648912	-4643891	-722344
2928	2814	DOXENION	40ce7a8d89c09f8f	3183920	-3960454	-1237541
2929	2815	SOO TETRA	40ce801ee8951c9b	1360720	-4607373	-2490889
2930	2816	RSVP	40ce80780701678d	3559632	-3910553	-1121896
2931	2817	VB008-L	40ce80ff019e17d8	1153936	-5025854	-2692983
2932	2818	DEVIL'S PLAYGROUND	40ce8bd472127f05	4786768	-4671191	-699451
2933	2819	MANU	40ce94b5aabf02e9	4679984	-4383396	-763247
2934	2820	FUELER	40ce99b63a0d619b	2270352	-6002262	-1149713
2935	2821	LONITURI	40ceb04350f8cf0b	3859632	-3454480	-1178467
2936	2822	ERIKA	40ceb741120f1400	4817840	-4467690	-730629
2937	2823	BIG RED	40cebc19032ea04f	2977136	-4457174	-1185882
2938	2824	VITADONNA	40cede00a11db58b	2777136	-4626086	-1230145
2939	2825	ANNAIR	40cee08e26865f01	3973200	-5325956	-747084
2940	2826	FRATELLO	40cee09dcf63f5be	4648912	-4943891	-687845
2941	2827	LONELY BLUE GIANT	40cee15658ebe61e	3321776	-4723134	-1007743
2942	2828	KOORSCH	40cee3870e779577	3966416	-4566334	-873182
2943	2829	RECTANGUKA	40cee7ef442b59a2	3421776	-4425800	-1044887
2944	2830	IBO	40ceed3a8336803f	4104272	-4530559	-851560
2945	2831	BITTER WORD	40cf0d65728c8ab9	4648912	-5143891	-664846
2946	2832	WILD	40cf0db6caa78b6b	3014992	-4769307	-1105707
2947	2833	PWIN	40cf0ffc7a44b04d	3966416	-3899706	-1028195
2948	2834	FENIA	40cf3dc28a2c0fa7	4342128	-4559934	-807862
2949	2835	PARSIS	40cf41a11567675b	2952848	-6448045	-840503
2950	2836	ANNRE	40cf4679860d8a14	2983920	-5635971	-952172
2951	2837	NOITUAC	40cf4851bc7ab2d9	1360720	-4807373	-2448470
2952	2838	LI-REFUEL	40cf56903906bad0	4173200	-4474602	-859250
2953	2839	REFUELING STAR	40cf56abd420b02c	3552848	-3645109	-1238973
2954	2840	VERCANUS I	40cf694601ad7382	5876048	-5541237	-493927
2955	2841	LAST HOPE	40cf6b7270e4e896	4579984	-4773244	-735859
2956	2842	SPUR 1 TRAF STATION	40cf82a99ef3362a	3628560	-5054023	-879736
2957	2843	HOUDINI	40cf93cab1e81abf	2325712	-4064684	-1710261
2958	2844	GAGARIN	40cf9ca03aacdb8c	3728560	-4216425	-1029518
2959	2845	ZEBULON	40cf9e57a5f4c203	3290704	-5937570	-828541
2960	2846	LUMINARE	40cfaaabc008ade2	4679984	-4583396	-755859
2961	2847	DON'T SCOPE HERE	40cfb49c8b3c8c84	4004272	-4832329	-838928
2962	2848	REIKYUUSHA	40cfb4f1272e8bb1	3352848	-4291963	-1128113
2963	2849	KAYIN MAJOR	40cfbb09f8eeb1e5	3866416	-4322974	-971980
2964	2850	HANDEN5	40cfca519e83c911	3083920	-4648212	-1135470
2965	2851	ADELPHE	40cfd311c6db62cb	3352848	-4391963	-1106519
2966	2852	LISTA 98	40cfe3e10e7a14d0	3290704	-5837570	-849974
2967	2853	GREY STAR 4	40cfe475b7a24d91	4173200	-5284233	-740468
2968	2854	LELEFODAO	40cff99a98c490b4	3352848	-4591963	-1063331
2969	2855	GLOWER	40cffc3d02068cb3	4035344	-4484112	-905031
2970	2856	ANDRAMON	40d001c452236028	3252848	-4375194	-1151718
2971	2857	BEEPEE	40d008f0c853bcc6	2601424	-4243702	-1487342
2972	2858	RENEGADE	40d015e7e36baaeb	3659632	-4575081	-983785
2973	2859	YOUKO STAR	40d01722c7278e02	3559632	-4410553	-1049465
2974	2860	GALLID	40d01e12d5571c77	3052848	-5636380	-959161
2975	2861	LISTA 92	40d02007b784d6ab	1322864	-4526047	-2757837
2976	2862	GREY FOOL 04	40d02077ea13375c	4104272	-4730559	-850551
2977	2863	ROTATIVA	40d023640a5b5164	2432496	-4960346	-1369595
2978	2864	ISKALYRIA	40d029282a852991	5193552	-4976463	-640290
2979	2865	BLUE LAGOON	40d02b22e787966e	3559632	-4210553	-1104652
2980	2866	TRECHEROUS LIGHT	40d02c5b1aadad23	3490704	-4419378	-1073553
2981	2867	AURON	40d02ce4690d53ec	3290704	-5637570	-892839
2982	2868	YANASUL	40d02cf2f27101cf	2394640	-4207114	-1644127
2983	2869	MUSIAL	40d03379373b3320	723952	-3821710	-5996200
2984	2870	BASEMENT DH	40d0390e0bb24a4b	2601424	-4143702	-1541090
2985	2871	HOF 1	40d043b281b55090	1974288	-3727656	-2263043
2986	2872	NATHANATOS	40d044378971351d	492880	-5929765	-5699210
2987	2873	DILECTA SCRAMBLED	40d044bed0fbe416	4717840	-4843207	-729075
2988	2874	HORAGOR	40d0456902f5446c	3659632	-4875081	-933896
2989	2875	BRAHEMIA	40d046014964454b	4411056	-4482815	-842726
2990	2876	TIFERET	40d04aafb1c5dcd7	4035344	-4784112	-864143
2991	2877	TARDI	40d04b75bbb62d93	4104272	-4430559	-917600
2992	2878	RAIDEN	40d04c98e71427df	4479984	-5134365	-725610
2993	2879	ASCENDANCE	40d05cda586f4a01	4679984	-4783396	-748470
2994	2880	NEAR SHOT	40d0628e9aa5e66f	2770352	-4528842	-1337285
2995	2881	BLOU-6	40d06990a79c56ec	4004272	-5432329	-772612
2996	2882	LISTA 24	40d07f9b22cab4b5	3966416	-4766334	-893636
2997	2883	YIGHTHOTH	40d086af126fe22d	4173200	-4774602	-849306
2998	2884	PAX	40d08a0ca7c9f0c5	4748912	-4661208	-765109
2999	2885	OUTPOST	40d08a80605ba623	3459632	-5895682	-830421
3000	2886	NX1	40d08b8fc8f99a3b	5055696	-3874401	-864939
3001	2887	OLYMP	40d08b9dc4d8b64c	4342128	-4859934	-802867
3002	2888	SOLLVERNE	40d08c057a3fbe28	1956784	-5537178	-1563820
3003	2889	KATERI	40d08c09693c5a29	4511056	-4378635	-857833
3004	2890	ASKEW 179	40d0931359e74210	4254608	1005639	3966789
3005	2891	KYRIA /LI+ 0	40d097a2bdef9cc3	3766416	-4777313	-944268
3006	2892	HANDEL	40d09a8e40dc085e	1109296	-4614243	-3321680
3007	2893	TIRENTE	40d09f2ea650b537	4479984	-4934365	-769964
3008	2894	TROUBLED	40d0a2a97525c59a	4817840	-4567690	-774077
3009	2895	LYONESSE	40d0a325b22ffe52	3797488	-4355365	-1030058
3010	2896	SMILJANA	40d0a3949b54ffba	3866416	-4622974	-953228
3011	2897	BLUE BERTH	40d0a52b96a6882c	2018928	-4764914	-1771793
3012	2898	ZERCANA 1	40d0a7362efdc543	3452848	-4318536	-1143623
3013	2899	FERRAYAH	40d0b8cfbf3aa570	2708208	-5523615	-1144671
3014	2900	PULSAR-5	40d0b8e41a1b2ae2	1667504	-4213447	-2437192
3015	2901	SNOOPY	40d0bc13b5251534	1567504	-4324217	-2528140
3016	2902	EYES IN THE DARKNESS	40d0cb2a3062ea00	4342128	-4659934	-849888
3017	2903	SOLEM	40d0d1f99e30f837	2601424	-4543702	-1457171
3018	2904	TRILLON	40d0d28e2056f146	4579984	-5173244	-727048
3019	2905	IZIURS	40d0d2f265720d5c	5562480	-4129065	-750083
3020	2906	XNO13	40d0df2b4f137bc2	4066416	-4519160	-940136
3021	2907	JEHOVABOH	40d0e1e5c689903d	3897488	-4324932	-1025582
3022	2908	RUIN	40d0e1febe54ec51	2532496	-4432003	-1540265
3023	2909	DOUBLE DULL	40d0e2cfc8369721	3521776	-4259539	-1152662
3024	2910	CONSENSUAL WORLD	40d0e90f59a94ff6	2839280	-4419379	-1380016
3025	2911	YELLOW	40d0ea16335da7e4	6076048	-4328697	-658534
3026	2912	NOVALIS	40d0ea83fe381ebd	3452848	-4218536	-1189215
3027	2913	BLUE SHADOW	40d0ecf647b10ef6	4166416	-4003058	-1039179
3028	2914	HOLLY	40d0f5cebfb546e7	4479984	-4634365	-836496
3029	2915	BARDON	40d0fa325154b76b	3866416	-5413508	-830581
3030	2916	GASSMANN	40d0fb238910c6d5	3077136	-4547919	-1242522
3031	2917	PHOTONIS	40d1003844ad6e3c	2839280	-4519379	-1356700
3032	2918	SOPHIA	40d1025fc8b3eb1b	4035344	-4684112	-921463
3033	2919	KRESPH	40d107acbdbd3054	4886768	-4502840	-792512
3034	2920	1.6647	40d10860494738e9	4373200	-4347211	-917432
3035	2921	ZINDABAD	40d109d5b4e29e5d	4579984	-4237351	-899023
3036	2922	XNO16	40d10d00f1b8093d	2670352	-4552998	-1436080
3037	2923	VERFLIXT	40d113531a360f84	4173200	-4674602	-896312
3038	2924	MEDUSA 5-9	40d11410fa81f8ec	2839280	-4619379	-1333383
3039	2925	CHMEE	40d114a2263287da	1674288	-4731251	-2207989
3040	2926	WISP	40d118b5e6a29e29	3559632	-5919846	-830792
3041	2927	BORKBORK	40d11b13e65caca5	4373200	-4447211	-900649
3042	2928	THISTHAT	40d11c4f43d9c8dc	3214992	-4379458	-1244413
3043	2929	MONOCHROME II	40d11ca11e4f3563	5193552	-5076463	-664616
3044	2930	ONE PAIR	40d128ee0dc97b80	4442128	-4548589	-869654
3045	2931	CLEMMA	40d128f9fd4c6668	3759632	-4330317	-1079329
3046	2932	CORAL	40d12a1c0d591477	4373200	-4547211	-883866
3047	2933	TOURRESH	40d13057e57bcf7d	3077136	-4447919	-1286006
3048	2934	ATX 237	40d138944153516c	3521776	-4359539	-1148567
3049	2935	LITHIA ALPHA	40d13c0a0472165a	4917840	-4292172	-836080
3050	2936	GROAK	40d13d2b4d2a9cde	4373200	-4747211	-850301
3051	2937	SILVA	40d13d5201cd1ec7	3828560	-4247754	-1085502
3052	2938	LITHIOS	40d13da68e4c4655	2977136	-5057174	-1172604
3053	2939	BOOOM	40d144f935635e8a	5155696	-4627943	-741144
3054	2940	INONOMA	40d146133fc37b71	3766416	-5077313	-924962
3055	2941	HOPES	40d14947661cf11d	3897488	-4024932	-1128385
3056	2942	SEARCHER	40d14950b1ddc079	2263568	-5263563	-1485699
3057	2943	ZEGUNDA ROUGE	40d14ef4e385aa59	3590704	-4329210	-1140169
3058	2944	JULIUS	40d150e36cc25985	3659632	-4227550	-1146095
3059	2945	KAGANEK	40d1526bc8615c5f	3390704	-5478474	-954877
3060	2946	OLMEC	40d152f5c6e59634	2708208	-5623615	-1164802
3061	2947	PURPLE LIGHT	40d15774cf3137d1	5938192	-4342459	-688652
3062	2948	ANDROZANI	40d1587b1089d457	4066416	-4419160	-988413
3063	2949	HO HUM	40d158f11e7bc34c	2908208	-4507513	-1355104
3064	2950	BYZANTIUM	40d15c2f78a44796	2770352	-4428842	-1448862
3065	2951	LONLEY	40d160aa19a471bc	4135344	-4444104	-968264
3066	2952	CLARK	40d1612e2640998c	3928560	-4010155	-1129654
3067	2953	ORBITARIUM	40d1612e75ff62e9	4442128	-4248589	-942984
3068	2954	AARAU	40d1618ca5a25e88	3828560	-4347754	-1069241
3069	2955	IDIOTA'S PRIDE	40d1619d70bb3059	4273200	-4248925	-980280
3070	2956	FRED	40d1729e9001e0d2	4273200	-4548925	-919130
3071	2957	GIANFRANCO	40d175cbb3438d50	4848912	-4378525	-842123
3072	2958	BRINGER OF LIGHT	40d1764b6cda65a8	6313904	-4976597	-569070
3073	2959	PULSAR-4	40d17656d2678b9d	1805360	-4148877	-2387295
3074	2960	ARIES	40d1789df79ac9b4	4855696	-5027844	-732805
3075	2961	FIROMACTAL	40d182aa684e00ca	3828560	-4447754	-1052980
3076	2962	LISTA 69	40d183e3c1edfaaa	3628560	-5554023	-889965
3077	2963	NECTARINES	40d18818cd21bdf2	6313904	-4676597	-607987
3078	2964	PIROS	40d18da122d1c2dc	3521776	-4459539	-1144473
3079	2965	ARBOREA	40d18f3c87e944cc	2601424	-4843702	-1427000
3080	2966	GOD'S HAND	40d18fcb505830ee	2456784	-3449420	-2122039
3081	2967	GLACIAL CALM	40d19183ed553dad	4135344	-4644104	-936740
3082	2968	FULMIRENS	40d1950a533c36bd	2501424	-5264880	-1367090
3083	2969	NYQUIST 04001	40d196da954364e1	3252848	-4475194	-1237292
3084	2970	EXUSYL	40d19844905a388d	3214992	-4579458	-1223743
3085	2971	LISTA 26	40d19b7ed9b45437	2770352	-4728842	-1376276
3086	2972	ASCS 3	40d19d3492d7f464	4204272	-4297716	-998232
3087	2973	PALPATINE	40d19fcb2efbbb3f	2494640	-4026202	-1796825
3088	2974	ALAN-YOUNG	40d1a0ab49d0058d	3828560	-4547754	-1036719
3089	2975	CASTAWAY	40d1a2f68677b7ed	3046064	-4916980	-1205804
3090	2976	SVEZDA	40d1a75d313379cc	2656784	-3263163	-2085174
3091	2977	NIKITTY	40d1a9613f50fb6c	3966416	-4199706	-1085710
3092	2978	XOTH	40d1aac0c8bb41b2	3966416	-4399706	-1036671
3093	2979	MYANMAR	40d1ac7ee625ce32	3966416	-4299706	-1061190
3094	2980	NAZAER	40d1b37d881261bf	4511056	-4478635	-897175
3095	2981	YEESE	40d1ba79b3ea0fae	4066416	-4819160	-926375
3096	2982	HESPERUS	40d1bc1d1ed07283	2394640	-4607114	-1646105
3097	2983	MAELSTROM	40d1bd41aafdf23f	3214992	-4279458	-1320284
3098	2984	COMMUNE	40d1c52e7cba1d8a	4848912	-4478525	-837942
3099	2985	INDETERMINATE	40d1c7fb1ed95e8d	4066416	-4319160	-1036691
3100	2986	GAZURIA	40d1cff859a05d9b	2156784	-5246165	-1612031
3101	2987	BLACK ICE	40d1d8129499362b	2801424	-3939203	-1655792
3102	2988	GRAUBL	40d1d93632196a13	2977136	-4524315	-1356906
3103	2989	LISTA 68	40d1e1f46fd3cc5f	3521776	-4559539	-1140378
3104	2990	OSSE	40d1e2537b42d722	3283920	-4372695	-1275337
3105	2991	GAS STATION 1	40d1e2d99c770117	3590704	-4229210	-1206084
3106	2992	SANGUINETTI	40d1e5ead70fb08d	4511056	-4278635	-949563
3107	2993	KQN 1029	40d1eeacfadf5a5f	-675376	-5328164	5102857
3108	2994	LOCTIS	40d1ef217077ea18	2970352	-3448819	-1792674
3109	2995	PYRE	40d1f42b2f8d021c	4817840	-4667690	-817526
3110	2996	SLEEP	40d1f912580bf5c9	6476048	-3466443	-819832
3111	2997	CLARA BARTON	40d1fa31c64d0b4b	-3832496	-1667789	2880064
3112	2998	OJO CALIENTE	40d1fb9d28bf3860	2363568	-4920888	-1583242
3113	2999	PULSAR-3	40d20390696520c4	2081072	-4141345	-2140325
3114	3000	JOORHIAN	40d20581a9b35a4b	3177136	-4238663	-1370334
3115	3001	MALICE	40d205c3a5cd0464	3728560	-4816425	-1027660
3116	3002	METRIIA	40d20650e4a15d32	3146064	-4414890	-1328862
3117	3003	WISPY'S STAR	40d2083c1585a976	3452848	-4518536	-1183512
3118	3004	MILKSHAKE	40d208b3aeec0da6	1453936	-4344046	-2923830
3119	3005	KROPOTKIN	40d211126e64ccbe	4579984	-4437351	-910313
3120	3006	HYTHCAPHEEN	40d2112800000000	5750000	-550000	-5850000
3121	3006	HYTHCAPHEEN	40d2112800000000	-5850000	-550000	5750000
3122	3007	HARUHI'S WRATH	40d214e2fc24a274	4273200	-4148925	-1044354
3123	3008	DEBORD	40d218f4580ac4b4	4442128	-4448589	-937788
3124	3009	ACHILLES	40d2193ef10ef50d	4955696	-5135586	-728200
3125	3010	PASTEL	40d234a3990bff94	3966416	-5566334	-844380
3126	3011	TI-PET	40d23528a29d42ae	3552848	-3945109	-1330204
3127	3012	URABURRARA	40d2358f23e5eb94	3521776	-4659539	-1136283
3128	3013	LI+-PALOR	40d240f57238ea10	4273200	-4448925	-983204
3129	3014	LITHIUM+	40d241590ef5ccb4	3421776	-5225800	-1045403
3130	3015	USHER	40d2443b463986e6	4204272	-4397716	-1011668
3131	3016	TRIPLESTAR-PRIME	40d245ceacb5670a	4166416	-4103058	-1094541
3132	3017	BAKUNIN	40d2498554812a9e	4611056	-4374456	-928373
3133	3018	DECONSTRUCTION	40d24ff76c0fff18	3452848	-4418536	-1229104
3134	3019	DOCTOR	40d2582f522ec438	1253936	-4943489	-3030374
3135	3020	BENZYNA	40d2588a2689d71b	1767504	-4356122	-2439931
3136	3021	SPERANZA	40d25a0d94362a75	4473200	-4128699	-1017528
3137	3022	BLOU-7	40d25b52af62ee9d	4342128	-5459934	-792876
3138	3023	BALLHAUS	40d2667e0c4f1cee	3759632	-4730317	-1059475
3139	3024	SATIVA	40d2680c241395ce	2739280	-5319060	-1293595
3140	3025	LALA	40d269adb61ed84d	4135344	-4344104	-1049562
3141	3026	CUPOLLA	40d26cabf851d9da	3008208	-4283926	-1464016
3142	3027	WILLOW	40d270c1fcd8468f	4104272	-5030559	-914575
3143	3028	CARL SAGAN	40d27c061ca975ae	5976048	-5034967	-629066
3144	3029	PROUDHON	40d280d221e19623	4779984	-4393547	-902205
3145	3030	XNOL III	40d2873a105ee44c	-5870352	-671185	4815346
3146	3031	BLUPORT	40d28aa69ade4fe3	3759632	-4430317	-1139901
3147	3032	SCYLLA	40d291854f11d275	1278224	-4275903	-3478889
3148	3033	SALAMANDER	40d293e6aa9321be	3077136	-4647919	-1330110
3149	3034	SLART	40d2969fdc4cf1ee	4579984	-4537351	-915957
3150	3035	GRINDERIA	40d298f5d5045d85	4235344	-3935168	-1142622
3151	3036	DO NOT COME HERE	40d29e809f86cf2d	3659632	-4627550	-1125826
3152	3037	GRAYSTAR	40d29ef5f0449446	2463568	-5148972	-1503199
3153	3038	DEFNEL	40d2a747e1f43178	4473200	-4428699	-964194
3154	3039	WHITRED	40d2a859283ee9a7	964656	-5286652	-3746302
3155	3040	HOT SPLASH	40d2b85fef6fd1ab	3590704	-4429210	-1205327
3156	3041	TWINS	40d2bbb840eac878	2977136	-4624315	-1393374
3157	3042	TWINKLE	40d2c388536c4779	4066416	-4619160	-1022930
3158	3043	ORESTES	40d2c397323e4540	5224624	-5018024	-732889
3159	3044	XNO4	40d2ce9df93cc237	4166416	-4303058	-1074192
3160	3045	XNOL XX	40d2ceb800000000	2550000	-2850000	-2650000
3161	3045	XNOL XX	40d2ceb800000000	-2650000	-2850000	2550000
3162	3046	UFO PASTURE	40d2d13dc08cefc6	3552848	-4445109	-1220111
3163	3047	ASKEW 190	40d2d4392b7d17eb	3659632	-4527550	-1163661
3164	3048	FOWL	40d2da0796115c98	3997488	-3863426	-1249943
3165	3049	JEWEL I	40d2da9bd9a09bd0	3521776	-4859539	-1128094
3166	3050	LISTA 37	40d2e3d15198cc4c	4511056	-4578635	-936517
3167	3051	LISTA 85	40d2e6a75a7403fb	3383920	-3984937	-1435301
3168	3052	CORNUCOPIA	40d2e733634e3bab	3897488	-4424932	-1122386
3169	3053	CAMUS	40d2ee1507721ae1	4204272	-4497716	-1025104
3170	3054	AZURIA	40d2f4b6e816417e	4648912	-5743891	-726921
3171	3055	CRAYOLA	40d2f52ecd018072	-3970352	-1646424	2969723
3172	3056	HYPNOS	40d301630d984a22	3552848	-4245109	-1290363
3173	3057	SARIKA	40d3019bad43f4ed	4273200	-4348925	-1047278
3174	3058	QUIET'S GAZE	40d3030566970b65	3659632	-4427550	-1201496
3175	3059	MARCUS' BOUNTY	40d30ae08256c499	2939280	-4388626	-1511660
3176	3060	AGNI	40d30c4a92327ac1	4611056	-4574456	-924719
3177	3061	STELLA ROUGE	40d31010a6b87fba	3352848	-4394601	-1324806
3178	3062	LITHSTOP-1	40d31560bc369410	4679984	-4040337	-1033466
3179	3063	ALMA	40d31aacd40dee6e	4542128	-4637243	-928773
3180	3064	ALBEDO	40d31d79859928d7	4579984	-4637351	-921602
3181	3065	JESTER	40d320da6355bb3b	4786768	-5671191	-721540
3182	3066	DIALIS	40d3218d51e03a43	4273200	-4648925	-986128
3183	3067	POOLSUN	40d321f1bf18aa07	2839280	-5119379	-1347871
3184	3068	DEEPER BLUE	40d322fef40187c9	3452848	-4818536	-1177808
3185	3069	SPECTACLE	40d3231932c0b04e	4542128	-4337243	-994725
3186	3070	HIGH WAY 3	40d32ae6544edd0f	3659632	-4327550	-1239332
3187	3071	NOREA	40d339e1992b2d71	3628560	-6354023	-853902
3188	3072	EARA BELLARO	40d34ab00abc8e45	3177136	-4438663	-1400824
3189	3073	KRELLAS	40d34ebd073a8af3	2156784	-4994504	-1835391
3190	3074	DEAD GENETIC	40d34ef2d7d5b438	4166416	-4503058	-1053843
3191	3075	RUNAWAY	40d35196039858b8	3383920	-4184937	-1396911
3192	3076	01-10	40d360592f2382f7	-737520	-5031334	5347062
3193	3077	COBEEN	40d365021f7e7aa9	4473200	-4328699	-1025662
3194	3078	BALTHUS PRIMA	40d367d842c7c790	3928560	-4510155	-1121510
3195	3079	MASSARAI	40d368b5d94ca6a4	1216080	-5223402	-3128874
3196	3080	LIGURIA	40d36eefd52d3967	1812144	-5358949	-2049157
3197	3081	RENATA	40d372310a42f1c1	2156784	-5294504	-1743812
3198	3082	WITCH	40d37d1fa7dcbe87	4511056	-5078635	-871082
3199	3083	LLANFAIR	40d37fe63eb1d315	3997488	-4363426	-1144751
3200	3084	OBLIVION	40d3872c5fe95bbd	5155696	-4727943	-820349
3201	3085	SECON	40d38e7d10882569	2701424	-4691453	-1580131
3202	3086	DISTANT GLOW	40d392af283f7b52	2325712	-5264684	-1636925
3203	3087	TRILLIAN	40d392f50de8a649	4779984	-4493547	-933179
3204	3088	RADIANT QUEEN	40d3951594fd3cc3	3759632	-5130317	-1039622
3205	3089	HOMELESS	40d398337494b495	2877136	-5340737	-1305790
3206	3090	ALEXANDROS	40d398c34a870252	3352848	-4694601	-1274885
3207	3091	ZACHS "LITTLE BLUE"	40d3999f8479e436	3759632	-4275620	-1248572
3208	3092	KOTYIANI	40d399e510b50088	4679984	-4140337	-1035861
3209	3093	ELECTRA	40d39ac31335ca07	4204272	-4597716	-1038541
3210	3094	SADOC LADEIRA	40d39e5c1004163a	6076048	-5028697	-657493
3211	3095	CYTRY	40d3aec5116fd90b	3246064	-4612800	-1346055
3212	3096	PASKOFF	40d3aee599b96ff4	5017840	-4316655	-930532
3213	3097	MUNICH	40d3af870327733c	3383920	-4384937	-1358521
3214	3098	SOLONE	40d3afc80d2c42a2	4373200	-4023248	-1145765
3215	3099	NEWPORT	40d3b212258ddb61	3621776	-4493277	-1239322
3216	3100	GALAGA	40d3ba821edcb2bf	1729648	-4209995	-2774315
3217	3101	DESEADA	40d3ba89c3cf222a	4917840	-4592172	-894551
3218	3102	AMNESIAC	40d3c034c4430825	6007120	-4721244	-713119
3219	3103	TEKLA	40d3c1e6eb9f416a	3859632	-4354480	-1203783
3220	3104	KAMIS	40d3c6ce898b3088	4166416	-4703058	-1033495
3221	3105	MALAKARIA	40d3cd607b9a6831	4611056	-4774456	-921065
3222	3106	DORESTAR	40d3e3d7d1e634ee	3928560	-4410155	-1175568
3223	3107	SCRU BETA 42	40d3e95cb921fd19	3552848	-4345109	-1320773
3224	3108	LI-1	40d3eb2c3346809f	3966416	-4699706	-1094185
3225	3109	RIMDELL	40d3ee82bc42e804	3966416	-4599706	-1118705
3226	3110	NICOTINE	40d3f62755121513	3559632	-5010553	-1146049
3227	3111	JUNOVA	40d3f6bd346925cf	1485008	-4177919	-3294996
3228	3112	ATHOS	40d3f75ed98e3d0a	3652848	-3940609	-1420373
3229	3113	KANEIKULA	40d3fce33ad36f76	4235344	-4335168	-1114734
3230	3114	WOWBAGGER	40d3fd269bf717f7	4611056	-4474456	-992082
3231	3115	VANEIGEM	40d4016d1c14e34f	4542128	-4437243	-1016432
3232	3116	POST-DAWN	40d40195fd904764	4066416	-5319160	-947130
3233	3117	NIL	40d403650fb120f3	4273200	-4848925	-989052
3234	3118	LEWOT	40d403b800000000	2050000	-4650000	-2150000
3235	3118	LEWOT	40d403b800000000	-2150000	-4650000	2050000
3236	3119	KORAN	40d40449386e4ad5	3246064	-4412800	-1430942
3237	3120	LANKIB	40d406f7a1e575fc	4779984	-4793547	-895029
3238	3121	CONCENTRIS	40d40a719a218dbf	3897488	-5024932	-1047852
3239	3122	XEDURIA	40d40dba61048624	1943216	-4778968	-2211249
3240	3123	RED DAWN	40d4139173d403bd	2770352	-4738986	-1565908
3241	3124	DE POT	40d419da5e033d53	2939280	-4688626	-1493588
3242	3125	QUADRUBY	40d41e57dbd88fcc	3177136	-4191473	-1547012
3243	3126	FILATOV'S STAR	40d42694c65967a1	2594640	-4276362	-1859682
3244	3127	ROMA	40d426f6a6b92dc2	3828560	-4747754	-1135269
3245	3128	BERMUDA GRASS	40d427bc823585b1	3352848	-5891963	-1044753
3246	3129	CHARRAK	40d42b5773ba1105	-2255696	5301817	-1726973
3247	3130	FUEL STAR	40d4326b7879fc66	5324624	-4340098	-894947
3248	3131	PULSE	40d43c68af812721	4166416	-4403058	-1129554
3249	3132	SELINIR	40d442ed455a1e94	3859632	-4554480	-1180281
3250	3133	POWERLESS	40d448c950b46ae8	3897488	-4924932	-1082120
3251	3134	GRANDOISE	40d453d0ac0bb224	2494640	-4626202	-1803638
3252	3135	QUIZBLORG	40d45454cf27f584	2463568	-5648972	-1495860
3253	3136	SYAMASUNDAR	40d45537f542b3e6	3928560	-4310155	-1229625
3254	3137	SOLISEE	40d4561a86b55b87	2601424	-5543702	-1443982
3255	3138	FILLERUP	40d460733befd72a	3452848	-4514008	-1338737
3256	3139	EXXON	40d46137630cb01b	3277136	-4229407	-1505653
3257	3140	PITUFINA	40d463be4d21a060	3452848	-4314008	-1401686
3258	3141	KER 1	40d464d0c93c0649	3452848	-4414008	-1370212
3259	3142	REDGORMER	40d46de74ebf6a3d	1636432	-5716987	-2236086
3260	3143	ROB 002	40d4739b6b793ead	4473200	-4528699	-1033797
3261	3144	XNOL IV	40d4794af7ea9815	-6132496	-628378	5440517
3262	3145	HAREM	40d47cc1a2b77cd1	1353936	-4952744	-3128537
3263	3146	GRINDERIAN	40d48495db1a9754	3652848	-3621750	-1588119
3264	3147	LAVA LAMP	40d48abad56234ab	3690704	-4370114	-1304184
3265	3148	FSS 0004	40d49087e9b62f78	4711056	-4270276	-1046756
3266	3149	IMDIWO	40d4921c8803a5fe	3652848	-4340609	-1328519
3267	3150	WHEE!	40d49b107d4c0303	3621776	-4393277	-1326104
3268	3151	SHAYNE	40d49ba3e0becd84	2570352	-5898082	-1391976
3269	3152	TIPHAINE	40d49d1a7042b518	4779984	-4243323	-1040694
3270	3153	RED HARVEST	40d4a16b12f8529c	4879984	-4503699	-961220
3271	3154	STRAZ	40d4a49988bb8f6d	4679984	-4340337	-1040649
3272	3155	ESSA	40d4b084b1fd2075	2563568	-4504467	-1834688
3273	3156	FRONTIER	40d4b3a72307e47a	3277136	-4429407	-1460385
3274	3157	VB009	40d4b3ab3f9883f0	1560720	-5066469	-2680886
3275	3158	PRIMERA SOL	40d4b3f45ae6f664	3346064	-4310710	-1469769
3276	3159	QUINTANA	40d4b4025dfa67d7	2556784	-4227335	-1961444
3277	3160	QUUX	40d4c443fd92dfc8	4879984	-4203699	-1036613
3278	3161	LIME	40d4ce3038402154	4611056	-4674456	-988428
3279	3162	BLACK CURTAIN	40d4ce686ac220ed	2656784	-3863163	-2075846
3280	3163	DIMBLINK	40d4d274c243ac8b	3314992	-4484534	-1434249
3281	3164	TORCH	40d4d5b34091dd08	4304272	-4664874	-1062549
3282	3165	TANDERUS	40d4d691e3bbb882	3759632	-4375620	-1297103
3283	3166	CALALDAR	40d4d81a0b89c2c8	3283920	-4872695	-1333897
3284	3167	LI+ SOURCE 01	40d4d828c38bb5e1	2663568	-4230720	-1894134
3285	3168	QUADSTAR	40d4da7d2424d144	3621776	-4593277	-1283613
3286	3169	YONGERA	40d4dc8ebd373133	4679984	-4940337	-923944
3287	3170	JAALEMB	40d4e28a74ac1281	3352848	-5094601	-1252013
3288	3171	PATHOLOGICAL	40d4e4adbb0a2342	4542128	-4537243	-1038138
3289	3172	MOTHER GOOSE	40d4eaa86dd2f0a7	3183920	-5560454	-1209816
3290	3173	TANNED	40d4ec8329fd63d5	2456784	-4622578	-1886648
3291	3174	TRJOGON	40d4ed356fafaee6	5255696	-4842851	-841913
3292	3175	PRIMEIRO	40d4ee9cb5732ce8	4066416	-4345367	-1213037
3293	3176	HUR	40d4f3778afce681	2770352	-5828842	-1328582
3294	3177	AREPONE	40d4fbf4adc9916b	4066416	-4445367	-1188702
3295	3178	WASTE OF TIME	40d50786af8f4f2a	4373200	-4823248	-1020911
3296	3179	GRAVITY-1	40d508b852f5a171	2174288	-4070331	-2433752
3297	3180	TURMOIL	40d509566452343f	2387856	-4364330	-2067032
3298	3181	PEPET	40d50a8506282b52	3621776	-4793277	-1241121
3299	3182	DULLARD	40d51cdde400cc31	2081072	-4641345	-2238278
3300	3183	JAMESFENIMORECOOPER	40d51e7a1376cb37	-4790704	-1838731	2455030
3301	3184	ASKEW 200	40d5218f6c37d4b8	3283920	-5272695	-1249674
3302	3185	TOADYSTARRO	40d522708f71a81d	3314992	-4584534	-1424016
3303	3186	HIUKA	40d529c5f68238c1	3859632	-4954480	-1133279
3304	3187	PROTOMAN	40d529c6550d814e	5700336	-4705097	-808001
3305	3188	PLENDERS' STAR	40d52acc36892e9b	4679984	-4440337	-1043044
3306	3189	FER	40d52aefba5e0216	4197488	-3871488	-1333849
3307	3190	STUART LITTLE	40d52d50473e2fc5	3959632	-4309715	-1270753
3308	3191	BOROMIR	40d52f4840c39733	3997488	-4763426	-1139241
3309	3192	ERAMUL?	40d5397bfb6e7a75	3177136	-4291473	-1594029
3310	3193	ANTHEM	40d5476bb4891483	4166416	-4803058	-1088856
3311	3194	SNALFK	40d5492ad4d5ad0b	3690704	-4470114	-1321181
3312	3195	FEWL 1	40d54e87cdba85f2	4166416	-4022099	-1301973
3313	3196	SCOPING SITE	40d54e9252c88367	2563568	-4604467	-1848402
3314	3197	VOYGAER	40d554e5c2b74b71	5255696	-4742851	-876303
3315	3198	ATOG	40d5566a73e5c017	3690704	-4770114	-1241100
3316	3199	SUL REEV	40d5569c011788f5	1385008	-4875829	-3235634
3317	3200	ARGH!	40d5587ed326ff00	5224624	-5118024	-817434
3318	3201	HOLLOW POINT	40d5600f3e282b2a	2863568	-4044792	-1889762
3319	3202	LIT 5	40d562c30c5cf241	5017840	-4216655	-1035000
3320	3203	DOC'S TRUCKSTOP STAR	40d565aa09fbef05	3208208	-4136752	-1650948
3321	3204	VB011	40d5661743ca6ff8	1453936	-5044046	-2987892
3322	3205	JEWELBOX	40d570bb266b0f3a	3314992	-4684534	-1413784
3323	3206	FAELIN	40d57843ce6077a2	4097488	-4132993	-1298211
3324	3207	BROWN ORB	40d57b1a9c03a703	6038192	-4321858	-842897
3325	3208	MAXOSAXO	40d5804a186e8ed7	4304272	-4464874	-1145651
3326	3209	TYNANIAN	40d5890cbd9a876a	4742128	-4145624	-1121731
3327	3210	SIGNIFIORE	40d58b2aacfbd424	2381072	-3819848	-2425493
3328	3211	PYRO'S STAR	40d58fab8c993533	3552848	-4233415	-1467931
3329	3212	GLAUCENE II	40d5942283ecb845	3790704	-4311018	-1352149
3330	3213	SARASAR	40d59d8a803fc7fe	4611056	-4874456	-984774
3331	3214	FORTIER	40d59de54a4c72bd	4879984	-4403699	-1030042
3332	3215	DEAMOND	40d59de6b2dd878d	3721776	-4227015	-1407043
3333	3216	ASCS 9	40d5a37c8321ccd5	3139280	-4127121	-1710221
3334	3217	GHANDRIA	40d5a91a8dd9822b	4028560	-4441484	-1239629
3335	3218	LITHIA	40d5ab4a1ddf82c4	2012144	-5030286	-2192245
3336	3219	ROADSIDE DINER	40d5ab6279373294	3108208	-4460339	-1600554
3337	3220	PENROSE	40d5ac662b09b9b7	5493552	-4226325	-955898
3338	3221	LONELY FIRE	40d5b0955ab459df	4679984	-5583396	-849987
3339	3222	GENTLY	40d5b18d006a4b94	4679984	-4540337	-1045438
3340	3223	GLOWESE	40d5b291e046e9d8	3177136	-4491473	-1556990
3341	3224	COOL BEAN	40d5b777df1e6821	4473200	-5028699	-988597
3342	3225	CORNELIUS	40d5bf1ac4e47ad4	3421776	-6125800	-1062368
3343	3226	SAFEREST	40d5c428be01381a	4542128	-4937243	-993893
3344	3227	AEYR	40d5c7393493a576	3077136	-5007894	-1447173
3345	3228	PULSAR-1	40d5cd6db6c4304d	2456784	-4349420	-2089330
3346	3229	SOL	40d5d09888efb0a3	2908208	-5407513	-1420459
3347	3230	SINGLE STROBE	40d5d3c686886e45	3552848	-4433415	-1419005
3348	3231	SCORPIA	40d5db7f99603588	2970352	-4784077	-1575044
3349	3232	CORNELIA	40d5e450194d3d05	4373200	-4523248	-1133268
3350	3233	RUGLEN HOLON	40d5e55b7d2a46e9	3483920	-4297178	-1497655
3351	3234	TINY	40d5e60ab6f32aec	4266416	-4555884	-1153667
3352	3235	BLULSTAT	40d5ea35bd6deb97	3252848	-5675194	-1215611
3353	3236	BIG BIG ROJO	40d5ed7ba8166882	3377136	-4320152	-1539022
3354	3237	GRISAILLE	40d5f2849c209b12	3070352	-4346159	-1684178
3355	3238	EMPTY QUARTER	40d5f43a257ffd5f	4917840	-5192172	-880421
3356	3239	NOMEDANIES	40d60353ee7d038f	3721776	-4327015	-1399718
3357	3240	LUCKIN2	40d6044101cbdd04	4779984	-4543323	-1038127
3358	3241	FUEL DEPOT	40d60a92ddf0b7c5	4128560	-4003885	-1365391
3359	3242	AIRNOD	40d60aec528b732d	3621776	-4693277	-1327903
3360	3243	EREBUS	40d6134e3eaf0367	4473200	-4228644	-1195059
3361	3244	POCAHONTAS	40d615040a9baea8	4742128	-4245624	-1123118
3362	3245	MYSHRI	40d61600b959a9af	4511056	-5278635	-949765
3363	3246	PALE	40d616e7151c727b	5969264	-4564576	-830164
3364	3247	ESTRELA FEIOSA 00001	40d619a1fc5c21ba	4573200	-4541260	-1089678
3365	3248	ANOYSIA	40d61ca3bba91878	3759632	-4475620	-1345634
3366	3249	METAMORPHOSIS	40d61cdb8e2632e2	2832496	-4384829	-1823141
3367	3250	WARMTH	40d61e49aca60a11	2970352	-4684077	-1627871
3368	3251	SCOPOS ALPHA	40d61fe242c313ed	3177136	-4691473	-1519950
3369	3252	BRONZARIA	40d627395191f4cc	3959632	-4609715	-1242819
3370	3253	KANET	40d62b9045be7853	3383920	-4684937	-1432007
3371	3254	LONE RANGER	40d637ea30406d7c	2556784	-4627335	-1923039
3372	3255	UNASEL	40d6394575f6f48c	4335344	-4495159	-1167745
3373	3256	HEKTOR /LI+ 0	40d63aed2bb8881b	4373200	-4723248	-1102054
3374	3257	PIT STOPA	40d63e8219185fa2	782160	-6243703	-4664213
3375	3258	TAGERIA	40d63ed219ceff61	3346064	-4510710	-1509249
3376	3259	SORENTY	40d6460fec7223c7	4335344	-4395159	-1196999
3377	3260	ARIA	40d64842516157e1	2970352	-4448819	-1726659
3378	3261	4830-CP	40d64d629b137016	4266416	-4355884	-1228881
3379	3262	CARTIOUS	40d65c1744d9f1a6	3177136	-4391473	-1641045
3380	3263	HAVEN	40d65cc843c24d91	3452848	-4714008	-1406861
3381	3264	YELLAR	40d65dd61418bd62	3246064	-5212800	-1353539
3382	3265	BLINKERS PRIME	40d660b275f60eeb	3452848	-4614008	-1438335
3383	3266	GNOME	40d66808b64411e8	4097488	-4332993	-1292308
3384	3267	LUX	40d67451b0d4477c	4879984	-4603699	-1023471
3385	3268	PARAGON 5	40d67489f9047351	3514992	-3994686	-1637610
3386	3269	CHARLANTI THETA	40d67580cd89eed5	3377136	-4420152	-1540652
3387	3270	TRAVISON	40d68420a2c280d4	3759632	-4675620	-1311623
3388	3271	STERIL	40d68ce1543dc02c	3414992	-4589610	-1473286
3389	3272	ANCIENT WISDOM	40d68dfe22f2513d	3997488	-4663426	-1238922
3390	3273	SEARCH BEGINS	40d68e3666df7f94	3552848	-4845109	-1341753
3391	3274	KRYANNI	40d68fb546aea859	4366416	-4339783	-1219192
3392	3275	SALAH	40d69ee3e8a43b2c	3177136	-5238663	-1391711
3393	3276	YLADIOR	40d6a464de7b0161	5393552	-5166013	-832123
3394	3277	FANTIS	40d6a5157b388799	3921776	-3763420	-1571101
3395	3278	SILENT KING	40d6a53fd0584acf	4642128	-4525898	-1103723
3396	3279	CURIAN	40d6a9509d88d3df	3859632	-4323690	-1390548
3397	3280	XNO10	40d6afe6a5c5ced3	3483920	-4397178	-1516481
3398	3281	LIANE	40d6b024a3b1a332	3552848	-4333415	-1509004
3399	3282	RED SISTERS	40d6b57ebb1e9664	4304272	-4864874	-1110519
3400	3283	ZATATAKOWSKI	40d6bbc968ce70cf	3170352	-4039313	-1817825
3401	3284	CECILY	40d6bde3dc8a8206	4028560	-4341484	-1331484
3402	3285	DOS EQUIS	40d6d36f75c23735	4304272	-5164874	-1051402
3403	3286	TAMBUB	40d6d39296efbf89	4166416	-4903058	-1144218
3404	3287	GANJAR	40d6d3ff5258344c	1874288	-5259595	-2371272
3405	3288	ALONESS	40d6d494f5bee157	4404272	-4332031	-1225315
3406	3289	LENORA	40d6d4ab38300e75	5869264	-4701184	-847284
3407	3290	DIARAI	40d6d4c2f0b6a68c	4404272	-4432031	-1197705
3408	3291	DAINICHI	40d6d4e64a958587	2005360	-4593961	-2537800
3409	3292	NOSCAR W	40d6df0262478b9e	4097488	-4432993	-1289356
3410	3293	MARIANNA	40d6e63a7271e530	5186768	-4366713	-1035312
3411	3294	MANUIA	40d6eaddf66a8f76	2287856	-5142833	-1994505
3412	3295	DESDEMONA	40d6ebc99447add7	4266416	-4655884	-1181596
3413	3296	HARIDAS	40d6f40ecd18e864	4166416	-4322099	-1305235
3414	3297	ATANOR	40d6f73402ad9c0c	3552848	-4533415	-1460079
3415	3298	STREAK-1	40d6feafaf4a2ed2	4779984	-5593547	-880678
3416	3299	DANTE B92	40d6ffe607c745ed	3959632	-4409715	-1348823
3417	3300	ARANVAL	40d702d08bf86c3d	3039280	-4757874	-1629490
3418	3301	CAMEL9	40d70eb5af258ade	4473200	-4428644	-1191852
3419	3302	GASANDGO	40d70f0365796c7b	1195728	-4627472	-4267343
3420	3303	LITHIUM PRIME	40d70fa5a0d329ac	3583920	-4209420	-1565308
3421	3304	KATHA	40d71330aba8f19c	4059632	-4233879	-1374725
3422	3305	SJ617166995	40d725879036cfe2	4673200	-4322749	-1173310
3423	3306	PINK PRINCESS	40d729f3180cccfa	5086768	-5035065	-926113
3424	3307	ASTORIA	40d7328bc64a5b0a	806448	-5628299	-5233432
3425	3308	GULD	40d732a0be828e82	3277136	-4829407	-1500921
3426	3309	JLJ-FUELSOURCE-1	40d73da6d5482b79	5293552	-6036774	-744731
3427	3310	ANO THROSKO	40d742ec4dca091f	4673200	-4522749	-1126988
3428	3311	ALTEA	40d74a851a12c3c2	2870352	-4893903	-1697850
3429	3312	TANK STELA	40d755626b240333	4097488	-4532993	-1286405
3430	3313	THE FUEL	40d755c64f7051bf	4166416	-5103058	-1123869
3431	3314	ROSVITA	40d7662ce9e6b8a9	5800336	-4462999	-925592
3432	3315	GLAUCENE	40d76d3fb486bb58	3583920	-4309420	-1553227
3433	3316	OZONIA	40d77979c0a38bfb	4711056	-4770276	-1069633
3434	3317	SAPPHIROS	40d77af21f5329cc	2594640	-4976362	-1862146
3435	3318	SINBORU	40d77b7af470eab5	4166416	-4722099	-1222204
3436	3319	SPIRIT	40d77c127d3df449	2556784	-4378082	-2148356
3437	3320	PI	40d77db9560ca01c	3483920	-4497178	-1535307
3438	3321	KUNIO GREY	40d78cfb3fceb83e	3752848	-4367182	-1471437
3439	3322	SOLIS PRIME	40d790764b73c75a	3652848	-4640609	-1423469
3440	3323	ZAMA	40d79218d3adccfd	1378224	-5119442	-3420817
3441	3324	HARMLESS	40d795bc10cb45df	6119600	1024009	3853960
3442	3325	JURON	40d79c23cf8491d9	2801424	-4939203	-1747265
3443	3326	QUAERIAN	40d7a1e866e26083	3890704	-4320850	-1439499
3444	3327	WOLFE 001	40d7a67754d6f743	3446064	-4408620	-1594079
3445	3328	INGARTH	40d7ba4c63be4a81	3790704	-4511018	-1420894
3446	3329	ALPHA 2007	40d7bed2e549af11	3008208	-5483926	-1473941
3447	3330	VB010-L	40d7bfb448fedf62	1767504	-5026307	-2737367
3448	3331	AZIUS-AZ1	40d7bfc1d5605ce6	4911056	-4061916	-1219103
3449	3332	GONDARF W	40d7c4723bf689cd	3859632	-4423690	-1425445
3450	3333	COTIRI	40d7c8ae90987d34	3583920	-4409420	-1541145
3451	3334	BARRET	40d7d688b631bf94	2932496	-4425414	-1880957
3452	3335	TRIFAMPLE	40d7d85fcccd1a06	3001424	-4265776	-1907110
3453	3336	ZOMEC	40d7e1684de1a266	2632496	-5972588	-1555296
3454	3337	BIG BROTHER	40d7e8d4032edd55	3008208	-5683926	-1431904
3455	3338	BLINDING LIGHT	40d7f5bc43589531	3452848	-5918536	-1200586
3456	3339	GUENDALINA	40d7f77da6641c4f	4266416	-4755884	-1209525
3457	3340	LIRA	40d801197bedd477	4266416	-4267760	-1349975
3458	3341	LANTERN	40d8079d04067e97	4642128	-5025898	-1054674
3459	3342	VERNE	40d808ade098f23a	4473200	-4628644	-1188645
3460	3343	BAWST	40d80a23dbde4a96	4642128	-4625898	-1146342
3461	3344	BIG HEAD	40d80e3a71a0042d	3959632	-4709715	-1320889
3462	3345	FORGOTTEN REALM	40d8118a8ba69b56	4711056	-4970276	-1052569
3463	3346	NOFILUM	40d815f725fd4c3e	3821776	-4329682	-1490527
3464	3347	GLORIO	40d817e9298b25f2	2112144	-5247027	-2226185
3465	3348	HOF 2	40d82032f4b9904e	2374288	-3844078	-2706797
3466	3349	COLLUSUS	40d821ec577bf9d1	3552848	-4633415	-1501152
3467	3350	SORRYWASTE	40d82a9b834f115e	2970352	-4648819	-1792099
3468	3351	DEATH CHARGE	40d82aeac70cdd92	851088	-6259618	-4645281
3469	3352	DAPHNE	40d82e6d35844524	3821776	-4429682	-1462658
3470	3353	MIRAGE OF LIFE	40d836b93130ceff	3752848	-4041158	-1634916
3471	3354	SHIRO	40d83add8f223dec	3283920	-6172695	-1224010
3472	3355	SUNITA	40d8404faf428e20	4097488	-4732993	-1280501
3473	3356	CHEVRON	40d84272d0efaecf	3477136	-4341968	-1645412
3474	3357	GODSEYE	40d8459efcb16376	3452848	-5214008	-1380561
3475	3358	MULTIPLE SYSTEM	40d84736b86938f2	2494640	-5626202	-1771303
3476	3359	THE ORION SPRINGS	40d84dffcaab2bd3	4373200	-5223248	-1089557
3477	3360	LONELY SOUL	40d84e597c0c6a89	3277136	-4375052	-1735948
3478	3361	LAURANA	40d84f6a9543ed72	2763568	-4688046	-1921440
3479	3362	REFUEL	40d85a8c211af61a	3552848	-4833415	-1452226
3480	3363	AMPRELEES	40d8661800000000	6150000	-650000	-6250000
3481	3363	AMPRELEES	40d8661800000000	1950000	-6250000	-2050000
3482	3363	AMPRELEES	40d8661800000000	-2050000	-6250000	1950000
3483	3363	AMPRELEES	40d8661800000000	-6250000	-650000	6150000
3484	3364	FIRESKY	40d86c75269ef21c	4128560	-4303885	-1407510
3485	3365	VETEREC	40d876f4b82ecfd4	4128560	-4403885	-1377859
3486	3366	REVANT	40d87b555d378ed2	4128560	-4503885	-1348208
3487	3367	HOWL	40d87d56511610fd	4666416	-3329333	-1614139
3488	3368	PROTEUS	40d87db02f382f21	2856784	-3834820	-2289199
3489	3369	AXIS EVKLID	40d87e19348cd050	4335344	-4895159	-1181800
3490	3370	FNORD	40d87e3ee0957bb1	5424624	-4793243	-964596
3491	3371	KAFLOCWUZ	40d87e7800000000	3150000	-2450000	-3250000
3492	3371	KAFLOCWUZ	40d87e7800000000	-3250000	-2450000	3150000
3493	3372	STUGAO	40d87ead4fc0a6cb	3177136	-4891473	-1613983
3494	3373	ZOOMBO	40d886e800000000	2250000	-4750000	-2350000
3495	3373	ZOOMBO	40d886e800000000	-2350000	-4750000	2250000
3496	3374	QUENCH	40d88990284a62ed	4673200	-4422749	-1215685
3497	3375	MUN'WENK ILA	40d88db940787e5b	3759632	-5175620	-1292134
3498	3376	TRAMASCO	40d8960c71db6167	4335344	-4795159	-1211054
3499	3377	BROWN LITHIUM	40d89ef6f0a24f22	3652848	-4321750	-1597032
3500	3378	LOPISME	40d8a30800000000	5750000	-750000	-5850000
3501	3378	LOPISME	40d8a30800000000	-5850000	-750000	5750000
3502	3379	POULIDOR	40d8b8471fe9157d	2563568	-5404467	-1827039
3503	3380	ALONER	40d8c5548fc38bf7	2456784	-5322578	-1939775
3504	3381	XANDAR	40d8c953502192bf	4059632	-4333879	-1442615
3505	3382	PENANCE	40d8cd089d632e20	4779984	-5143323	-1032993
3506	3383	RUTH AND BOAZ	40d8d3b53cac4526	2381072	-4319848	-2471627
3507	3384	SINGULARITY POINT	40d8d5cd2779cf64	4742128	-4745624	-1130057
3508	3385	POUND	40d8dbb15b44aec2	4166416	-4822099	-1266982
3509	3386	LIBRA	40d8dccf19145295	2587856	-4207324	-2338295
3510	3387	BRIU	40d8f381286baf0c	5931408	-4086028	-1054222
3511	3388	FIAT LUX	40d8f3b6db2a54c2	1471440	-4265899	-4070543
3512	3389	BEAN FUEL	40d9009ed7ff4165	3239280	-4427441	-1785175
3513	3390	MEDEA	40d900f175865325	4228560	-4235214	-1429671
3514	3391	CRIMEA	40d90b3784ed09c6	2787856	-3719246	-2473291
3515	3392	ZILCHO	40d90bf77f0bf741	3959632	-5009715	-1292955
3516	3393	PAULON	40d90c7193e8a2c4	3890704	-4420850	-1491247
3517	3394	BEBECEE	40d90ca94aa4274f	4879984	-4546309	-1156168
3518	3395	REDSTONE	40d912288c4406d6	2343216	-4324052	-2533770
3519	3396	PITSTOP 41	40d915a4c430c6e3	4979984	-4813850	-1071484
3520	3397	DEN ENSAMMA	40d923122827c60a	2970352	-4748819	-1824819
3521	3398	RIAANIUS	40d926dc8bee9d96	4197488	-4471488	-1372232
3522	3399	MELAS	40d928d2f0adf49c	4097488	-4932993	-1274598
3523	3400	SAGGITARIUS	40d92a7b8c890bff	2481072	-4112682	-2525508
3524	3401	GREY LUMP	40d9302fd8720b18	3921776	-4263420	-1542612
3525	3402	ACHEWOOD	40d9303b2be5b61d	3690704	-5270114	-1326085
3526	3403	BRAIN RADIATION	40d93951061dda86	4504272	-4630261	-1238460
3527	3404	SOLARIA	40d93b43cefcbd4c	3446064	-4608620	-1626855
3528	3405	CHRONOS VII	40d93bda88b13e40	5493552	-5026325	-935791
3529	3406	ROGUE I	40d93e9236a33e0d	3683920	-4221661	-1662156
3530	3407	SCARLET LIGHT	40d941f156c930b8	4197488	-4371488	-1409526
3531	3408	LISTA 108	40d9460e3a846587	5524624	-4546389	-1030383
3532	3409	EXISTANCE	40d95205e9170a09	4404272	-4832031	-1218335
3533	3410	BLUSPINE	40d961765bb41d40	2832496	-4984829	-1840705
3534	3411	1X3	40d9628e63f75837	4266416	-4367760	-1394938
3535	3412	P2002A-LA	40d9678abbe4c99d	3414992	-5189610	-1467863
3536	3413	ABANDONMENT	40d9681800000000	2550000	-3850000	-2650000
3537	3413	ABANDONMENT	40d9681800000000	-2650000	-3850000	2550000
3538	3414	JELNUS	40d969e4a514d89a	4504272	-4730261	-1221398
3539	3415	AEEIIEEA	40d96abcdbc9822b	4911056	-3961916	-1337652
3540	3416	PRINCESS CARRAH	40d9711f269d516d	2563568	-5804467	-1750822
3541	3417	LISTA 12	40d975ca97e0bec1	4059632	-4188757	-1533164
3542	3418	VICE	40d9798ae45208a1	3483920	-4997178	-1498364
3543	3419	REVENGE	40d98270453bee4d	4879984	-4646309	-1152062
3544	3420	HE-MAN	40d98d931cdc4e8b	3959632	-4909715	-1345957
3545	3421	TUTATIS	40d99ab1c30eeb93	4297488	-4141055	-1473285
3546	3422	KUIKUTTI	40d99c2d073311d0	4097488	-5032993	-1271647
3547	3423	LUNURIOUS	40d9a050dda25aef	3070352	-4634807	-1844017
3548	3424	GARRETT	40d9b299d3a3d292	3890704	-4620850	-1463671
3549	3425	THE FIRST STEP	40d9b787f50df25a	3752848	-4867182	-1441718
3550	3426	AMARILLA	40d9b955e5577b35	3652848	-4721750	-1527226
3551	3427	PALETTE	40d9b98b7fe2b57c	2243216	-4645549	-2527805
3552	3428	NOCTURNAL	40d9e032878648ec	3377136	-4358630	-1800092
3553	3429	THE THIRD STEP	40d9e60ec0ef1c95	3790704	-5011018	-1396148
3554	3430	MORNE	40d9ec61443d80fa	2825712	-4348582	-2160308
3555	3431	VB001	40d9f4113a65d7f6	3752848	-4341158	-1631276
3556	3432	SURREALISM	40d9f850867660a2	4473200	-5028644	-1182231
3557	3433	ARG-MINAS	40d9f8a83f55be1f	3170352	-4739313	-1769991
3558	3434	STANSHALL	40d9f91e888256d9	3959632	-5309715	-1265022
3559	3435	AVON	40d9faa66c538d8e	4066416	-5645367	-1158831
3560	3436	QUOUN	40d9fdefd8cca74a	3859632	-5023690	-1372682
3561	3437	FRAZE	40d9fea20bb3f6f4	4366416	-4639783	-1313897
3562	3438	JDB	40da03a9429a54c1	2663568	-5330720	-1876128
3563	3439	LITHINIUS	40da03d29a43340e	4059632	-4533879	-1447325
3564	3440	THE UNDERDOGS	40da0e7d156c44d2	3308208	-4544237	-1774859
3565	3441	JIMMY	40da0f164c8bf6d9	3408208	-4220650	-1855031
3566	3442	AMBIENCE	40da0f3c78f653e2	1898576	-4865451	-2888785
3567	3443	POISON	40da11dd3f4b1ca0	3852848	-4293755	-1613683
3568	3444	CRIMSOS	40da1708ecb28b2d	4328560	-3997615	-1543936
3569	3445	SHALIMAR	40da1726babd4963	4673200	-4277290	-1336590
3570	3446	BLUE BLAZE	40da1ebbe0ebccc3	4604272	-4397418	-1321038
3571	3447	RED SEED	40da2270557ebf75	1547152	-5021697	-3444539
3572	3448	PAPA SMURF	40da2635fce402a0	4466416	-4292609	-1396622
3573	3449	JULKA	40da27f0f6b1b79d	3546064	-4606530	-1639650
3574	3450	INSANITY	40da2c25387e2347	4159632	-4389114	-1467954
3575	3451	ORIONBLADE	40da2df42a0970cb	2512144	-3989701	-2674709
3576	3452	THANOS	40da33a736594d8e	3959632	-4440688	-1525898
3577	3453	CAPPUCCINO	40da3ede487413f5	4435344	-4855151	-1248033
3578	3454	DEC	40da3ee5d7f90c1f	3683920	-4321661	-1688096
3579	3455	FACKHARAYEN	40da4537a772ee39	3614992	-4399761	-1691336
3580	3456	ANODAUNSUDAI	40da540cf4ff16d1	3170352	-4639313	-1832998
3581	3457	JAVALATH	40da5b091467aea1	4979984	-4913850	-1102867
3582	3458	NO LITH ZERO	40da623ef578e8be	3577136	-4332713	-1743177
3583	3459	POEM	40da66f07693a104	3377136	-4458630	-1795513
3584	3460	GLADIOLAS	40da6d9027e17d7a	3208208	-5136752	-1642150
3585	3461	MELOSIN	40da6e8f47f9a201	4773200	-4604238	-1231574
3586	3462	COOL RED	40da7492c9a56ee5	5555696	-4349718	-1121022
3587	3463	AURA OF RAGE	40da8bc5c0a4f290	3177136	-5391473	-1586922
3588	3464	THE HOPE DIAMOND	40da932a6270a498	3821776	-4629682	-1537994
3589	3465	TULIP	40da9695ed41b431	4842128	-4534279	-1240066
3590	3466	PERFECTLY UNSUITABLE	40da9a7e8bf8cc09	3446064	-4908620	-1610482
3591	3467	AYEUR	40da9d0336cbf512	5248912	-4247794	-1222268
3592	3468	SALABIM	40da9d85e528a2d5	3852848	-4393755	-1609956
3593	3469	RA	40da9da206b28196	4059632	-4833879	-1388853
3594	3470	MAGNUS	40da9e9ce87381af	3959632	-4540688	-1516089
3595	3471	VIACOM	40da9f68807c3aa6	3546064	-4406530	-1744651
3596	3472	CARMEXIA	40daaf8cb82c0155	2994640	-4045928	-2255363
3597	3473	LORYN	40dab313840601f2	5048912	-4913160	-1102160
3598	3474	JED THE HUMANOID	40dab7dc72aecb3b	3821776	-4829682	-1482257
3599	3475	HELPLESS 1	40dabbab11e484a4	4228560	-4335214	-1493296
3600	3476	KAFRI	40dacbc71539f05f	3552848	-5033415	-1534372
3601	3477	TRIO	40dacd284790f398	4435344	-4755151	-1301265
3602	3478	ENTHASSIA	40dacd9abb5fbb35	4266416	-4467760	-1439901
3603	3479	ENGEDI	40dad3e359069847	1785008	-4284189	-3592315
3604	3480	NAIS	40dad671ccf7791e	4466416	-4392609	-1400758
3605	3481	DEATH TRAP	40dae70f9e31bf63	4128560	-4903885	-1360677
3606	3482	GLIMMER II	40daece971bc6a66	3377136	-4558630	-1790935
3607	3483	SAD	40daeda2160d5fac	4128560	-4803885	-1390327
3608	3484	LIFEGIVER	40dafb888faecfcb	3070352	-4834807	-1861297
3609	3485	IMAGINOS	40dafc3764e91251	5662480	-4424480	-1102953
3610	3486	URKURAN	40dafcc3f1e2fcf0	3646064	-4104440	-1846640
3611	3487	STAR OF THE LID	40db07a1738ad4ae	3959632	-4640688	-1506280
3612	3488	PLENTYFUL	40db0d3596b5f64c	3277136	-5075052	-1665551
3613	3489	NEW LIGHT	40db0e89181215b8	4917840	-6092172	-924761
3614	3490	ARTISTICALLY WHITE	40db123de0dea7d7	3921776	-4463420	-1583645
3615	3491	BELEFONTE	40db13d79758620d	4059632	-5133879	-1330382
3616	3492	GEMELA ALPHA	40db246683c06a69	3614992	-4599761	-1671484
3617	3493	FINITE	40db2b7766fe4fb8	3263568	-3740613	-2279034
3618	3494	NOTHING	40db2bc25b17806a	5824624	-3443681	-1387119
3619	3495	OLD REDDY	40db3163e9065ae1	4366416	-4739783	-1345465
3620	3496	DREAM LAND	40db3298a032929f	3308208	-4644237	-1812692
3621	3497	SAN CRISTOBAL	40db36eebccc826f	4811056	-4866096	-1190366
3622	3498	KAI	40db36f25889a8fb	4197488	-4771488	-1391423
3623	3499	DEBBIE NEAVE	40db3805b074059b	4228560	-4635214	-1422025
3624	3500	AEGYPTUS MINORI	40db43ff9c55ea85	3683920	-4421661	-1714035
3625	3501	ASSALMAR WEREING	40db531904008f3e	4773200	-4804238	-1220168
3626	3502	THE SPARK THAT BLED	40db5a74cccf6dd6	5869264	-5201184	-917539
3627	3503	MACHIAVELLI	40db5b5daec45a9e	3063568	-4028950	-2269590
3628	3504	SOLMISHAP2X	40db5bc12ea19d56	4197488	-4671488	-1428717
3629	3505	DIMMIN	40db654bea196e2c	4259632	-4144350	-1589109
3630	3506	WANDERLUST	40db6eb4d79f468b	3959632	-4740688	-1496471
3631	3507	SOLNEMAN 3	40db721b86118bd2	3377136	-4658630	-1786356
3632	3508	SYLLAB	40db7bb4e72c188c	4297488	-4541055	-1442103
3633	3509	SUGAR COATED	40db88686d58f4e8	3952848	-4320328	-1650913
3634	3510	POLARION	40db8a037002b5f2	3170352	-4839313	-1838056
3635	3511	ROCKITBUN	40db8c4f57299c41	3101424	-4644598	-1958313
3636	3512	SATVA ALPHA	40db99d1a8ff7c92	3446064	-5308620	-1544961
3637	3513	TRIPLICATE	40db9b2e00c2e252	2305360	-4296051	-2854289
3638	3514	VOYAGER	40db9c22f52f3000	2374288	-4344078	-2741157
3639	3515	WASTED13	40db9c52c36e4b91	3270352	-4244639	-2036766
3640	3516	KROTINOR	40db9c74716f5129	3339280	-4396688	-1925777
3641	3517	XERES PRIMUS	40dba2bc4f05d92e	2656784	-4963163	-2146127
3642	3518	KARINE	40dba74528ec749f	3232496	-4109312	-2131775
3643	3519	KURTCOBAIN	40dbad95c20547ef	5662480	-4624480	-1082346
3644	3520	NEW HOME	40dbb9be10900091	3546064	-4806530	-1665720
3645	3521	DEATH STAR	40dbc03459cc079c	4297488	-4341055	-1523230
3646	3522	LITH01	40dbc57aaaac9f46	3201424	-4292349	-2069472
3647	3523	YAGAMI	40dbd1669f25fd0a	3890704	-4920850	-1487843
3648	3524	COLDDRIFTER	40dbdb82b5ee48e1	4028560	-5541484	-1277808
3649	3525	REVEALING LIGHT	40dbde446148d25a	5148912	-4830477	-1147371
3650	3526	LISTA 91	40dbf428f9514c79	3752848	-4441158	-1717445
3651	3527	POWER	40dbf54a9c9d262f	4028560	-5341484	-1330445
3652	3528	LAP931	40dbf732130ede93	3408208	-4320650	-1944684
3653	3529	LITH02	40dc0bd800000000	2550000	-4250000	-2650000
3654	3529	LITH02	40dc0bd800000000	-2650000	-4250000	2550000
3655	3530	ALFONIA ALPHA	40dc0ff1402d9206	2763568	-5188046	-2004236
3656	3531	HELL'S GATE A	40dc102a4a42276d	2618928	-4619831	-2375126
3657	3532	HENIA	40dc1834f250ad22	3790704	-5411018	-1402566
3658	3533	BRYOS	40dc18a508a18d4f	4566416	-4145435	-1519858
3659	3534	JINKU	40dc3022e202ccad	3790704	-5311018	-1433729
3660	3535	GELBEN	40dc308d5c1f3246	4259632	-4344350	-1559886
3661	3536	ADION	40dc33ac5f29c096	4159632	-4036827	-1719818
3662	3537	WEHTTAM	40dc3600a067dc0e	3683920	-4721661	-1660782
3663	3538	ASKEW 6	40dc382b458fe867	1378224	-6219442	-3371139
3664	3539	GOOD STUFF	40dc3c2fddef7d46	3852848	-4693755	-1598774
3665	3540	GREY STAR 3	40dc3c4f1745656c	3859632	-5423690	-1381198
3666	3541	ISHTAR	40dc42315073b210	4059632	-4388757	-1624134
3667	3542	UMBER	40dc48578e9753ef	4842128	-4434279	-1348838
3668	3543	NARNORTH	40dc4de193731dfa	3683920	-4521661	-1739975
3669	3544	AWAKENING	40dc4effb1daba9e	2718928	-4334162	-2459888
3670	3545	EXPLORER'S HOPE	40dc5f00530271dd	3301424	-4040099	-2178125
3671	3546	DANUBE	40dc61dc309b07d5	3270352	-4601395	-1931359
3672	3547	LACTOSE	40dc6340c37dd79d	3646064	-4404440	-1810153
3673	3548	FULA	40dc6c00a702740d	3783920	-4333902	-1774728
3674	3549	ZACHS FLAMIN GOOD	40dc769491268afa	3577136	-4225788	-1928149
3675	3550	DORIAN SYSTEM	40dc7a2dde5ac6d3	3377136	-4858630	-1777198
3676	3551	BLUE JEWEL	40dc854063653474	3477136	-4442209	-1890761
3677	3552	LOWEN	40dc90cb7c5fb4e4	3170352	-4589723	-2010247
3678	3553	BLUENEB	40dc9798cde1a479	3339280	-4596688	-1907433
3679	3554	SOLITUDINAE	40dc984960ce93cd	3959632	-5040688	-1467045
3680	3555	NARATNOS	40dca68e1111b017	2863568	-5045371	-2030641
3681	3556	STRATUS	40dca70ff57af6c6	3552848	-6145109	-1343871
3682	3557	EDWARDIUS PRIMUS	40dcb2a6a9195cef	3752848	-5467182	-1432270
3683	3558	BP	40dcb2dd711de98e	2267504	-4331639	-2992001
3684	3559	DALMA	40dcb8215de9c0ff	4397488	-4379550	-1527000
3685	3560	VEX	40dcbd07e4495c48	861808	-5947580	-5741320
3686	3561	BINKI	40dcbe787fcf5d90	4566416	-4445435	-1449966
3687	3562	V III	40dcd4d16b6fd18d	1082160	-5422823	-5030922
3688	3563	THOMAS EDISON	40dce270b6d74212	4535344	-4546215	-1434515
3689	3564	ACORES	40dcecad4a4340ae	4466416	-4692609	-1413164
3690	3565	LANDAR	40dd0463854030a6	3921776	-4663420	-1624678
3691	3566	HANNAKA	40dd0544b7b6946b	2750000	-4184912	-2582183
3692	3567	YARET	40dd0565156e8625	5011056	-4457736	-1330362
3693	3568	GLOWY	40dd056953433b99	4711056	-5570276	-1132451
3694	3569	ASKEW 1	40dd05c4c6a2cb86	3652848	-5121750	-1588493
3695	3570	ARCADIA	40dd1cc2337e37bd	4197488	-5171488	-1373321
3696	3571	TABACO	40dd1d2aae35ac09	2870352	-5993903	-1732830
3697	3572	SUNOCO	40dd296029d4a66b	4052848	-4246901	-1734919
3698	3573	ASTRO PATH A1	40dd360b64183d8b	3677136	-4423457	-1838978
3699	3574	PLAN 94	40dd38ae8c7c5e8b	2787856	-4319246	-2484980
3700	3575	WANDERING MINSTREL	40dd5ed6e5518d09	3890704	-5020850	-1539591
3701	3576	GARAN	40dd61572272ac31	1647152	-5040528	-3623644
3702	3577	BLINK	40dd61f372043f07	4366416	-5139783	-1340666
3703	3578	PHYIEXL	40dd6204f78c49e4	3270352	-4901395	-1877069
3704	3579	SWIFT	40dd6643f91b611c	4090704	-4302659	-1710427
3705	3580	THE SECOND STEP	40dd689cd0053cd9	3752848	-4941158	-1623997
3706	3581	LISTA 78	40dd7029f38ce3c7	3201424	-4392349	-2143731
3707	3582	PYSOTRON	40dd78db6581e47b	3852848	-4360565	-1796331
3708	3583	SOMBA	40dd7ab98918d64c	3470352	-4125558	-2108445
3709	3584	ZIPPO	40dd8731d275c9c3	4435344	-5255151	-1297248
3710	3585	LISA LEFT EYE LOPES	40dd87d7ad7b683f	4673200	-4777290	-1354493
3711	3586	SANNOS	40dd92da6c6245d6	4573200	-5202967	-1272722
3712	3587	PHOSPIS	40ddaaea8e26f762	3714992	-4504837	-1815290
3713	3588	NANDA	40ddae5d3de9d873	3025712	-4103498	-2447926
3714	3589	DAUGHTER 07-14-01	40ddaffaf890301c	4297488	-4741055	-1492048
3715	3590	LIALTAR	40ddb5c91447d116	3646064	-4704440	-1773666
3716	3591	FOUNTAIN OF DREAMS	40ddb65fcd459fa4	3539280	-4035183	-2130392
3717	3592	REDEMPTION	40ddd8d9d069b88f	5800336	-6162999	-854981
3718	3593	THALOORN	40ddd9ef56dd2ddc	4297488	-4641055	-1532611
3719	3594	LISTA 38	40dde372a1899b9a	4604272	-4597418	-1445868
3720	3595	FRENZAL 08	40dde98375ad48ce	3746064	-4402351	-1857325
3721	3596	MADANAMOHANA	40ddea8e24e2a08b	3777136	-4214201	-1924549
3722	3597	LOTHANACKOR	40ddf1c7aedd246f	3477136	-4542209	-1941456
3723	3598	IMMA	40ddfc1328fb02f2	2594640	-6276362	-1885446
3724	3599	CHARYBDIS	40ddffc1046ae90b	1778224	-4274111	-4041802
3725	3600	GUMMY	40de037fcaf5d6a4	3921776	-4763420	-1645195
3726	3601	LONELINIUS	40de04f4541696e1	4021776	-4397159	-1738246
3727	3602	ET	40de2046d26a6dc6	3677136	-4523457	-1854652
3728	3603	BRAS	40de20758a6f1939	3952848	-4820328	-1619072
3729	3604	SOUL	40de214cf15f2efa	5931408	-4786028	-1086844
3730	3605	GOOD LUCK HAVEN	40de2cb52f45be7e	3777136	-4014201	-2037888
3731	3606	DIPSON-TYGARA	40de47c4038b75df	4090704	-4502659	-1683424
3732	3607	MALCHUS	40de685b1a5e13d8	2756784	-5198992	-2172505
3733	3608	WHITE CORE	40de6c55f1871467	3414992	-5889610	-1548918
3734	3609	UKA	40de7241a0947f19	2181072	-6434179	-2221629
3735	3610	LUPUS	40de80649390112a	3814992	-4409913	-1856513
3736	3611	STEPPE	40de8a75d2d10543	2818928	-4348493	-2551282
3737	3612	OLDIE	40de92badfb9dc23	3952848	-4720328	-1677869
3738	3613	PULSAR DE ROBSON	40de94d953bb76ee	3063568	-4942703	-2068073
3739	3614	YOBOP	40dea2ec615a4b56	5079984	-4521208	-1365907
3740	3615	VARDA	40deaecddb5255c1	2656784	-5306745	-2228491
3741	3616	DENTON	40deb8cb37d081a0	3783920	-4533902	-1833721
3742	3617	OLD GRAY MARE	40debaaae0e10342	4359632	-4268513	-1690925
3743	3618	GAMESPY	40debe22577d2fa8	3194640	-4015176	-2454232
3744	3619	SAREIJH	40dec32d429c07b2	4911056	-4861916	-1319283
3745	3620	NIMAI	40dec6feb79ef7f2	3332496	-4049897	-2335163
3746	3621	HAINSEY	40dec847c65262e5	3783920	-4633902	-1797682
3747	3622	DUSKIS	40dece4949d3590b	3952848	-4279972	-1864582
3748	3623	CRYPTO	40ded61bde139eb6	2550000	-5170581	-2394879
3749	3624	LISTA 62	40dee907c0aa9cfa	4121776	-4330897	-1773130
3750	3625	FRIENDLY INN	40dee944c902725e	2543216	-4381058	-2840885
3751	3626	DEIRRAS	40deeddac8d3ef58	4942128	-4822933	-1328747
3752	3627	OAKIA	40df0d63fc8340e4	3677136	-4623457	-1870326
3753	3628	GARLAND	40df0d6f92585564	4159632	-4436827	-1722935
3754	3629	LISTA 33	40df19a094519fdb	4535344	-5146215	-1364469
3755	3630	CROW	40df3de0c78feb4a	5179984	-4634153	-1332711
3756	3631	ESPUCAS	40df44070d512ae4	3001424	-5665776	-1882703
3757	3632	CAMANDRIA	40df54a9df28db9a	5455696	-5134810	-1145238
3758	3633	LANTIRN	40df5b08e6f00cfa	2518928	-5436571	-2344630
3759	3634	PITSTOP 9	40df60628303473d	3752848	-5141158	-1665262
3760	3635	LONLY STAR	40df82a1580460f8	5824624	-3843681	-1441242
3761	3636	SOLNEMAN	40df83c0bc5f256a	3477136	-5441968	-1705434
3762	3637	MAGLOR-MA	40df8470c5e5e5d7	5455696	-4398585	-1344889
3763	3638	VANZANT	40df854fd1d16023	4090704	-4802659	-1642921
3764	3639	MANAGA	40df867a4ade6a4b	3125712	-4146492	-2490746
3765	3640	SISTE VIATOR	40df971cf5201b36	2436432	-4308926	-3081273
3766	3641	DELEBACORN	40df984800000000	4250000	-1750000	-4350000
3767	3641	DELEBACORN	40df984800000000	-4350000	-1750000	4250000
3768	3642	COMWI	40df98877d49729c	3752848	-5041158	-1710166
3769	3643	ASKEW 2	40df99dddefd9250	3101424	-5244598	-1989427
3770	3644	VALENTINE	40df9a4ad0310a89	3714992	-4904837	-1775995
3771	3645	MILX	40df9a52db324eee	5279984	-3927180	-1560675
3772	3646	TEIRATHRA	40dfc0e3b45fbb73	4979984	-4849294	-1346433
3773	3647	BLUE CITRINO	40dfc183c8bb638d	4535344	-5346215	-1341121
3774	3648	JIHADABAT	40dfc447cb560d63	4159632	-4536827	-1723714
3775	3649	BALANCE	40dfc9892b005f1f	4566416	-4645435	-1534444
3776	3650	VB002	40dfcf648013c7d6	3777136	-4314201	-1998952
3777	3651	ENERGISER	40dfd25851b9a81d	4259632	-4644350	-1647122
3778	3652	COLD STAR	40dfdaa7785c25f6	3608208	-4273476	-2115401
3779	3653	JASNOOM	40dfe5fd10ea19c4	4873200	-4685727	-1430466
3780	3654	LIFETTANOY	40dfe7f800000000	6150000	-850000	-6250000
3781	3654	LIFETTANOY	40dfe7f800000000	-6250000	-850000	6150000
3782	3655	GRAY 1	40dfee68246c05f5	5248912	-4847794	-1284999
3783	3656	RUNAWAY 3	40dff6c9cc7ef2ce	3408208	-5120650	-1875470
3784	3657	DALTON	40dff9154594867b	3332496	-4249897	-2311719
3785	3658	HEBRIDES	40dff9b7c5cd1527	4297488	-4941055	-1541993
3786	3659	VIRGIN	40dffa7fcc273178	4566416	-4745435	-1511147
3787	3660	MORL	40e000740e76bd60	3263568	-4440613	-2261322
3788	3661	ORAJUCSON	40e003ec00000000	2450000	-5250000	-2550000
3789	3661	ORAJUCSON	40e003ec00000000	-2550000	-5250000	2450000
3790	3662	AFEAG	40e00416af70ee17	3408208	-5020650	-1916890
3791	3663	CAITHNESS	40e00871d45a95f3	4021776	-4697159	-1738166
3792	3664	MOTHER OF MANY	40e008c95e2088d8	3714992	-5004837	-1766171
3793	3665	TRIAC	40e010bbac31f955	4704272	-4564576	-1532243
3794	3666	IAERALLA	40e016d51291ff07	5011056	-4857736	-1353633
3795	3667	LHASA	40e01f2ebe01653f	2850000	-4292078	-2699176
3796	3668	RUBY EYE	40e0236afb2188e5	3432496	-4021553	-2394337
3797	3669	BILLET DRUM	40e02c95b0248499	3439280	-4765935	-2020859
3798	3670	PHILOSOPHY	40e02cb9c6e711d6	3708208	-4049889	-2205765
3799	3671	ADAMASTOR	40e02e48e565270a	4873200	-4885727	-1391831
3800	3672	TRIPLET	40e0346a6aa1b5f1	3477136	-5741968	-1662225
3801	3673	THE GREY	40e03da55d296273	4159632	-4636827	-1724494
3802	3674	JASD	40e03f7b1557dd37	3652848	-5521750	-1649760
3803	3675	WEDIRUS	40e0416160f3b4eb	3163568	-4776122	-2203306
3804	3676	STERIL2	40e043e8d82e0f05	3746064	-4602351	-1932130
3805	3677	ASTURIAS	40e04429f6ff6f31	1244304	-5039060	-5313024
3806	3678	VINA	40e044e65ebb1d81	3877136	-4204946	-2043728
3807	3679	KANDRESE	40e05fc36c651e03	4021776	-4797159	-1738140
3808	3680	NADEA	40e06732683ab191	4059632	-5188757	-1594800
3809	3681	CANARIS	40e073309c20a87e	4459632	-4223749	-1788536
3810	3682	BIG PULSE	40e0779c2ac21e08	3539280	-4635183	-2055742
3811	3683	XARVARC	40e07b2051705af0	4773200	-4651613	-1520195
3812	3684	THALAX	40e08c51ba758a0a	2987856	-4262240	-2661222
3813	3685	PERIOD	40e0925f60e248c4	3677136	-4440439	-2078563
3814	3686	WEATHERWAX	40e09644b7cbee41	4052848	-4646901	-1803739
3815	3687	CYCLONE	40e096a74223d81b	4773200	-5404238	-1317021
3816	3688	STABILITY	40e0990b48aff1b9	4466416	-5292609	-1437978
3817	3689	BILLY CHILD	40e09918cb7b7faf	3783920	-5033902	-1784596
3818	3690	PULSONIO	40e0a1b55821a379	4397488	-4779550	-1620594
3819	3691	JW1-P3-S01	40e0a34f43758e4a	4704272	-4864576	-1488990
3820	3692	ZYGOTE	40e0aaff4ec62ae9	4259632	-5044350	-1588675
3821	3693	BLUEBONNET	40e0af236cc80994	3846064	-4400261	-2019011
3822	3694	SYRIAN	40e0b298f0894b15	2963568	-5171624	-2231225
3823	3695	KAWAII	40e0b57aafff66fb	4052848	-4299379	-1963866
3824	3696	LAIN'S NAVI	40e0b61b13f6c284	3708208	-4249889	-2171700
3825	3697	SOLITUDE	40e0b8d3a0edf28e	3952848	-4479972	-1933892
3826	3698	MONDAY	40e0bb051b52f002	5179984	-4424194	-1495125
3827	3699	ASKEW 178	40e0bf06e464ec84	4537104	1660531	4552191
3828	3700	DARK STAR	40e0bf2646d13020	3883920	-4546144	-1942429
3829	3701	ETTER-SET	40e0c616461da42b	5486768	-4730587	-1323516
3830	3702	WOLF S0-2	40e0c65177b840e7	4773200	-4851613	-1483503
3831	3703	ASKEW 4	40e0c8d69d60f9c6	2067504	-5563906	-2988222
3832	3704	TEXACO III	40e0d7cae1c0122c	3301424	-4840099	-2158700
3833	3705	ALUNDRA	40e0e02bc2e0a4f7	4973200	-4867216	-1427823
3834	3706	SIENA	40e0e0cca6f1212c	3363568	-4274032	-2404452
3835	3707	ASKEW 5	40e0e3c4a900ed20	1653936	-6180511	-3383836
3836	3708	YITHEASTER	40e0e513b5a9176a	5248912	-5047794	-1305909
3837	3709	ZAMMARKAND	40e0e91eb38fcb23	3952848	-4679972	-1872131
3838	3710	VACUITY	40e0e99a4e2e0933	3025712	-4803498	-2383158
3839	3711	ASTRA	40e0eb61a044bb55	5179984	-5034153	-1328806
3840	3712	VAMANA	40e0eb7dc0718ea9	4152848	-4342401	-1921549
3841	3713	GRADYRIA GATES	40e0ef6a4e970961	4673200	-5577290	-1330709
3842	3714	MIDNIGHT TRANSIT	40e0f357906e7e98	1257872	-6224855	-4433515
3843	3715	FOUNDER	40e0f4e54df13df0	4159632	-4836827	-1726052
3844	3716	YASHMAK	40e0f590b46acf83	4528560	-4391346	-1746540
3845	3717	NO FUEL HERE	40e0fb53d5e9455a	4221776	-4433564	-1858079
3846	3718	MANOLO	40e0ffa878b59b8a	3463568	-4138523	-2428710
3847	3719	OX	40e10777278d1205	3470352	-4485543	-2240447
3848	3720	RUNAWAY 2	40e10aa3e7067915	3852848	-5160565	-1755336
3849	3721	CLAY BALL	40e1119fa32b0463	1747152	-5428286	-3685875
3850	3722	EARIETH	40e11e0e25f2e600	4942128	-4922933	-1440887
3851	3723	POLONIA	40e1234aa0b4167f	3770352	-3942875	-2360976
3852	3724	SYL	40e124c11e3797b0	4190704	-4843563	-1729734
3853	3725	INSECURE	40e1269f60e501a6	4704272	-5164576	-1445736
3854	3726	LITHUANIA I	40e12a589206d71c	5317840	-5059032	-1306717
3855	3727	HEFTY SMURF	40e12b2f6484b766	4766416	-4282159	-1722711
3856	3728	BINARY MARY	40e12c0747002ec8	4259632	-5344350	-1544840
3857	3729	NLG'2873	40e12c706ba44f7b	2718928	-5334162	-2425086
3858	3730	LISTA 64	40e1426e4c91af41	3263568	-4312529	-2511501
3859	3731	FORMIDABLE	40e152ec738fe0fd	5211056	-4249377	-1602231
3860	3732	ASKEW 3	40e15bd431bf229e	2856784	-5334820	-2332653
3861	3733	PARSIMONY	40e1603775274840	4152848	-4642401	-1845811
3862	3734	KAPPA DENGIS	40e1642f95605da6	3508208	-5097063	-1991856
3863	3735	GYRIO	40e16628c833dea7	-2569264	5942531	-2333864
3864	3736	LISTA 90	40e171b989ad6653	3677136	-4540439	-2139806
3865	3737	LI+ STAR 1	40e171d95dced963	4942128	-5222933	-1384094
3866	3738	ETERNAL LIGHT	40e1771dbe7d3068	3163568	-4855203	-2328742
3867	3739	ARTANE	40e18387b0dbdfd7	4421776	-3901041	-2079375
3868	3740	AROLLARS	40e18ee7c925fe84	6231408	-4069308	-1418090
3869	3741	JOKE	40e18f6591b7c2f1	3777136	-4814201	-1977749
3870	3742	MASS FLAME	40e190c19c441a79	4252848	-4268974	-1981463
3871	3743	STURGILL'S STAR	40e19e3003154253	4873200	-4725936	-1566688
3872	3744	MULTIPLICA	40e1a2f3baa975d6	4152848	-4542401	-1914748
3873	3745	SAHAYA	40e1ac3744991ca3	3677136	-5323457	-1848970
3874	3746	KERRY	40e1bb47a748fb32	3370352	-4930627	-2185242
3875	3747	QUO VADIS	40e1bc58c6ceaee1	2674288	-4335112	-3133073
3876	3748	ICLE	40e1be5eecda7f91	3577136	-5125788	-1981876
3877	3749	WHIMAHU	40e1c21d478b8036	3608208	-4973476	-2026650
3878	3750	GREY STAR 2	40e1d03bbf84e311	3783920	-5333902	-1807549
3879	3751	FUEL STOP	40e1d05e6217ed1b	4804272	-4631733	-1639528
3880	3752	FUEL 1	40e1d094c62fb50e	4597488	-4487611	-1768375
3881	3753	FAMSOL	40e1d216e08b16f0	5179984	-4724194	-1491412
3882	3754	ASUKA	40e1d59a0e0245ae	5142128	-4600242	-1544061
3883	3755	BHAGAVAN	40e1d6404dc4f0e2	3877136	-4207596	-2239261
3884	3756	ATVATABAR	40e1ea54ecb5f5be	3677136	-4840439	-2061394
3885	3757	HEART OF ICE	40e1ed16b3263fb7	3677136	-5123457	-1948694
3886	3758	KENARSEC	40e1f069d41ef7ae	3094640	-5065016	-2343905
3887	3759	CASSUS	40e1f3074067c723	3946064	-4598171	-2025951
3888	3760	SANATANA	40e20c283476a7c7	3808208	-4326302	-2243413
3889	3761	ISLANDIA	40e21a614e0ebf44	1375376	-4768945	-5652465
3890	3762	SAPPHIRE	40e229bf6397ef08	5517840	-4407998	-1529357
3891	3763	LITHIUM HERE	40e22ea739a87e3e	4873200	-5285727	-1445634
3892	3764	RIVERA	40e2348ea85f8cbd	2267504	-5265996	-3122477
3893	3765	CALVAN	40e2369ea6cefac4	5004272	-4297120	-1734609
3894	3766	LISTA 66	40e246af0af61ecd	4559632	-4347912	-1888005
3895	3767	MILLENCOLIN	40e24b68baf1d829	3087856	-4383737	-2767901
3896	3768	CHILLED	40e2554093dddfd4	4866416	-4334985	-1779783
3897	3769	SRIVAS	40e256eab01113d4	3877136	-4307596	-2248909
3898	3770	DIFFERENT SIBILING	40e25703d75d32ba	4083920	-4439555	-2071621
3899	3771	KILLEBREW	40e257c801d7c1a4	3983920	-4627313	-2037785
3900	3772	GAS PUMP I	40e2697394715866	3608208	-5173476	-2020017
3901	3773	BURNING BEAUTY	40e26f983ea0f306	4014992	-4520064	-2080489
3902	3774	SCHEAM	40e27945486639ab	4259632	-5053825	-1757486
3903	3775	LAUMLAN	40e27bc5df6fda0b	3370352	-5130627	-2189113
3904	3776	SERENADE LAVENDER	40e27beb158c83d7	3952848	-5179972	-1848799
3905	3777	BASSALEG	40e27ca64c600bea	3601424	-4345494	-2419251
3906	3778	FAKE	40e28f7c00000000	4750000	-1650000	-4850000
3907	3778	FAKE	40e28f7c00000000	2750000	-4850000	-2850000
3908	3778	FAKE	40e28f7c00000000	-2850000	-4850000	2750000
3909	3778	FAKE	40e28f7c00000000	-4850000	-1650000	4750000
3910	3779	VIO	40e293879dbb4c96	4352848	-4195547	-2083180
3911	3780	PING PONG	40e29d298c42bf1b	4697488	-4226106	-1920267
3912	3781	SUKRITI	40e2a2ed3dc6a799	4390704	-4294299	-2024260
3913	3782	TRAVG	40e2a5c5dd6a153c	3677136	-5523457	-1880317
3914	3783	LIAMANTO	40e2ab7de269a577	4666416	-4712546	-1738732
3915	3784	DARTH BETA 1	40e2ac3ff0f17195	4628560	-4422675	-1868141
3916	3785	GREY SOURCE	40e2b07bdfafd218	4497488	-4949116	-1719600
3917	3786	ANGRA	40e2b9f06bf91eb3	4121776	-5030897	-1849493
3918	3787	BROWNIE	40e2bbf0cdc9499e	3914992	-4814989	-2035343
3919	3788	YU FRAJ	40e2ce364735b866	2574288	-4870940	-3071463
3920	3789	AGEAD	40e2d5596e9cd44a	4666416	-5329333	-1550966
3921	3790	LUXINA	40e2da64d12df4b6	3363568	-4338782	-2645725
3922	3791	CELESTIAL	40e2db0bf3a3e71a	2974288	-3903174	-3326370
3923	3792	ARERETREI	40e2df35ca75846c	3263568	-5240613	-2259806
3924	3793	CHARPRO	40e2f91b80784660	4052848	-5346901	-1793103
3925	3794	VORTIS	40e2fd6f33d5d6d1	2956784	-5439576	-2418075
3926	3795	PARADISE	40e2fe0032b37aa5	4904272	-4729963	-1676767
3927	3796	ANILK	40e2fe06d18ef56f	3977136	-4495690	-2175407
3928	3797		40e30462ba3f37aa	4252848	-4238193	-2160799
3929	3798	WANDERER 1	40e3081f26be4cfd	4290704	-4853395	-1871690
3930	3799	ANDOO	40e314ffb0c75e1b	2874288	-4331836	-3138717
3931	3800	VALENCIA	40e3253bb868c49d	4352848	-4395547	-2049316
3932	3801	ESTREYADOS	40e3298c8faa1916	5555696	-6149718	-1148640
3933	3802	DOMINANCE	40e32fae2cc1e282	4421776	-4201041	-2115273
3934	3803	BARREN LITHIUM A2	40e332c026b96f80	3532496	-4462138	-2494404
3935	3804	MAJOR	40e3334aea41466f	4321776	-4667302	-1949446
3936	3805	RUBY PORT	40e33c4ad35df270	4497488	-5149116	-1701105
3937	3806	SCOPE 01	40e33e4d9880ffb1	5142128	-4800242	-1596633
3938	3807	SPRAK	40e33f48b83ef93e	4973200	-4731331	-1675245
3939	3808	PILSON	40e343f2489a1e34	4046064	-4396081	-2218247
3940	3809	BESSIE12	40e35c19b344cb92	3663568	-4036433	-2681193
3941	3810	SEB	40e35c931ccfe21b	2460720	-4479008	-3597722
3942	3811	BLUEY	40e362c8cacd5be5	4052848	-4799379	-2041127
3943	3812	SELON	40e36864e79260cc	1244304	-6039060	-5289446
3944	3813	BABY T	40e370c40ff7f06f	3563568	-4371942	-2555511
3945	3814	DUDSTAR1	40e3738a0182d28c	5042128	-5211588	-1515986
3946	3815	TUK1506	40e3849e1bc88329	3777136	-4724017	-2240227
3947	3816	POSTO DE GASOLINA	40e38591377d65d3	6469264	-5056815	-1222128
3948	3817	BLUE SISTERS	40e3aac19d027083	4559632	-4547912	-1942346
3949	3818	CLEMENTINE	40e3b31b0dec693c	2981072	-4376854	-3092100
3950	3819	EXXENON	40e3b56400000000	2750000	-5150000	-2850000
3951	3819	EXXENON	40e3b56400000000	-2850000	-5150000	2750000
3952	3820	LIFELESS	40e3ba8e8c9cf991	4804272	-5431733	-1548329
3953	3821	ICHTENSTEIN	40e3c6e40f89c04c	3770352	-4542875	-2364699
3954	3822	MANY CHILD	40e3c7e3170aee4d	4635344	-5706207	-1531597
3955	3823	PRESIDIUM	40e3cf44cf3abe51	3708208	-5049889	-2166510
3956	3824	SPECUL	40e3de87659159eb	3877136	-4607596	-2277855
3957	3825	DEMNOS	40e3df7864772dd5	3263568	-5440613	-2292194
3958	3826	KHLER3L	40e3e95c40d776d3	3670352	-4880794	-2276340
3959	3827	EISENHERZ	40e3e9dd11a65db9	2560720	-4324092	-3683165
3960	3828	CHEVRON 2	40e3efdb4291f6b2	5173200	-4530193	-1742258
3961	3829	ARTIS	40e3f5fa58677f71	3908208	-4333788	-2413591
3962	3830	RYMTES	40e3fc60440cd61d	4766416	-5182159	-1657104
3963	3831	KARAD	40e4024e8ba2df8d	4014992	-4820064	-2117474
3964	3832	ALPHA DENGIS	40e404e9ce7078e8	4052848	-5199379	-1945650
3965	3833	BENSON	40e419fbdb751c83	3056784	-4990324	-2698764
3966	3834	FUEL 2	40e41f0f161c906c	3946064	-5098171	-2048368
3967	3835	CHIMERICAL	40e421516c4a6b89	-2033584	-4083278	4964847
3968	3836	KARIN	40e431891bacedee	4159632	-5736827	-1733065
3969	3837	FENISTIL II	40e43663c907fb42	4083920	-4839555	-2094433
3970	3838	GREY GOLD 01	40e436ed35cf8961	5617840	-4732480	-1557170
3971	3839	CIBVS LITHI	40e436ef071bd714	4659632	-4115032	-2159086
3972	3840	RAVAYA	40e43cf3d2d89386	2736432	-4489518	-3373768
3973	3841	FANIRINA	40e43fc42269c140	3739280	-4904750	-2261156
3974	3842	TIRTHA	40e44902594e4655	4452848	-4322120	-2158611
3975	3843	HEARTBEAT	40e44a11d1a0b20d	3983920	-5227313	-1995302
3976	3844	YELLOW GEM	40e4548c5eac07ea	3056784	-5190324	-2624302
3977	3845	XNO19	40e4668018c805ad	4521776	-4234779	-2181869
3978	3846	OLD OX	40e46a75d770596d	2805360	-4443224	-3354369
3979	3847	WARANAS	40e477e5e8d98104	4077136	-4486435	-2291692
3980	3848	SAMON	40e483bfae25f68b	3501424	-5166672	-2322407
3981	3849	SEVEN-1	40e4a26cfabb610a	5579984	-4543688	-1666794
3982	3850	TURAM	40e4a663b50f02c5	4152848	-4818786	-2113321
3983	3851	BLUE BALL	40e4a677ef0b835f	3908208	-4533788	-2386804
3984	3852	VUREG BES	40e4c582b47380da	5273200	-4442754	-1815816
3985	3853	AQUITAINE	40e4ca9323903aea	1575376	-4741973	-5699916
3986	3854	BLUE KARMA	40e4cd0f7e0b6239	4566416	-5635813	-1655322
3987	3855	DISAPPOINTMENT	40e4d6797111dfe0	2674288	-5035112	-3169307
3988	3856	ITRIA	40e4d7582956e5fe	4052848	-5299379	-1987317
3989	3857	NEOLUME	40e4df85bb3d7f16	4283920	-4264038	-2340212
3990	3858	VB003	40e4e9177cc60c7c	4177136	-4377179	-2342188
3991	3859	OX ENIGMA	40e4ef10fa70e102	3050000	-4906409	-2864940
3992	3860	NU DENGIS	40e4fabcbbbf2162	3639280	-5335502	-2212754
3993	3861	ASEF	40e50149e1daafdc	4973200	-5331331	-1622489
3994	3862	NEWWFOUNDLAND	40e506454bd3afe8	2743216	-5238064	-2996572
3995	3863	OBSSESSIVE	40e51b5aac65fc10	3156784	-4918987	-2783767
3996	3864	BROWN BABLE	40e5229a1f67cfe3	1602512	-6248448	-4322770
3997	3865	NIRVANA	40e52992c65686aa	4083920	-5039555	-2105840
3998	3866	CENT I	40e52fed87ae73b7	4114992	-4825140	-2185370
3999	3867	PINKINY	40e538c0891af1fa	3670352	-4726447	-2505344
4000	3868	ILL	40e54cfb51773ff3	3570352	-5140459	-2376901
4001	3869	LAHRYSACK	40e54d1b14db1668	4246064	-4391901	-2339348
4002	3870	GRAY STAR 2	40e5528d694e2079	4452848	-4422120	-2217681
4003	3871	LITHIUM A3	40e55d9f22b91ef1	3456784	-4487646	-2820697
4004	3872	TUGAR	40e5754cdf5dd48a	4490704	-4735203	-2066666
4005	3873	BEAUTY JUNIOR	40e5795c9b30ba9f	3846064	-5800261	-1971425
4006	3874	DISPARINGEN	40e5880fcbf1a117	3663568	-4179686	-2879759
4007	3875	ALIS	40e5885885f2aefa	3701424	-4593245	-2593809
4008	3876	WOLF SO-3	40e588875a5a78b7	4352848	-4795547	-2112658
4009	3877	DELTA DENGIS	40e589957963006e	3946064	-5298171	-2109764
4010	3878	PAPYRUS	40e589eae6d8eca9	5066416	-4271710	-2038204
4011	3879	BETA 2007	40e58cdc28bec6e4	3470352	-5685543	-2236848
4012	3880	ETA DENGIS	40e58d728f3a8541	3877136	-5304946	-2146032
4013	3881	VS I	40e593a87ce1adaf	3770352	-5042875	-2324110
4014	3882	IKKY	40e5945b376afa8e	3663568	-4436433	-2719152
4015	3883	BETA DENGIS	40e5a686e90446c9	4152848	-5218786	-2045890
4016	3884	BRAIN DAMAGE	40e5ab85057e682c	6200336	-5325679	-1343998
4017	3885	QUICK STAR	40e5b7c398184501	4528560	-5391346	-1821751
4018	3886	ANNOYED	40e5bedc46433fcb	5279984	-5327180	-1583326
4019	3887	LICHEN	40e5c3d4d50bff4c	4835344	-5626190	-1638499
4020	3888	VIVENDIL	40e5cf62bedc3a5f	4459632	-4949965	-2023422
4021	3889	ACQUA MARINE	40e5d04aec217665	5179984	-6024194	-1431630
4022	3890	FUEL S06	40e5d4ccda56ae25	3632496	-4833795	-2546333
4023	3891	FENISTIL I	40e5e0627e208594	4252848	-4838193	-2177433
4024	3892	CHI DENGIS	40e5e499544455a3	4014992	-5420064	-2060371
4025	3893	UPSILON DENGIS	40e5e81319cefa3c	4083920	-5339555	-2057413
4026	3894	JADE SPHERE	40e5f2ecdb98f9a8	3256784	-5147061	-2681606
4027	3895	ALEXANDER_HAMILTON	40e5f915fc04d1d8	1461808	-4826102	-6378702
4028	3896	EPSILON DENGIS	40e5fb39aac2da2b	3977136	-5295690	-2137427
4029	3897	XNOL OX	40e604ec7a8dc5ba	3187856	-4905234	-2883857
4030	3898	NEVETS	40e609ed4442128a	3425712	-4744402	-2777059
4031	3899	HAKED FAKIA 2	40e610825c6b9d8d	6300336	-5214653	-1375418
4032	3900	UP 4 GRABS	40e616a0e0429e49	2429648	-5282527	-3524593
4033	3901	AUNFINT	40e61eae3d8c57dd	2691792	-4176126	-4029925
4034	3902	HAKAMAS	40e627b444296805	5755696	-5183956	-1520703
4035	3903	ARCO	40e633b092587e7f	2478224	-4137036	-4434968
4036	3904	PITSTOP 10	40e63409ac97b46a	2812144	-5346707	-3024287
4037	3905	THE ORION GATEWAY	40e6399b722f269c	5479984	-5133536	-1617992
4038	3906	LKENSPLY	40e63a010f5bc957	3494640	-4634583	-2810538
4039	3907	LARANA	40e63d5121813320	4146064	-4893991	-2244689
4040	3908	LISTA 49	40e63eed10953e5b	6262480	-4927275	-1476471
4041	3909	PSI DENGIS	40e64362e506a13e	3946064	-5398171	-2140461
4042	3910	ZETA DENGIS	40e64595ff173dea	4014992	-5320064	-2135424
4043	3911	TEAGGEA	40e65888c5746794	4390704	-5294299	-1968720
4044	3912	MU DENGIS	40e65b28d40cc6e6	4046064	-5296081	-2136675
4045	3913	NOVHINA	40e65cc223d54dc8	3563568	-4722361	-2721466
4046	3914	YMIR	40e65d06ef1aa976	2498576	-5228726	-3505735
4047	3915	UL	40e66a75ebb1a72a	4214992	-4830216	-2254873
4048	3916	BLUE OX	40e69f1b3d2c99a1	3525712	-4456324	-2948682
4049	3917	NUSE	40e6b026fbfade7e	3939280	-4643244	-2540327
4050	3918	GREY FOX1	40e6b5b593c77e47	3870352	-4936029	-2434530
4051	3919	LISTA 76	40e6b5e1949f8150	4277136	-4367924	-2489591
4052	3920	THETA DENGIS	40e6c477c5dfc677	3877136	-5407596	-2223971
4053	3921	ASKEW 7	40e6c58ebb7cbb20	2605360	-5598140	-3197526
4054	3922	DISTANTA	40e6d1a03a0c453d	2102512	-4698586	-4730620
4055	3923	XNO5	40e6d991426cd5e6	-2164656	-4074251	5306120
4056	3924	TAU DENGIS	40e6e1091b5fad7c	4114992	-5325140	-2138296
4057	3925	DAMIPHRA	40e6eaf349a0b3ce	4490704	-5135203	-2035309
4058	3926	LITHIUM... LOADS!	40e6f0bfceef71d7	4659632	-5103148	-1975794
4059	3927	QUERIS	40e6f737fadc5228	3463568	-5096107	-2664694
4060	3928	TAFFER	40e6fd067b307a2d	3256784	-4947649	-2921800
4061	3929	LAMBDA DENGIS	40e6fd86b9d97c97	4183920	-5251796	-2142812
4062	3930	GREY STAR 1	40e7088c307df51b	3977136	-5395690	-2198216
4063	3931	REMOVABLES	40e708ab25b01590	3901424	-4419817	-2735705
4064	3932	LARGE YELLOW STAR	40e70e93e899192f	4759632	-4727311	-2098670
4065	3933	RABBIT HOP	40e714682385ec66	3656784	-4128231	-3131101
4066	3934	PHI DENGIS	40e716ec34e0a679	4083920	-5439555	-2128652
4067	3935	TROTYL	40e718e5a62e2989	3456784	-4687646	-2919196
4068	3936	QUATTUOR	40e7222cd1f17b7d	3174288	-4345848	-3434396
4069	3937	EVEREST II	40e725f0d37f5d12	5855696	-5256586	-1540157
4070	3938	RIMMER	40e728562fec2982	5779984	-4363991	-1880236
4071	3939	BLUEPIN	40e72d07948b36ad	4177136	-4458332	-2548681
4072	3940	SIGMA DENGIS	40e7308af5a3f05c	4183920	-5351796	-2121000
4073	3941	OMNICRON DENGIS	40e734c03c8266f5	4114992	-5425140	-2128881
4074	3942	LEGION	40e734f270fe342b	3243216	-4161651	-3521309
4075	3943	MERCIA1	40e73de0a6cc7b51	3870352	-4636279	-2652638
4076	3944	SHELLEYSTAR	40e7494884183994	4290704	-5753395	-1931866
4077	3945	EDORIAN	40e749b4898b896c	3770352	-5242875	-2412732
4078	3946	GAMMA DENGIS	40e7549de58db3cd	4252848	-5238193	-2144832
4079	3947	THE SWARM	40e75e7c209698a1	4864240	1737155	5663932
4080	3948	NLG'0319	40e7811400000000	2950000	-5350000	-3050000
4081	3948	NLG'0319	40e7811400000000	-3050000	-5350000	2950000
4082	3949	NLG'7286	40e781534cd1e9df	2912144	-5332376	-3099987
4083	3950	XI DENGIS	40e78ccaa7b43bd6	4152848	-5418786	-2143247
4084	3951	PHOROUS	40e79cf8dcc688cb	4390704	-5394299	-2041809
4085	3952	SEVEN-2	40e7a3b97f0426da	5817840	-4550374	-1828775
4086	3953	ANKH MORPORK	40e7a8bec2529c63	4759632	-4827311	-2108874
4087	3954	BOTEQEER	40e7c2b3b2440855	5755696	-5283956	-1600035
4088	3955	IOTA DENGIS	40e7c4b4c3416e5f	4046064	-5396081	-2229556
4089	3956	MER DE NOMS	40e7d63570f84420	3670352	-5426447	-2451059
4090	3957	YAMUNA	40e7d8123eca95a9	4239280	-4182059	-2754402
4091	3958	UUNUS	40e7faa23333b55e	2605360	-5998140	-3142515
4092	3959	UMBRIEL	40e80c7fa9812739	4252848	-5338193	-2169450
4093	3960	HADEK FAKIA	40e80d1066cfbfa2	6093552	-5194976	-1556000
4094	3961	ORPHEUS A	40e82aba5f7556b2	3494640	-5134583	-2758312
4095	3962	PLONS	40e835fb84a34f65	4377136	-4125490	-2745837
4096	3963	RAKII	40e84f074c9b23cd	5855696	-5122770	-1659619
4097	3964	PI DENGIS	40e863edc2bdf27d	4146064	-5393991	-2233581
4098	3965	ASCS 4	40e86617f9443ad3	5204272	-4731435	-2029297
4099	3966	BLEU	40e87eb1f22dfe2d	2616080	-4252342	-4509480
4100	3967	CAETANO1	40e888b21d6cf00c	3832496	-4646036	-2821847
4101	3968	LONELY GOLD	40e88976bcd78dc9	5404272	-4296822	-2164045
4102	3969	YREA	40e8906a5f0eddd2	5648912	-5385991	-1653487
4103	3970	CLAYMOP	40e89582955e7d5e	2460720	-5427705	-3769680
4104	3971	LISTA 39	40e89a53a2fc95a9	5166416	-4624536	-2108908
4105	3972	STIR FRY	40e89e36c19352c8	5573200	-4287221	-2110098
4106	3973	KAMEHA	40e8a548bfedf9de	5717840	-5225891	-1689187
4107	3974	SPARKLING SOURCE	40e8a64cc89f38a7	4277136	-4341911	-2718354
4108	3975	NOTAUR	40e8ac78a3c72b4d	4314992	-5035292	-2325733
4109	3976	FANDRI KAZ	40e8b11d41aa074b	5786768	-5225532	-1672311
4110	3977	INFANTUS	40e8c18bd4a44ee5	4177136	-4758332	-2550808
4111	3978	UNIET	40e8c3b6a214a874	4521776	-5034779	-2227769
4112	3979	LITH03	40e8c9a46e4cb496	3312144	-4406123	-3478562
4113	3980	LISTA 35	40e8f88c441b580d	3694640	-4703830	-2942661
4114	3981	TEDIOUS	40e90d4d297c0d8a	3832496	-4746036	-2820713
4115	3982	USELESS GREY	40e910c32b27c885	3770352	-5281363	-2577971
4116	3983	FOR THE NONCE	40e9138ccd433a90	3970352	-4722267	-2739145
4117	3984	ALAN PARSONS	40e9170f38d1921b	4621776	-4737445	-2346815
4118	3985	PAUL'S STAR	40e922fae965483f	4821776	-4404922	-2423773
4119	3986	RHO DENGIS	40e931ce012c775c	4214992	-5430216	-2254357
4120	3987	KLATCH	40e93a5034cc807a	4966416	-4880599	-2131537
4121	3988	NLG'5220	40e942453854266a	2767504	-5338228	-3501535
4122	3989	NLG'1004	40e94a8c18af1dd0	2353936	-5345300	-4116543
4123	3990	MAGFOR	40e94bee57dcca13	4959632	-4228170	-2470531
4124	3991	NOTAUR II	40e951bda54f191d	4314992	-4935292	-2434943
4125	3992	BLUE CALX	40e95485e4f4564a	4114992	-5625140	-2241123
4126	3993	ALEXIA	40e96fb52ca4f0b0	5342128	-5477551	-1780263
4127	3994	REYNA DE HIELO	40e98d6a41fc955e	4352848	-5795547	-2074406
4128	3995	VICEROY	40e990cee0e5fe3e	4446064	-4487721	-2624130
4129	3996	LISTA 9	40e99f31e754f181	5366416	-4261260	-2294659
4130	3997	SIGMA DULLIS	40e9a6a23d6e7084	4459632	-6049965	-1947067
4131	3998	LITHIUM A4	40e9c1af987de85a	3312144	-4506123	-3534321
4132	3999	KIELBASA	40e9cc3e3e04b5b3	2547152	-4630355	-4479648
4133	4000	COMPULSIVE	40e9d127c3b3bf3b	3074288	-5074511	-3389200
4134	4001	TEJAK JIM	40e9e08ccfabe942	6262480	-5136125	-1647648
4135	4002	KANOPI	40ea038f188cc9df	1964656	-5605759	-4837428
4136	4003	CRYSION	40ea1b080d339022	3456784	-5387646	-2870729
4137	4004	OMEGA DENGIS	40ea22d2c91b715a	4314992	-5235292	-2369456
4138	4005	YERN	40ea269e63254d18	4270352	-4415428	-2840399
4139	4006	NOTAUR III	40ea329532121db7	4277136	-4967924	-2525011
4140	4007	HAKALEM	40ea3863270e3ae3	6362480	-5170846	-1632221
4141	4008	MALAKIS	40ea3ed0c01362e8	4132496	-4198862	-3097695
4142	4009	SOLITIA	40ea56b9fe0fb1c4	4177136	-5058332	-2552934
4143	4010	HAMIDAS	40ea6ac723a8a01b	5817840	-5150374	-1805571
4144	4011	RIGEL	40ea98ed34886efe	4821776	-4604922	-2453236
4145	4012	LUMINAIRE	40eaa955154c0610	5435344	-4348285	-2310302
4146	4013	FURY	40eab7cbbab91f5c	2371440	-4775093	-4832136
4147	4014	LISTA 48	40eab97d7b77bec6	6055696	-4869327	-1856127
4148	4015	FATALIST	40eaeef785d22ee5	4759632	-5627311	-2059434
4149	4016	OASIS SPACE GAS	40eaf58dc5c62d53	3863568	-4663265	-3064490
4150	4017	FUEL 3	40eb01bc45c0954e	2064656	-5529027	-4845140
4151	4018	JOLLIGINKI	40eb0ffd939e60ca	3160720	-4132452	-4243297
4152	4019	VINCE LOMBARDI	40eb1927d93fc3d8	2578224	-4648701	-4630407
4153	4020	GEEWEDAK	40eb1b9dde15d11c	6193552	-5224215	-1715792
4154	4021	GAMMA JENAN	40eb379ee6273011	4966416	-6018883	-1864728
4155	4022	JEKAXOM	40eb3bf8f977bee9	5779984	-5163991	-1868674
4156	4023	EXXXON	40eb3d5eaca7106a	4301424	-4141891	-3131279
4157	4024	HOVEL	40eb42e8745cfacd	3587856	-4660150	-3339201
4158	4025	KA HAKAM	40eb5444cb48fac5	5848912	-5120625	-1868781
4159	4026	EVOKER	40eb5aa3a67e8614	4070352	-5060192	-2719899
4160	4027	SOHO	40eb68e65729fc9e	3381072	-4748191	-3496654
4161	4028	RUNAWAY 4	40eb7c90a35a46b8	4414992	-5240367	-2433095
4162	4029	LISTA 15	40eb9c12722979da	-2426800	-4065337	5731396
4163	4030	EMILY'S STAR	40eba15599e2ec2e	2722864	-4994119	-4161303
4164	4031	JEQOGEK	40ebaa06b3fbad54	5779984	-5063991	-1935655
4165	4032	FAT CHANCE	40ebb96600eeb772	6193552	-5324215	-1721844
4166	4033	RICTUS	40ebca0b5a4adedb	4414992	-5140367	-2507740
4167	4034	CHADWICKUS	40ebcd550806993f	3563568	-5622361	-2841865
4168	4035	PHILLIPS 66	40ebd64fdf3849c8	3787856	-4303144	-3497643
4169	4036	GREY SOURCE 01	40ebd71bf5895923	4652848	-5144193	-2382140
4170	4037	CARYN	40ebf441c0f65f3f	4583920	-4900762	-2548445
4171	4038	YARPISHRIA	40ebfb17c339752a	4421776	-6101041	-2124173
4172	4039	GHOSTTRAINSIGMA	40ec15b3899df408	4590704	-5845035	-2143554
4173	4040	FAX DURA	40ec2eca218b1f1b	4677136	-4330901	-2849413
4174	4041	MYRTO	40ec4a80a517d448	4577136	-4540157	-2788136
4175	4042	GALTHERG	40ec5b2fd0d2bd87	4928560	-5278806	-2232144
4176	4043	UZLAE	40ec798e36541951	5873200	-4131687	-2403194
4177	4044	PAENEVITA	40ec822a94168a0a	5121776	-4075066	-2797361
4178	4045	3 LIL MARIANNES	40ec827e80fadb22	6431408	-5601853	-1620636
4179	4046	ASKEW 196	40ec959130a4906e	5264240	2142229	5191049
4180	4047	OMICRON PERCEI	40eca6618ea8b9fe	3763568	-5569852	-2799046
4181	4048	ASTRO PATH A5	40ecb301c62f8204	3267504	-4513745	-3985174
4182	4049	YEGEE WEDAK	40ecb97379cdabf8	6224624	-5225192	-1808697
4183	4050	OCEANA	40ecbaa6308727e8	1975376	-4755210	-6263722
4184	4051	MORCHINIA	40ecc0fcef5b1c81	4070352	-5460192	-2649636
4185	4052	YELL	40ed047e13fefd79	3887856	-4324641	-3534520
4186	4053	ETHYL	40ed15b127d332a7	4852848	-4423564	-2774764
4187	4054	OSTGARDR	40ed1c504dec3366	5266416	-4848653	-2334774
4188	4055	BROWN EXXON	40ed449f94fbd425	3574288	-4362269	-3844341
4189	4056	SCAARAT	40ed491c74739ce7	4283920	-6064038	-2308770
4190	4057	DELUSION	40ed4b26abfaccb9	2288944	-4542138	-5770409
4191	4058	ASKEW 177	40ed580bf981c073	4888528	2378117	5169362
4192	4059	SOUTHERN SUN	40ed611236c294e1	4659632	-6303148	-2048616
4193	4060	KAFMAD	40ed983a6cd63a82	6017840	-5099340	-1975097
4194	4061	FLAK	40ed993363fdacef	3863568	-5334343	-2941232
4195	4062	ASKEW 199	40edb2006030d39c	5226384	2258277	5152754
4196	4063	ANCALIGON	40edb4c873950df6	5259632	-4541345	-2547047
4197	4064	FIRST-ZERO	40edf0668e28583c	3236432	-4900864	-3865708
4198	4065	FALKEM	40edf73d4269bcc0	6086768	-5189406	-1942903
4199	4066	ASKEW 198	40edfe4812676438	5264240	2242229	5204013
4200	4067	NIGHTFALL	40ee050b2ea2f5ab	4163568	-4304169	-3430689
4201	4068	BLAETH	40ee076a8cc772e8	3963568	-4820590	-3218725
4202	4069	JEEQANEK	40ee153286b016f5	5779984	-5242109	-2033366
4203	4070	ASKEW 197	40ee1f8398c44214	5126384	2309909	5209831
4204	4071	LOVE! :)	40ee5afe32086958	4377136	-5125490	-2771029
4205	4072	LISTA 40	40ee6bee6e96613a	5773200	-4650198	-2320727
4206	4073	IMPOTENT	40ee78fbede7e051	3812144	-4134466	-3959594
4207	4074	FUEL 2837	40ee900bb0d4fcdc	4270352	-4818087	-3042167
4208	4075	SHMILOS	40ee96c831d5c1ef	3870352	-6136279	-2637786
4209	4076	HARCOR	40ee96cff1009f2f	3153936	-4261063	-4661503
4210	4077	EMMA YA	40eea8996d49c58b	3129648	-4755058	-4219207
4211	4078	ZIOYS	40eed16f2b97d855	4401424	-4420713	-3243772
4212	4079	ARID	40eedd00e3558026	6048912	-5024188	-2079836
4213	4080	ONE NO-ONE	40eee90cf784fd5a	3650000	-5049404	-3434796
4214	4081	FENWICK	40ef053017850884	4470352	-4327919	-3283633
4215	4082	LITHIUM A6	40ef06cd3240d518	3298576	-4510833	-4270517
4216	4083	BLUCHANGE	40ef317d1d9f94c1	3512144	-4877460	-3729284
4217	4084	YRTYRION	40ef3bf066b82bc2	5473200	-5334019	-2191107
4218	4085	CHROME SKY	40ef8a12d3d1042d	5973200	-4244248	-2547856
4219	4086	AVUTZ	40ef9b39f57e8e49	5252848	-4172558	-2953297
4220	4087	PROMISING	40efb9c3f47fd767	5453520	1874551	6355742
4221	4088	GEETOO-1	40f0066f9a818915	5811056	-5224298	-2162115
4222	4089	ION	40f014c180ce37ee	4018928	-4289397	-3820926
4223	4090	LI+	40f0268a00000000	3850000	-4350000	-3950000
4224	4090	LI+	40f0268a00000000	-3950000	-4350000	3850000
4225	4091	NO LITHIUM	40f02c82507d1295	3574288	-4605873	-4024132
4226	4092	MARBLES	40f05cf769e6019c	6179984	-4254053	-2549392
4227	4093	KETA	40f0802472e7308f	5948912	-5837943	-1946082
4228	4094	ELWYTH	40f0b18e77d7f401	5028560	-5841207	-2327894
4229	4095	YELLOW HALO	40f0c3a7b69a5594	4470352	-4627919	-3319077
4230	4096	HOLLAND	40f0edc0e0ed5018	4470352	-5039591	-3077848
4231	4097	SPECLAX	40f0f2dd610a2ab8	4546064	-5785631	-2639428
4232	4098	EPOS	40f0f7ed314f5aa2	4952848	-5223912	-2686282
4233	4099	FELIOS	40f0ff91b61cb352	4777136	-4821646	-3022755
4234	4100	SEVEN-3	40f11faa21957728	6079984	-4751067	-2428084
4235	4101	PENTORVA	40f13b25ccf0c4b5	5159632	-4993237	-2739496
4236	4102	SHOGUN	40f13f85f66f28c8	4877136	-4743462	-3053809
4237	4103	GRADYRIA	40f14365a5ac4211	4990704	-5477580	-2586619
4238	4104	GAMA2007	40f1437ce4f5eed1	4514992	-5945443	-2634212
4239	4105	WIT	40f1487e44de625b	5773200	-4956989	-2473711
4240	4106	SEARCH ME BABY	40f14fc6d8aa8d40	2722864	-6294119	-4137490
4241	4107	MESHUGGAH	40f15d2d7f892f24	4081072	-4229104	-4120847
4242	4108	MEKI JEDOO	40f16f210ec9de50	6217840	-5348306	-2147354
4243	4109	PALMYRA	40f1c208c5819dff	3405360	-5347404	-3994355
4244	4110	STAR ISLAND	40f1c7a16f61d815	3687856	-5881647	-3357485
4245	4111	BLYA NUSHA	40f1d88e00000000	5650000	-2250000	-5750000
4246	4111	BLYA NUSHA	40f1d88e00000000	-5750000	-2250000	5650000
4247	4112	GRAY FOOD	40f1fa135d24876e	5873200	-4731312	-2649826
4248	4113	ASTRO PATH A7	40f208755149483c	3353936	-4493906	-4900610
4249	4114	LISTA 10	40f20af4ca30e252	5966416	-4240361	-2921107
4250	4115	BEENHERE	40f2145be9a57165	6355696	-5924341	-1966726
4251	4116	LISTA 47	40f222d854e28f20	6417840	-4766199	-2428528
4252	4117	JACKPOT	40f243feaba47aaf	4043216	-4320747	-4282607
4253	4118	BINARY BLUE	40f24d7f9ec106b4	5046064	-4675182	-3177785
4254	4119	HEADLIGHT	40f24f6b5828c0b3	4294640	-4842645	-3606155
4255	4120	ALGERON	40f27301b93c1d07	3781072	-5219529	-3829061
4256	4121	ASTRO PATH A8	40f2961acc1fa648	3353936	-4506784	-5036542
4257	4122	ROCKY	40f29cbb2d5a36a0	5190704	-5228316	-2809120
4258	4123	GEETOO-2	40f2acf26d4e3ff5	5735344	-5259333	-2535968
4259	4124	MANY HABITALE	40f2b436c515d6ac	6273200	-4059677	-3008243
4260	4125	NATHOS	40f2c10371a08d3f	4401424	-5320713	-3280121
4261	4126	GREASYKIDSTUFF	40f2c3e5d550962d	4187856	-4758060	-3857377
4262	4127	NAVEL	40f30342031e4ea9	4174288	-4121365	-4526691
4263	4128	MARKLAND	40f33118c941bc7f	5177136	-4515695	-3362491
4264	4129	ZLING	40f336474fb51cb5	4074288	-4350028	-4440065
4265	4130	OLD YELLER	40f3480351038efa	5190704	-5528316	-2752182
4266	4131	LISTA 41	40f34a55ea1b7385	6311056	-4634471	-2701459
4267	4132	LISTA 11	40f35061e38ad4e5	5966416	-4261492	-3111407
4268	4133	TRIP	40f35211876d9728	2857872	-4542468	-6096007
4269	4134	SOLITARY CONFINEMENT	40f3986361c8c420	6217840	-5848306	-2207199
4270	4135	KEEBOOMI	40f3a6bfe3208678	6179984	-5354053	-2432667
4271	4136	TWIN HARBOR	40f3c406065d9894	4632496	-4863930	-3593107
4272	4137	MEYSSON	40f3e1c90345423a	3856784	-5957481	-3544308
4273	4138	ASCS 5	40f3f13ba0e0c6e4	6142128	-5217859	-2548733
4274	4139	POSEIDON	40f452755512dcfe	6073200	-5011030	-2735168
4275	4140	SEVEN-4	40f46177acd7bb58	6173200	-4785353	-2825891
4276	4141	MILKA	40f47065e24bcd2e	4363568	-5387748	-3560998
4277	4142	ASKEW 176	40f48cd6dd173f2d	5133168	2912452	5630290
4278	4143	GEETOO-3	40f4ac400c6cec44	5697488	-5266414	-2822032
4279	4144	BROWN RUNOFF	40f4c4c92d38212a	3474288	-6241701	-3922838
4280	4145	BIGJIM	40f4c901413a8d9f	3818928	-6260735	-3560794
4281	4146	LIGHTNING	40f509cfb41c8975	4181072	-4821938	-4274269
4282	4147	CASSUN LEFAM RUSS	40f51d4600000000	6150000	-2250000	-6250000
4283	4147	CASSUN LEFAM RUSS	40f51d4600000000	-6250000	-2250000	6150000
4284	4148	DUSTATOM	40f56dd8a71ee695	5866416	-5015831	-2982963
4285	4149	LI+ STATION 001	40f5b82816f4e79f	5421776	-5345209	-3069734
4286	4150	BABY BLUE	40f5f4674f91c1e9	6159632	-4245248	-3438980
4287	4151	ASTRO PATH A9	40f61f8cbe4c779a	3478224	-4546662	-5730051
4288	4152	ROMEL	40f636e81790a65d	4443216	-4365831	-4690636
4289	4153	LONESOME	40f637e5c95c32cf	5452848	-5225703	-3193770
4290	4154	CIPANGO	40f6da8da08b6323	5652848	-4947777	-3346875
4291	4155	GEETOO-4	40f6ee78fa27e834	5659632	-5271442	-3148295
4292	4156	LISTA 86	40f74a0cc9578ec8	5859632	-5010613	-3249035
4293	4157	CHANIA	40f7e6fa6fc0e4a4	4198576	-4521282	-5157453
4294	4158	DAY BREAK	40f7f2d32c56a373	4463568	-6228073	-3528605
4295	4159	PULSAR-2	40f850955a6c15f0	3578224	-4820089	-5774411
4296	4160	PADRE	40f87a89e4fca4c6	5790704	-5142669	-3366881
4297	4161	B014	40f8923c649235cc	4060720	-4579038	-5412646
4298	4162	OLMESTRAN	40f8b6ba7da2c84b	4418928	-5446723	-4205784
4299	4163	GEETOO-5	40f950e9fbf0a72d	5652848	-5347777	-3430170
4300	4164	LITHIUM A10	40fa0ff78c4106e0	3671440	-4630367	-6279456
4301	4165	UNWORTHY	40fa44f695210278	5508208	-4849613	-4028028
4302	4166	LITH05	40fa50f875dd778b	4022864	-4838605	-5537696
4303	4167	LITTLEYELLOW	40fa655f976fcf7b	6183920	-4134481	-4228760
4304	4168	META-1	40fb2366443e9057	4053936	-4740501	-5784171
4305	4169	SQUIGY	40fb51dbbe8bf327	5112144	-4110303	-5325494
4306	4170	VANDAATHI	40fb5afc3aa9163e	3622864	-6144258	-5033635
4307	4171	GEETOO-6	40fbf786667972fb	5577136	-5378673	-3818720
4308	4172	WORTHY	40fc6521d258ebcd	5263568	-5119714	-4315952
4309	4173	ALMEIN	40fccc9ad1a1ba4a	4974288	-4454208	-5324018
4310	4174	GHOSTIS	40fda65589eb3f2b	6052848	-4994305	-4017409
4311	4175	WADE	40fded9a00000000	4650000	-5550000	-4750000
4312	4175	WADE	40fded9a00000000	-4750000	-5550000	4650000
4313	4176	MAJOR-1	40fe593cf31893c3	4285008	-4736436	-6124845
4314	4177	ALTUS	40fe64c4d86fe5da	5408208	-5842128	-3940198
4315	4178	GEETOO-7	40fec5997cf362f1	5570352	-5346778	-4231936
4316	4179	ATTEMPT	40fec92ada07aec8	5946064	-5256373	-4034547
4317	4180	ASKEW 175	40fee7eb541c7882	5453520	3674551	6317142
4318	4181	MOU	40fef86dfbc774bc	6221776	-5252973	-3881393
4319	4182	ADMIRAL FOCAL	41004feb00000000	4650000	-6050000	-4750000
4320	4182	ADMIRAL FOCAL	41004feb00000000	-4750000	-6050000	4650000
4321	4183	GEETOO-8	41008c81f67c7192	5670352	-5342272	-4475298
4322	4184	GEETOO-9	4101a9e439636ab4	5763568	-5248953	-4783062
4323	4185	COATEZ	4101c85f741c7914	6263568	-4228354	-5500405
4324	4186	GEETOO-10	410225371d180b92	5625712	-5341695	-4946514
4325	4187	TRISTARIA	4102dc5d32b3b775	4516080	-5386974	-6351020
4326	4188	GEETOO-11	4104009e8c34349f	5756784	-5425266	-5246522
4327	4189	GEETOO-12	410524ad1175c892	5787856	-5439868	-5501181
4328	4190	NEVAEH	41066c1c658bb941	4853936	-5878081	-6437847
4329	4191	GEETOO-13	4106a4435c339390	5712144	-5524314	-5877878
4330	4192	GEETOO-14	410826987c5b90d0	5774288	-5587050	-6132532
4331	4193	LLAMA	4108f531f849042c	5567504	-5805982	-6324991
